Unity Editor version:    6000.5.3f1 (c2eb47b3a2a9)
Branch:                  6000.5/staging
Build type:              Release
Batch mode:              YES
macOS version:           Version 15.2 (Build 24C101)
Darwin version:          24.2.0
Architecture:            arm64
Running under Rosetta:   NO
Available memory:        24576 MB
Date:                    2026-10-09T03:46:33Z
[Licensing::Module] Trying to connect to existing licensing client channel...
[Licensing::IpcConnector] Successfully connected to: "LicenseClient-georgeburtsev2007" at "2026-10-09T03:46:33.183621Z"

COMMAND LINE ARGUMENTS:
/Applications/Unity/Hub/Editor/6000.5.3f1/Unity.app/Contents/MacOS/Unity
-adb2
-batchMode
-noUpm
-name
AssetImportWorkerHW5
-projectPath
/Users/georgeburtsev2007/Desktop/AU/2026-1/Game Design and Development (CSX4515)/Unity/6810734_Final_Exam
-logFile
Logs/AssetImportWorkerHW5.log
-srvPort
50929
-parentPid
31564
-analyticsCloudUserId
18968465022964
-analyticsCloudProjectId
119fafb8-c94c-4152-bc3b-0de41fafd8b6
-analyticsLocalProjectId
6ae970de5df4a44eaba9034273b62b56
-noDiagnosticSwitchPersistentStore
-job-worker-count
5
-background-job-worker-count
8
-asset-garbage-collectors
1
-force-metal
-name AssetImport
Successfully changed project path to: /Users/georgeburtsev2007/Desktop/AU/2026-1/Game Design and Development (CSX4515)/Unity/6810734_Final_Exam
/Users/georgeburtsev2007/Desktop/AU/2026-1/Game Design and Development (CSX4515)/Unity/6810734_Final_Exam
[UnityMemory] Configuration Parameters - Can be set up in boot.config
    "memorysetup-temp-allocator-size-gi-baking-worker=262144"
    "memorysetup-temp-allocator-size-gi-baking-worker=262144"
    "memorysetup-temp-allocator-size-gi-baking-worker=262144"
    "memorysetup-temp-allocator-size-gi-baking-worker=262144"
    "memorysetup-temp-allocator-size-gi-baking-worker=262144"
    "memorysetup-temp-allocator-size-nav-mesh-worker=65536"
    "memorysetup-temp-allocator-size-audio-worker=65536"
    "memorysetup-temp-allocator-size-cloud-worker=32768"
    "memorysetup-allocator-temp-initial-block-size-main=262144"
    "memorysetup-allocator-temp-initial-block-size-worker=262144"
    "memorysetup-temp-allocator-size-preload-manager=33554432"
    "memorysetup-temp-allocator-size-gfx=262144"
    "memorysetup-temp-allocator-size-background-worker=32768"
    "memorysetup-temp-allocator-size-job-worker=262144"
    "memorysetup-bucket-allocator-granularity=16"
    "memorysetup-bucket-allocator-bucket-count=8"
    "memorysetup-bucket-allocator-block-size=33554432"
    "memorysetup-bucket-allocator-block-count=8"
    "memorysetup-main-allocator-block-size=16777216"
    "memorysetup-thread-allocator-block-size=16777216"
    "memorysetup-main-allocator-mimalloc-enabled=0"
    "memorysetup-gfx-main-allocator-block-size=16777216"
    "memorysetup-gfx-thread-allocator-block-size=16777216"
    "memorysetup-cache-allocator-block-size=4194304"
    "memorysetup-typetree-allocator-block-size=2097152"
    "memorysetup-profiler-bucket-allocator-granularity=16"
    "memorysetup-profiler-bucket-allocator-bucket-count=8"
    "memorysetup-profiler-bucket-allocator-block-size=33554432"
    "memorysetup-profiler-bucket-allocator-block-count=8"
    "memorysetup-profiler-allocator-block-size=16777216"
    "memorysetup-profiler-editor-allocator-block-size=1048576"
    "memorysetup-temp-allocator-size-main=16777216"
    "memorysetup-job-temp-allocator-block-size=2097152"
    "memorysetup-job-temp-allocator-block-size-background=1048576"
    "memorysetup-job-temp-allocator-reduction-small-platforms=262144"
Player connection [8249049664]  Target information:

Player connection [8249049664]  * "[IP] 192.168.1.103 [Port] 0 [Flags] 2 [Guid] 2473401223 [EditorId] 2473401223 [Version] 1048832 [Id] OSXEditor(0,Georges-MacBook-Pro.local) [Debug] 1 [PackageName] OSXEditor [ProjectName] Editor" 

Player connection [8249049664] Host joined multi-casting on [225.0.0.222:54997]...
Player connection [8249049664] Host joined alternative multi-casting on [225.0.0.222:34997]...
JobSystem: Creating JobQueue using job-worker-count value 5
Input System module state changed to: Initialized.
[Physics::Module] Initialized fallback backend.
[Physics::Module] Id: 0xdecafbad
Library Redirect Path: Library/
[Physics::Module] Selected backend.
[Physics::Module] Name: PhysX
[Physics::Module] Id: 0xf2b8ea05
[Physics::Module] SDK Version: 4.1.2
[Physics::Module] Integration Version: 1.0.0
[Physics::Module] Threading Mode: Multi-Threaded
Refreshing native plugins compatible for Editor in 2.91 ms, found 2 plugins.
Initialize engine version: 6000.5.3f1 (c2eb47b3a2a9)
[Subsystems] Discovering subsystems at path /Applications/Unity/Hub/Editor/6000.5.3f1/Unity.app/Contents/Resources/UnitySubsystems
[Subsystems] Discovering subsystems at path /Users/georgeburtsev2007/Desktop/AU/2026-1/Game Design and Development (CSX4515)/Unity/6810734_Final_Exam/Assets
Forcing GfxDevice: Metal
GfxDevice: creating device client; kGfxThreadingModeNonThreaded
 preferred device: Apple M4 Pro (high power)
Metal devices available: 1
0: Apple M4 Pro (high power)
Using device Apple M4 Pro (high power)
Initializing Metal device caps: Apple M4 Pro
Mac GPU Family: 2
Apple GPU Family: 9
MSL Version: 3.0
Has Float MSAA: 1
Has Float Filtering: 1
ReadWrite Texture Tier: 2
[Licensing::Client] Handshaking with LicensingClient:
  Version:                 1.18.3+d7ffd15
  Session Id:              c8fae4961f44403c96f8070eb80feb3c
  Correlation Id:          f2b3bff9271ab18776aeb74f1feb0283
  External correlation Id: 1278688410906995702
  Machine Id:              9M1zCBFGpa3+Osu+mvXHIeP3kTg=
[Licensing::Module] Successfully connected to LicensingClient on channel: "LicenseClient-georgeburtsev2007" (connect: 0.00s, validation: 0.00s, handshake: 0.21s)
[Licensing::IpcConnector] Successfully connected to: "LicenseClient-georgeburtsev2007-notifications" at "2026-10-09T03:46:33.389391Z"
[Licensing::Module] Licensing Background thread has ended after 0.21s
Initialize mono
Mono path[0] = '/Applications/Unity/Hub/Editor/6000.5.3f1/Unity.app/Contents/Resources/Scripting/Managed'
Mono path[1] = '/Applications/Unity/Hub/Editor/6000.5.3f1/Unity.app/Contents/Resources/Scripting/BCLExtensions/runtime/netstandard2.1'
Mono path[2] = '/Applications/Unity/Hub/Editor/6000.5.3f1/Unity.app/Contents/Resources/Scripting/MonoBleedingEdge/lib/mono/unityjit-macos'
Mono config path = '/Applications/Unity/Hub/Editor/6000.5.3f1/Unity.app/Contents/Resources/Scripting/MonoBleedingEdge/etc'
Using monoOptions --debugger-agent=transport=dt_socket,embedding=1,server=y,suspend=n,address=127.0.0.1:56644
CodeReloadManager initialized
Begin MonoManager ReloadAssembly
Registering precompiled unity dll's ...
Register platform support module: /Applications/Unity/Hub/Editor/6000.5.3f1/PlaybackEngines/WebGLSupport/UnityEditor.WebGL.Extensions.dll
Register platform support module: /Applications/Unity/Hub/Editor/6000.5.3f1/PlaybackEngines/MacStandaloneSupport/UnityEditor.OSXStandalone.Extensions.dll
Registered in 0.001099 seconds.
Native extension for OSXStandalone target not found
Native extension for WebGL target not found
Package Manager log level set to [2]
[Package Manager] Failed to launch server process. Reason: Unity was launched with the -noUpm command-line argument
[Package Manager] Unable to send message (not connected to server process).
[Package Manager] Cannot connect to Unity Package Manager local server
ScheduleIndexationOnStartup MainProcess:False IndexOnStartup:True
Mono: successfully reloaded assembly
- Finished resetting the current domain, in  0.224 seconds
Domain Reload Profiling: 497ms
	BeginReloadAssembly (63ms)
	RebuildCommonClasses (3ms)
	RebuildNativeTypeToScriptingClass (10ms)
	initialDomainReloadingComplete (28ms)
	LoadAllAssembliesAndSetupDomain (168ms)
		LoadAssemblies (64ms)
		AnalyzeDomain (127ms)
			TypeCache.Refresh (126ms)
				TypeCache.ScanAssembly (118ms)
	FinalizeReload (225ms)
		SetupLoadedEditorAssemblies (0ms)
			BeforeProcessingInitializeOnLoad (50ms)
			ProcessInitializeOnLoadAttributes (57ms)
			ProcessInitializeOnLoadMethodAttributes (68ms)
Initializing Unity extensions:
[Licensing::Client] Successfully resolved entitlement details
[Licensing::Module] License group:
  Id: 18968465022964-UnityPersXXXX
  Product: Unity Personal
  Type: Assigned
  Expiration: Unlimited
[CoreBusinessMetrics] Unexpected thread when updating session info.
========================================================================
Worker process is ready to serve import requests
Import Worker Mode flag is 0x00
Begin MonoManager ReloadAssembly
Native extension for OSXStandalone target not found
Native extension for WebGL target not found
[Package Manager] Failed to launch server process. Reason: Unity was launched with the -noUpm command-line argument
[Package Manager] Unable to send message (not connected to server process).
[Package Manager] Cannot connect to Unity Package Manager local server
[Package Manager] Failed to launch server process. Reason: Unity was launched with the -noUpm command-line argument
[Package Manager] Unable to send message (not connected to server process).
[Package Manager] Cannot connect to Unity Package Manager local server
ScheduleIndexationOnStartup MainProcess:False IndexOnStartup:True
Mono: successfully reloaded assembly
- Finished resetting the current domain, in  0.408 seconds
Domain Reload Profiling: 847ms
	BeginReloadAssembly (86ms)
		DisableScriptedObjects (3ms)
		CreateAndSetChildDomain (24ms)
	RebuildCommonClasses (5ms)
	RebuildNativeTypeToScriptingClass (10ms)
	initialDomainReloadingComplete (23ms)
	LoadAllAssembliesAndSetupDomain (314ms)
		LoadAssemblies (127ms)
		AnalyzeDomain (158ms)
			TypeCache.Refresh (112ms)
				TypeCache.ScanAssembly (101ms)
			BuildScriptInfoCaches (40ms)
			ResolveRequiredComponents (4ms)
	FinalizeReload (408ms)
		SetupLoadedEditorAssemblies (0ms)
			BeforeProcessingInitializeOnLoad (48ms)
			ProcessInitializeOnLoadAttributes (164ms)
			ProcessInitializeOnLoadMethodAttributes (54ms)
AcceleratorClientConnectionCallback - disconnected - :0
WARNING: Shader Unsupported: 'Universal Render Pipeline/VR/SpatialMapping/Wireframe' - All subshaders removed
WARNING: Shader Did you use #pragma only_renderers and omit this platform?
WARNING: Shader If subshaders removal was intentional, you may have forgotten turning Fallback off?
Shader Hidden/ChartRasterizerHardware is not supported: GPU does not support conservative rasterization
Shader Hidden/ChartRasterizerHardware is not supported: GPU does not support conservative rasterization
Launching external process: /Applications/Unity/Hub/Editor/6000.5.3f1/Unity.app/Contents/Helpers/UnityShaderCompiler
Launched and connected shader compiler UnityShaderCompiler after 0.02 seconds
Unloading 24 Unused Serialized files (Serialized files now loaded: 0)
Curl error 3: URL rejected: Error
Unloading 6432 unused Assets / (5.8 MB). Loaded Objects now: 7268.
Memory consumption went from 176.0 MB to 170.2 MB.
Total: 6.547709 ms (FindLiveObjects: 0.651959 ms CreateObjectMapping: 1.137541 ms MarkObjects: 3.721042 ms  DeleteObjects: 1.036875 ms)

========================================================================
Received Prepare
AcceleratorClientConnectionCallback - disconnected - :0
WARNING: Shader Unsupported: 'Universal Render Pipeline/VR/SpatialMapping/Wireframe' - All subshaders removed
WARNING: Shader Did you use #pragma only_renderers and omit this platform?
WARNING: Shader If subshaders removal was intentional, you may have forgotten turning Fallback off?
Shader Hidden/ChartRasterizerHardware is not supported: GPU does not support conservative rasterization
Unloading 24 Unused Serialized files (Serialized files now loaded: 0)
Unloading 24 unused Assets / (2.6 MB). Loaded Objects now: 7268.
Memory consumption went from 169.6 MB to 166.9 MB.
Total: 4.254542 ms (FindLiveObjects: 0.173833 ms CreateObjectMapping: 0.364083 ms MarkObjects: 3.499292 ms  DeleteObjects: 0.217000 ms)

Prepare: number of updated asset objects reloaded= 0
========================================================================
Received Import Request.
  Time of request: 2026-10-09T03:47:48.398742Z
  Time since last request: 14815.4138038330002 seconds.
  importAddress: GUID: e7e20cf203d444036b33029e2bd8434b - Path: Assets/Course Library/Materials - Importer: ScriptedImporter/UnityEditor.QuickSearchModule:UnityEditor.Search:ASIAI0B
Importing 'GUID: e7e20cf203d444036b33029e2bd8434b - Path: Assets/Course Library/Materials - Importer: ScriptedImporter/UnityEditor.QuickSearchModule:UnityEditor.Search:ASIAI0B' with importer (ScriptedImporter : UnityEditor.QuickSearchModule:UnityEditor.Search:ASIAI0B)
Imported 'GUID: e7e20cf203d444036b33029e2bd8434b' -> (Import Result ID: 'a5b7b993d94a4cf980e18b9fead4de41') in 0.024 seconds [static and dynamic dependencies]. Details - ImportResultOutputID=712e22f5c5d2ae28a4c2cc3330e03e4a DependenciesID=098ae240cb7ba30ce20559af29e65ffd StaticDependenciesID=563a9cb4120385e244d1b9ae39fa3044 
Number of updated asset objects reloaded before import = 0
Number of asset objects unloaded after import = 1
========================================================================
Received Prepare
AcceleratorClientConnectionCallback - disconnected - :0
WARNING: Shader Unsupported: 'Universal Render Pipeline/VR/SpatialMapping/Wireframe' - All subshaders removed
WARNING: Shader Did you use #pragma only_renderers and omit this platform?
WARNING: Shader If subshaders removal was intentional, you may have forgotten turning Fallback off?
Shader Hidden/ChartRasterizerHardware is not supported: GPU does not support conservative rasterization
Unloading 24 Unused Serialized files (Serialized files now loaded: 0)
Unloading 6420 unused Assets / (4.8 MB). Loaded Objects now: 7271.
Memory consumption went from 171.6 MB to 166.8 MB.
Total: 6.099000 ms (FindLiveObjects: 0.312583 ms CreateObjectMapping: 1.034667 ms MarkObjects: 3.720833 ms  DeleteObjects: 1.030625 ms)

Prepare: number of updated asset objects reloaded= 0
========================================================================
Received Import Request.
  Time of request: 2026-10-09T03:47:53.897883Z
  Time since last request: 5.467969667 seconds.
  importAddress: GUID: b11c18394933342b7bb74eff32f73780 - Path: Assets/Scripts/SumoCameraRoatet.cs - Importer: PreviewImporter
Importing 'GUID: b11c18394933342b7bb74eff32f73780 - Path: Assets/Scripts/SumoCameraRoatet.cs - Importer: PreviewImporter' with importer (PreviewImporter)
Imported 'GUID: b11c18394933342b7bb74eff32f73780' -> (Import Result ID: '711e7aac9280825b5dbbb3fb869592ec') in 0.001 seconds [static and dynamic dependencies]. Details - ImportResultOutputID=5bd9cb970177e34018914947e5b34348 DependenciesID=1f4f1d6f1421a2193b30373e75889295 StaticDependenciesID=1fbdbee746b3edbdd4f9445798845a8b 
Number of updated asset objects reloaded before import = 0
Number of asset objects unloaded after import = 0
========================================================================
Received Prepare
AcceleratorClientConnectionCallback - disconnected - :0
[Licensing::Client] Successfully resolved entitlement details
Begin MonoManager ReloadAssembly
Thread 0x34d41b000 may have been prematurely finalized
Native extension for OSXStandalone target not found
Native extension for WebGL target not found
[Package Manager] Failed to launch server process. Reason: Unity was launched with the -noUpm command-line argument
[Package Manager] Unable to send message (not connected to server process).
[Package Manager] Cannot connect to Unity Package Manager local server
[Package Manager] Failed to launch server process. Reason: Unity was launched with the -noUpm command-line argument
[Package Manager] Unable to send message (not connected to server process).
[Package Manager] Cannot connect to Unity Package Manager local server
ScheduleIndexationOnStartup MainProcess:False IndexOnStartup:True
Mono: successfully reloaded assembly
- Finished resetting the current domain, in  0.401 seconds
Domain Reload Profiling: 811ms
	BeginReloadAssembly (107ms)
		DisableScriptedObjects (3ms)
		CreateAndSetChildDomain (35ms)
	RebuildCommonClasses (5ms)
	RebuildNativeTypeToScriptingClass (9ms)
	initialDomainReloadingComplete (20ms)
	LoadAllAssembliesAndSetupDomain (269ms)
		LoadAssemblies (132ms)
		AnalyzeDomain (109ms)
			TypeCache.Refresh (7ms)
			BuildScriptInfoCaches (97ms)
			ResolveRequiredComponents (4ms)
	FinalizeReload (401ms)
		SetupLoadedEditorAssemblies (0ms)
			BeforeProcessingInitializeOnLoad (47ms)
			ProcessInitializeOnLoadAttributes (140ms)
			ProcessInitializeOnLoadMethodAttributes (52ms)
		AwakeInstancesAfterBackupRestoration (7ms)
WARNING: Shader Unsupported: 'Universal Render Pipeline/VR/SpatialMapping/Wireframe' - All subshaders removed
WARNING: Shader Did you use #pragma only_renderers and omit this platform?
WARNING: Shader If subshaders removal was intentional, you may have forgotten turning Fallback off?
Shader Hidden/ChartRasterizerHardware is not supported: GPU does not support conservative rasterization
Unloading 24 Unused Serialized files (Serialized files now loaded: 0)
Unloading 6431 unused Assets / (4.8 MB). Loaded Objects now: 7316.
Memory consumption went from 186.2 MB to 181.4 MB.
Total: 5.254125 ms (FindLiveObjects: 0.254750 ms CreateObjectMapping: 0.967334 ms MarkObjects: 3.197291 ms  DeleteObjects: 0.834208 ms)

Prepare: number of updated asset objects reloaded= 0
========================================================================
Received Prepare
AcceleratorClientConnectionCallback - disconnected - :0
WARNING: Shader Unsupported: 'Universal Render Pipeline/VR/SpatialMapping/Wireframe' - All subshaders removed
WARNING: Shader Did you use #pragma only_renderers and omit this platform?
WARNING: Shader If subshaders removal was intentional, you may have forgotten turning Fallback off?
Shader Hidden/ChartRasterizerHardware is not supported: GPU does not support conservative rasterization
Unloading 24 Unused Serialized files (Serialized files now loaded: 0)
Unloading 6420 unused Assets / (4.8 MB). Loaded Objects now: 7316.
Memory consumption went from 176.8 MB to 171.9 MB.
Total: 5.670875 ms (FindLiveObjects: 0.309667 ms CreateObjectMapping: 0.971333 ms MarkObjects: 3.422708 ms  DeleteObjects: 0.966916 ms)

Prepare: number of updated asset objects reloaded= 0
========================================================================
Received Import Request.
  Time of request: 2026-10-09T03:48:04.359477Z
  Time since last request: 10.454670375 seconds.
  importAddress: GUID: b11c18394933342b7bb74eff32f73780 - Path: Assets/Scripts/SumoCameraRoatte.cs - Importer: PreviewImporter
Importing 'GUID: b11c18394933342b7bb74eff32f73780 - Path: Assets/Scripts/SumoCameraRoatte.cs - Importer: PreviewImporter' with importer (PreviewImporter)
Imported 'GUID: b11c18394933342b7bb74eff32f73780' -> (Import Result ID: 'dc5fbf9d58649f4430ff4c2b9b7d8aa9') in 0.000 seconds [static and dynamic dependencies]. Details - ImportResultOutputID=5bd9cb970177e34018914947e5b34348 DependenciesID=fdb5bec9320b5498e2809a90f26baab2 StaticDependenciesID=70b3bb1371f982c8be6ec07ccb1224e8 
Number of updated asset objects reloaded before import = 0
Number of asset objects unloaded after import = 0
========================================================================
Received Import Request.
  Time of request: 2026-10-09T03:48:04.36787Z
  Time since last request: 0.000583708 seconds.
  importAddress: GUID: b11c18394933342b7bb74eff32f73780 - Path: Assets/Scripts/SumoCameraRoatte.cs - Importer: PreviewImporter
Importing 'GUID: b11c18394933342b7bb74eff32f73780 - Path: Assets/Scripts/SumoCameraRoatte.cs - Importer: PreviewImporter' with importer (PreviewImporter)
Imported 'GUID: b11c18394933342b7bb74eff32f73780' -> (Import Result ID: 'dc5fbf9d58649f4430ff4c2b9b7d8aa9') in 0.000 seconds [static and dynamic dependencies]. Details - ImportResultOutputID=5bd9cb970177e34018914947e5b34348 DependenciesID=fdb5bec9320b5498e2809a90f26baab2 StaticDependenciesID=70b3bb1371f982c8be6ec07ccb1224e8 
Number of updated asset objects reloaded before import = 0
Number of asset objects unloaded after import = 0
========================================================================
Received Import Request.
  Time of request: 2026-10-09T03:48:04.376068Z
  Time since last request: 0.000630584 seconds.
  importAddress: GUID: b11c18394933342b7bb74eff32f73780 - Path: Assets/Scripts/SumoCameraRoatte.cs - Importer: PreviewImporter
Importing 'GUID: b11c18394933342b7bb74eff32f73780 - Path: Assets/Scripts/SumoCameraRoatte.cs - Importer: PreviewImporter' with importer (PreviewImporter)
Imported 'GUID: b11c18394933342b7bb74eff32f73780' -> (Import Result ID: 'dc5fbf9d58649f4430ff4c2b9b7d8aa9') in 0.000 seconds [static and dynamic dependencies]. Details - ImportResultOutputID=5bd9cb970177e34018914947e5b34348 DependenciesID=fdb5bec9320b5498e2809a90f26baab2 StaticDependenciesID=70b3bb1371f982c8be6ec07ccb1224e8 
Number of updated asset objects reloaded before import = 0
Number of asset objects unloaded after import = 0
========================================================================
Received Import Request.
  Time of request: 2026-10-09T03:48:04.384059Z
  Time since last request: 0.001008833 seconds.
  importAddress: GUID: b11c18394933342b7bb74eff32f73780 - Path: Assets/Scripts/SumoCameraRoatte.cs - Importer: PreviewImporter
Importing 'GUID: b11c18394933342b7bb74eff32f73780 - Path: Assets/Scripts/SumoCameraRoatte.cs - Importer: PreviewImporter' with importer (PreviewImporter)
Imported 'GUID: b11c18394933342b7bb74eff32f73780' -> (Import Result ID: 'dc5fbf9d58649f4430ff4c2b9b7d8aa9') in 0.000 seconds [static and dynamic dependencies]. Details - ImportResultOutputID=5bd9cb970177e34018914947e5b34348 DependenciesID=fdb5bec9320b5498e2809a90f26baab2 StaticDependenciesID=70b3bb1371f982c8be6ec07ccb1224e8 
Number of updated asset objects reloaded before import = 0
Number of asset objects unloaded after import = 0
========================================================================
Received Import Request.
  Time of request: 2026-10-09T03:48:04.394686Z
  Time since last request: 0.002850042 seconds.
  importAddress: GUID: b11c18394933342b7bb74eff32f73780 - Path: Assets/Scripts/SumoCameraRoatte.cs - Importer: PreviewImporter
Importing 'GUID: b11c18394933342b7bb74eff32f73780 - Path: Assets/Scripts/SumoCameraRoatte.cs - Importer: PreviewImporter' with importer (PreviewImporter)
Imported 'GUID: b11c18394933342b7bb74eff32f73780' -> (Import Result ID: 'dc5fbf9d58649f4430ff4c2b9b7d8aa9') in 0.000 seconds [static and dynamic dependencies]. Details - ImportResultOutputID=5bd9cb970177e34018914947e5b34348 DependenciesID=fdb5bec9320b5498e2809a90f26baab2 StaticDependenciesID=70b3bb1371f982c8be6ec07ccb1224e8 
Number of updated asset objects reloaded before import = 0
Number of asset objects unloaded after import = 0
========================================================================
Received Prepare
AcceleratorClientConnectionCallback - disconnected - :0
Begin MonoManager ReloadAssembly
Thread 0x16c2df000 may have been prematurely finalized
Native extension for OSXStandalone target not found
Native extension for WebGL target not found
[Package Manager] Failed to launch server process. Reason: Unity was launched with the -noUpm command-line argument
[Package Manager] Unable to send message (not connected to server process).
[Package Manager] Cannot connect to Unity Package Manager local server
[Package Manager] Failed to launch server process. Reason: Unity was launched with the -noUpm command-line argument
[Package Manager] Unable to send message (not connected to server process).
[Package Manager] Cannot connect to Unity Package Manager local server
ScheduleIndexationOnStartup MainProcess:False IndexOnStartup:True
Mono: successfully reloaded assembly
- Finished resetting the current domain, in  0.369 seconds
Domain Reload Profiling: 765ms
	BeginReloadAssembly (108ms)
		DisableScriptedObjects (3ms)
		CreateAndSetChildDomain (37ms)
	RebuildCommonClasses (5ms)
	RebuildNativeTypeToScriptingClass (9ms)
	initialDomainReloadingComplete (19ms)
	LoadAllAssembliesAndSetupDomain (255ms)
		LoadAssemblies (119ms)
		AnalyzeDomain (110ms)
			TypeCache.Refresh (6ms)
			BuildScriptInfoCaches (99ms)
			ResolveRequiredComponents (4ms)
	FinalizeReload (369ms)
		SetupLoadedEditorAssemblies (0ms)
			BeforeProcessingInitializeOnLoad (48ms)
			ProcessInitializeOnLoadAttributes (142ms)
			ProcessInitializeOnLoadMethodAttributes (61ms)
		AwakeInstancesAfterBackupRestoration (10ms)
WARNING: Shader Unsupported: 'Universal Render Pipeline/VR/SpatialMapping/Wireframe' - All subshaders removed
WARNING: Shader Did you use #pragma only_renderers and omit this platform?
WARNING: Shader If subshaders removal was intentional, you may have forgotten turning Fallback off?
Shader Hidden/ChartRasterizerHardware is not supported: GPU does not support conservative rasterization
Unloading 24 Unused Serialized files (Serialized files now loaded: 0)
Unloading 6431 unused Assets / (5.2 MB). Loaded Objects now: 7319.
Memory consumption went from 183.8 MB to 178.7 MB.
Total: 5.706792 ms (FindLiveObjects: 0.313125 ms CreateObjectMapping: 1.014250 ms MarkObjects: 3.408708 ms  DeleteObjects: 0.970458 ms)

Prepare: number of updated asset objects reloaded= 0
========================================================================
Received Prepare
AcceleratorClientConnectionCallback - disconnected - :0
WARNING: Shader Unsupported: 'Universal Render Pipeline/VR/SpatialMapping/Wireframe' - All subshaders removed
WARNING: Shader Did you use #pragma only_renderers and omit this platform?
WARNING: Shader If subshaders removal was intentional, you may have forgotten turning Fallback off?
Shader Hidden/ChartRasterizerHardware is not supported: GPU does not support conservative rasterization
Unloading 24 Unused Serialized files (Serialized files now loaded: 0)
Unloading 6420 unused Assets / (4.8 MB). Loaded Objects now: 7319.
Memory consumption went from 174.3 MB to 169.5 MB.
Total: 5.821875 ms (FindLiveObjects: 0.306625 ms CreateObjectMapping: 1.096042 ms MarkObjects: 3.430916 ms  DeleteObjects: 0.987959 ms)

Prepare: number of updated asset objects reloaded= 0
========================================================================
Received Import Request.
  Time of request: 2026-10-09T03:48:16.181174Z
  Time since last request: 11.778805375 seconds.
  importAddress: GUID: b11c18394933342b7bb74eff32f73780 - Path: Assets/Scripts/SumoCameraRotate.cs - Importer: PreviewImporter
Importing 'GUID: b11c18394933342b7bb74eff32f73780 - Path: Assets/Scripts/SumoCameraRotate.cs - Importer: PreviewImporter' with importer (PreviewImporter)
Imported 'GUID: b11c18394933342b7bb74eff32f73780' -> (Import Result ID: 'b77fa42c7d5642c170c5babc0a3882eb') in 0.000 seconds [static and dynamic dependencies]. Details - ImportResultOutputID=5bd9cb970177e34018914947e5b34348 DependenciesID=518f99957b2ffe7b1d2639db2a3386fa StaticDependenciesID=31f0846b34b82c148dfdce0b411c71d8 
Number of updated asset objects reloaded before import = 0
Number of asset objects unloaded after import = 0
========================================================================
Received Import Request.
  Time of request: 2026-10-09T03:48:16.190965Z
  Time since last request: 0.002055583 seconds.
  importAddress: GUID: b11c18394933342b7bb74eff32f73780 - Path: Assets/Scripts/SumoCameraRotate.cs - Importer: PreviewImporter
Importing 'GUID: b11c18394933342b7bb74eff32f73780 - Path: Assets/Scripts/SumoCameraRotate.cs - Importer: PreviewImporter' with importer (PreviewImporter)
Imported 'GUID: b11c18394933342b7bb74eff32f73780' -> (Import Result ID: 'b77fa42c7d5642c170c5babc0a3882eb') in 0.000 seconds [static and dynamic dependencies]. Details - ImportResultOutputID=5bd9cb970177e34018914947e5b34348 DependenciesID=518f99957b2ffe7b1d2639db2a3386fa StaticDependenciesID=31f0846b34b82c148dfdce0b411c71d8 
Number of updated asset objects reloaded before import = 0
Number of asset objects unloaded after import = 0
========================================================================
Received Import Request.
  Time of request: 2026-10-09T03:48:16.198989Z
  Time since last request: 0.000251125 seconds.
  importAddress: GUID: b11c18394933342b7bb74eff32f73780 - Path: Assets/Scripts/SumoCameraRotate.cs - Importer: PreviewImporter
Importing 'GUID: b11c18394933342b7bb74eff32f73780 - Path: Assets/Scripts/SumoCameraRotate.cs - Importer: PreviewImporter' with importer (PreviewImporter)
Imported 'GUID: b11c18394933342b7bb74eff32f73780' -> (Import Result ID: 'b77fa42c7d5642c170c5babc0a3882eb') in 0.000 seconds [static and dynamic dependencies]. Details - ImportResultOutputID=5bd9cb970177e34018914947e5b34348 DependenciesID=518f99957b2ffe7b1d2639db2a3386fa StaticDependenciesID=31f0846b34b82c148dfdce0b411c71d8 
Number of updated asset objects reloaded before import = 0
Number of asset objects unloaded after import = 0
========================================================================
Received Import Request.
  Time of request: 2026-10-09T03:48:16.207138Z
  Time since last request: 0.001025875 seconds.
  importAddress: GUID: b11c18394933342b7bb74eff32f73780 - Path: Assets/Scripts/SumoCameraRotate.cs - Importer: PreviewImporter
Importing 'GUID: b11c18394933342b7bb74eff32f73780 - Path: Assets/Scripts/SumoCameraRotate.cs - Importer: PreviewImporter' with importer (PreviewImporter)
Imported 'GUID: b11c18394933342b7bb74eff32f73780' -> (Import Result ID: 'b77fa42c7d5642c170c5babc0a3882eb') in 0.000 seconds [static and dynamic dependencies]. Details - ImportResultOutputID=5bd9cb970177e34018914947e5b34348 DependenciesID=518f99957b2ffe7b1d2639db2a3386fa StaticDependenciesID=31f0846b34b82c148dfdce0b411c71d8 
Number of updated asset objects reloaded before import = 0
Number of asset objects unloaded after import = 0
========================================================================
Received Import Request.
  Time of request: 2026-10-09T03:48:16.216444Z
  Time since last request: 0.001733959 seconds.
  importAddress: GUID: b11c18394933342b7bb74eff32f73780 - Path: Assets/Scripts/SumoCameraRotate.cs - Importer: PreviewImporter
Importing 'GUID: b11c18394933342b7bb74eff32f73780 - Path: Assets/Scripts/SumoCameraRotate.cs - Importer: PreviewImporter' with importer (PreviewImporter)
Imported 'GUID: b11c18394933342b7bb74eff32f73780' -> (Import Result ID: 'b77fa42c7d5642c170c5babc0a3882eb') in 0.000 seconds [static and dynamic dependencies]. Details - ImportResultOutputID=5bd9cb970177e34018914947e5b34348 DependenciesID=518f99957b2ffe7b1d2639db2a3386fa StaticDependenciesID=31f0846b34b82c148dfdce0b411c71d8 
Number of updated asset objects reloaded before import = 0
Number of asset objects unloaded after import = 0
========================================================================
Received Prepare
AcceleratorClientConnectionCallback - disconnected - :0
Begin MonoManager ReloadAssembly
Thread 0x16c187000 may have been prematurely finalized
Native extension for OSXStandalone target not found
Native extension for WebGL target not found
[Package Manager] Failed to launch server process. Reason: Unity was launched with the -noUpm command-line argument
[Package Manager] Unable to send message (not connected to server process).
[Package Manager] Cannot connect to Unity Package Manager local server
[Package Manager] Failed to launch server process. Reason: Unity was launched with the -noUpm command-line argument
[Package Manager] Unable to send message (not connected to server process).
[Package Manager] Cannot connect to Unity Package Manager local server
ScheduleIndexationOnStartup MainProcess:False IndexOnStartup:True
Mono: successfully reloaded assembly
- Finished resetting the current domain, in  0.375 seconds
Domain Reload Profiling: 787ms
	BeginReloadAssembly (105ms)
		DisableScriptedObjects (4ms)
		CreateAndSetChildDomain (34ms)
	RebuildCommonClasses (5ms)
	RebuildNativeTypeToScriptingClass (9ms)
	initialDomainReloadingComplete (21ms)
	LoadAllAssembliesAndSetupDomain (272ms)
		LoadAssemblies (130ms)
		AnalyzeDomain (112ms)
			TypeCache.Refresh (6ms)
			BuildScriptInfoCaches (101ms)
			ResolveRequiredComponents (4ms)
	FinalizeReload (375ms)
		SetupLoadedEditorAssemblies (0ms)
			BeforeProcessingInitializeOnLoad (50ms)
			ProcessInitializeOnLoadAttributes (151ms)
			ProcessInitializeOnLoadMethodAttributes (55ms)
		AwakeInstancesAfterBackupRestoration (9ms)
WARNING: Shader Unsupported: 'Universal Render Pipeline/VR/SpatialMapping/Wireframe' - All subshaders removed
WARNING: Shader Did you use #pragma only_renderers and omit this platform?
WARNING: Shader If subshaders removal was intentional, you may have forgotten turning Fallback off?
Shader Hidden/ChartRasterizerHardware is not supported: GPU does not support conservative rasterization
Unloading 24 Unused Serialized files (Serialized files now loaded: 0)
Unloading 6431 unused Assets / (4.9 MB). Loaded Objects now: 7322.
Memory consumption went from 183.6 MB to 178.7 MB.
Total: 5.964416 ms (FindLiveObjects: 0.268000 ms CreateObjectMapping: 1.076583 ms MarkObjects: 3.616667 ms  DeleteObjects: 1.002916 ms)

Prepare: number of updated asset objects reloaded= 0
========================================================================
Received Prepare
AcceleratorClientConnectionCallback - disconnected - :0
WARNING: Shader Unsupported: 'Universal Render Pipeline/VR/SpatialMapping/Wireframe' - All subshaders removed
WARNING: Shader Did you use #pragma only_renderers and omit this platform?
WARNING: Shader If subshaders removal was intentional, you may have forgotten turning Fallback off?
Shader Hidden/ChartRasterizerHardware is not supported: GPU does not support conservative rasterization
Unloading 24 Unused Serialized files (Serialized files now loaded: 0)
Unloading 6420 unused Assets / (4.0 MB). Loaded Objects now: 7322.
Memory consumption went from 174.1 MB to 170.1 MB.
Total: 6.167875 ms (FindLiveObjects: 0.308291 ms CreateObjectMapping: 1.001875 ms MarkObjects: 3.846834 ms  DeleteObjects: 1.010458 ms)

Prepare: number of updated asset objects reloaded= 0
========================================================================
Received Prepare
AcceleratorClientConnectionCallback - disconnected - :0
[Licensing::Client] Successfully resolved entitlement details
Begin MonoManager ReloadAssembly
Thread 0x16c187000 may have been prematurely finalized
Native extension for OSXStandalone target not found
Native extension for WebGL target not found
[Package Manager] Failed to launch server process. Reason: Unity was launched with the -noUpm command-line argument
[Package Manager] Unable to send message (not connected to server process).
[Package Manager] Cannot connect to Unity Package Manager local server
[Package Manager] Failed to launch server process. Reason: Unity was launched with the -noUpm command-line argument
[Package Manager] Unable to send message (not connected to server process).
[Package Manager] Cannot connect to Unity Package Manager local server
ScheduleIndexationOnStartup MainProcess:False IndexOnStartup:True
Mono: successfully reloaded assembly
- Finished resetting the current domain, in  0.376 seconds
Domain Reload Profiling: 769ms
	BeginReloadAssembly (102ms)
		DisableScriptedObjects (3ms)
		CreateAndSetChildDomain (31ms)
	RebuildCommonClasses (5ms)
	RebuildNativeTypeToScriptingClass (9ms)
	initialDomainReloadingComplete (20ms)
	LoadAllAssembliesAndSetupDomain (257ms)
		LoadAssemblies (119ms)
		AnalyzeDomain (110ms)
			TypeCache.Refresh (6ms)
			BuildScriptInfoCaches (99ms)
			ResolveRequiredComponents (4ms)
	FinalizeReload (377ms)
		SetupLoadedEditorAssemblies (0ms)
			BeforeProcessingInitializeOnLoad (50ms)
			ProcessInitializeOnLoadAttributes (151ms)
			ProcessInitializeOnLoadMethodAttributes (51ms)
		AwakeInstancesAfterBackupRestoration (10ms)
WARNING: Shader Unsupported: 'Universal Render Pipeline/VR/SpatialMapping/Wireframe' - All subshaders removed
WARNING: Shader Did you use #pragma only_renderers and omit this platform?
WARNING: Shader If subshaders removal was intentional, you may have forgotten turning Fallback off?
Shader Hidden/ChartRasterizerHardware is not supported: GPU does not support conservative rasterization
Unloading 24 Unused Serialized files (Serialized files now loaded: 0)
Unloading 6431 unused Assets / (4.6 MB). Loaded Objects now: 7325.
Memory consumption went from 183.3 MB to 178.7 MB.
Total: 5.490208 ms (FindLiveObjects: 0.298583 ms CreateObjectMapping: 1.063083 ms MarkObjects: 3.252209 ms  DeleteObjects: 0.876166 ms)

Prepare: number of updated asset objects reloaded= 0
========================================================================
Received Prepare
AcceleratorClientConnectionCallback - disconnected - :0
WARNING: Shader Unsupported: 'Universal Render Pipeline/VR/SpatialMapping/Wireframe' - All subshaders removed
WARNING: Shader Did you use #pragma only_renderers and omit this platform?
WARNING: Shader If subshaders removal was intentional, you may have forgotten turning Fallback off?
Shader Hidden/ChartRasterizerHardware is not supported: GPU does not support conservative rasterization
Unloading 24 Unused Serialized files (Serialized files now loaded: 0)
Unloading 6421 unused Assets / (4.9 MB). Loaded Objects now: 7326.
Memory consumption went from 174.2 MB to 169.3 MB.
Total: 5.958541 ms (FindLiveObjects: 0.307125 ms CreateObjectMapping: 1.091916 ms MarkObjects: 3.444375 ms  DeleteObjects: 1.114333 ms)

Prepare: number of updated asset objects reloaded= 0
========================================================================
Received Prepare
AcceleratorClientConnectionCallback - disconnected - :0
Begin MonoManager ReloadAssembly
Thread 0x16c187000 may have been prematurely finalized
Native extension for OSXStandalone target not found
Native extension for WebGL target not found
[Package Manager] Failed to launch server process. Reason: Unity was launched with the -noUpm command-line argument
[Package Manager] Unable to send message (not connected to server process).
[Package Manager] Cannot connect to Unity Package Manager local server
[Package Manager] Failed to launch server process. Reason: Unity was launched with the -noUpm command-line argument
[Package Manager] Unable to send message (not connected to server process).
[Package Manager] Cannot connect to Unity Package Manager local server
ScheduleIndexationOnStartup MainProcess:False IndexOnStartup:True
Mono: successfully reloaded assembly
- Finished resetting the current domain, in  0.370 seconds
Domain Reload Profiling: 760ms
	BeginReloadAssembly (100ms)
		DisableScriptedObjects (3ms)
		CreateAndSetChildDomain (31ms)
	RebuildCommonClasses (4ms)
	RebuildNativeTypeToScriptingClass (9ms)
	initialDomainReloadingComplete (19ms)
	LoadAllAssembliesAndSetupDomain (256ms)
		LoadAssemblies (115ms)
		AnalyzeDomain (111ms)
			TypeCache.Refresh (6ms)
			BuildScriptInfoCaches (100ms)
			ResolveRequiredComponents (4ms)
	FinalizeReload (370ms)
		SetupLoadedEditorAssemblies (0ms)
			BeforeProcessingInitializeOnLoad (50ms)
			ProcessInitializeOnLoadAttributes (146ms)
			ProcessInitializeOnLoadMethodAttributes (56ms)
		AwakeInstancesAfterBackupRestoration (10ms)
WARNING: Shader Unsupported: 'Universal Render Pipeline/VR/SpatialMapping/Wireframe' - All subshaders removed
WARNING: Shader Did you use #pragma only_renderers and omit this platform?
WARNING: Shader If subshaders removal was intentional, you may have forgotten turning Fallback off?
Shader Hidden/ChartRasterizerHardware is not supported: GPU does not support conservative rasterization
Unloading 24 Unused Serialized files (Serialized files now loaded: 0)
Unloading 6432 unused Assets / (3.7 MB). Loaded Objects now: 7329.
Memory consumption went from 183.4 MB to 179.7 MB.
Total: 6.308166 ms (FindLiveObjects: 0.308959 ms CreateObjectMapping: 1.051708 ms MarkObjects: 3.690542 ms  DeleteObjects: 1.256416 ms)

Prepare: number of updated asset objects reloaded= 0
========================================================================
Received Import Request.
  Time of request: 2026-10-09T03:51:10.645793Z
  Time since last request: 174.42149387500001 seconds.
  importAddress: GUID: c0177d3aae57e4dd588f997635ec6226 - Path: Assets/Scripts/SumoPlayerController.cs - Importer: PreviewImporter
Importing 'GUID: c0177d3aae57e4dd588f997635ec6226 - Path: Assets/Scripts/SumoPlayerController.cs - Importer: PreviewImporter' with importer (PreviewImporter)
Imported 'GUID: c0177d3aae57e4dd588f997635ec6226' -> (Import Result ID: '7453b18c18933883fd90377a1e10a636') in 0.000 seconds [static and dynamic dependencies]. Details - ImportResultOutputID=63b09933526f97f9c9e0a6c955c2b4da DependenciesID=17d8adf6dca80f67675f2b155b578c46 StaticDependenciesID=3adfa9a1ea71d081614480d007593cb8 
Number of updated asset objects reloaded before import = 0
Number of asset objects unloaded after import = 0
========================================================================
Received Prepare
AcceleratorClientConnectionCallback - disconnected - :0
WARNING: Shader Unsupported: 'Universal Render Pipeline/VR/SpatialMapping/Wireframe' - All subshaders removed
WARNING: Shader Did you use #pragma only_renderers and omit this platform?
WARNING: Shader If subshaders removal was intentional, you may have forgotten turning Fallback off?
Shader Hidden/ChartRasterizerHardware is not supported: GPU does not support conservative rasterization
Unloading 24 Unused Serialized files (Serialized files now loaded: 0)
Unloading 6421 unused Assets / (3.6 MB). Loaded Objects now: 7329.
Memory consumption went from 174.3 MB to 170.7 MB.
Total: 5.721166 ms (FindLiveObjects: 0.303917 ms CreateObjectMapping: 0.999500 ms MarkObjects: 3.536917 ms  DeleteObjects: 0.880500 ms)

Prepare: number of updated asset objects reloaded= 0
========================================================================
Received Prepare
AcceleratorClientConnectionCallback - disconnected - :0
WARNING: Shader Unsupported: 'Universal Render Pipeline/VR/SpatialMapping/Wireframe' - All subshaders removed
WARNING: Shader Did you use #pragma only_renderers and omit this platform?
WARNING: Shader If subshaders removal was intentional, you may have forgotten turning Fallback off?
Shader Hidden/ChartRasterizerHardware is not supported: GPU does not support conservative rasterization
Unloading 24 Unused Serialized files (Serialized files now loaded: 0)
Unloading 6421 unused Assets / (4.1 MB). Loaded Objects now: 7329.
Memory consumption went from 174.3 MB to 170.2 MB.
Total: 6.051166 ms (FindLiveObjects: 0.308541 ms CreateObjectMapping: 1.013292 ms MarkObjects: 3.560875 ms  DeleteObjects: 1.168250 ms)

Prepare: number of updated asset objects reloaded= 0
========================================================================
Received Prepare
AcceleratorClientConnectionCallback - disconnected - :0
[Licensing::Client] Successfully resolved entitlement details
Begin MonoManager ReloadAssembly
Thread 0x16c187000 may have been prematurely finalized
Native extension for OSXStandalone target not found
Native extension for WebGL target not found
[Package Manager] Failed to launch server process. Reason: Unity was launched with the -noUpm command-line argument
[Package Manager] Unable to send message (not connected to server process).
[Package Manager] Cannot connect to Unity Package Manager local server
[Package Manager] Failed to launch server process. Reason: Unity was launched with the -noUpm command-line argument
[Package Manager] Unable to send message (not connected to server process).
[Package Manager] Cannot connect to Unity Package Manager local server
ScheduleIndexationOnStartup MainProcess:False IndexOnStartup:True
Mono: successfully reloaded assembly
- Finished resetting the current domain, in  0.380 seconds
Domain Reload Profiling: 773ms
	BeginReloadAssembly (102ms)
		DisableScriptedObjects (3ms)
		CreateAndSetChildDomain (31ms)
	RebuildCommonClasses (5ms)
	RebuildNativeTypeToScriptingClass (9ms)
	initialDomainReloadingComplete (19ms)
	LoadAllAssembliesAndSetupDomain (258ms)
		LoadAssemblies (119ms)
		AnalyzeDomain (111ms)
			TypeCache.Refresh (6ms)
			BuildScriptInfoCaches (100ms)
			ResolveRequiredComponents (4ms)
	FinalizeReload (380ms)
		SetupLoadedEditorAssemblies (0ms)
			BeforeProcessingInitializeOnLoad (49ms)
			ProcessInitializeOnLoadAttributes (151ms)
			ProcessInitializeOnLoadMethodAttributes (56ms)
		AwakeInstancesAfterBackupRestoration (10ms)
WARNING: Shader Unsupported: 'Universal Render Pipeline/VR/SpatialMapping/Wireframe' - All subshaders removed
WARNING: Shader Did you use #pragma only_renderers and omit this platform?
WARNING: Shader If subshaders removal was intentional, you may have forgotten turning Fallback off?
Shader Hidden/ChartRasterizerHardware is not supported: GPU does not support conservative rasterization
Unloading 24 Unused Serialized files (Serialized files now loaded: 0)
Unloading 6432 unused Assets / (4.8 MB). Loaded Objects now: 7332.
Memory consumption went from 183.4 MB to 178.6 MB.
Total: 5.588291 ms (FindLiveObjects: 0.310416 ms CreateObjectMapping: 1.021459 ms MarkObjects: 3.273250 ms  DeleteObjects: 0.983125 ms)

Prepare: number of updated asset objects reloaded= 0
========================================================================
Received Prepare
AcceleratorClientConnectionCallback - disconnected - :0
WARNING: Shader Unsupported: 'Universal Render Pipeline/VR/SpatialMapping/Wireframe' - All subshaders removed
WARNING: Shader Did you use #pragma only_renderers and omit this platform?
WARNING: Shader If subshaders removal was intentional, you may have forgotten turning Fallback off?
Shader Hidden/ChartRasterizerHardware is not supported: GPU does not support conservative rasterization
Unloading 24 Unused Serialized files (Serialized files now loaded: 0)
Unloading 6422 unused Assets / (4.5 MB). Loaded Objects now: 7333.
Memory consumption went from 174.4 MB to 169.9 MB.
Total: 5.584083 ms (FindLiveObjects: 0.303458 ms CreateObjectMapping: 0.923250 ms MarkObjects: 3.399417 ms  DeleteObjects: 0.957417 ms)

Prepare: number of updated asset objects reloaded= 0
========================================================================
Received Prepare
AcceleratorClientConnectionCallback - disconnected - :0
WARNING: Shader Unsupported: 'Universal Render Pipeline/VR/SpatialMapping/Wireframe' - All subshaders removed
WARNING: Shader Did you use #pragma only_renderers and omit this platform?
WARNING: Shader If subshaders removal was intentional, you may have forgotten turning Fallback off?
Shader Hidden/ChartRasterizerHardware is not supported: GPU does not support conservative rasterization
Unloading 24 Unused Serialized files (Serialized files now loaded: 0)
Unloading 6421 unused Assets / (3.5 MB). Loaded Objects now: 7332.
Memory consumption went from 174.4 MB to 170.9 MB.
Total: 5.924458 ms (FindLiveObjects: 0.301667 ms CreateObjectMapping: 0.962333 ms MarkObjects: 3.560125 ms  DeleteObjects: 1.100250 ms)

Prepare: number of updated asset objects reloaded= 0
========================================================================
Received Prepare
AcceleratorClientConnectionCallback - disconnected - :0
Begin MonoManager ReloadAssembly
Thread 0x16c187000 may have been prematurely finalized
Native extension for OSXStandalone target not found
Native extension for WebGL target not found
[Package Manager] Failed to launch server process. Reason: Unity was launched with the -noUpm command-line argument
[Package Manager] Unable to send message (not connected to server process).
[Package Manager] Cannot connect to Unity Package Manager local server
[Package Manager] Failed to launch server process. Reason: Unity was launched with the -noUpm command-line argument
[Package Manager] Unable to send message (not connected to server process).
[Package Manager] Cannot connect to Unity Package Manager local server
ScheduleIndexationOnStartup MainProcess:False IndexOnStartup:True
Mono: successfully reloaded assembly
- Finished resetting the current domain, in  0.380 seconds
Domain Reload Profiling: 681ms
	BeginReloadAssembly (107ms)
		DisableScriptedObjects (3ms)
		CreateAndSetChildDomain (35ms)
	RebuildCommonClasses (4ms)
	RebuildNativeTypeToScriptingClass (9ms)
	initialDomainReloadingComplete (20ms)
	LoadAllAssembliesAndSetupDomain (160ms)
		LoadAssemblies (121ms)
		AnalyzeDomain (11ms)
			TypeCache.Refresh (4ms)
			ResolveRequiredComponents (4ms)
	FinalizeReload (380ms)
		SetupLoadedEditorAssemblies (0ms)
			BeforeProcessingInitializeOnLoad (50ms)
			ProcessInitializeOnLoadAttributes (146ms)
			ProcessInitializeOnLoadMethodAttributes (66ms)
		AwakeInstancesAfterBackupRestoration (11ms)
WARNING: Shader Unsupported: 'Universal Render Pipeline/VR/SpatialMapping/Wireframe' - All subshaders removed
WARNING: Shader Did you use #pragma only_renderers and omit this platform?
WARNING: Shader If subshaders removal was intentional, you may have forgotten turning Fallback off?
Shader Hidden/ChartRasterizerHardware is not supported: GPU does not support conservative rasterization
Unloading 24 Unused Serialized files (Serialized files now loaded: 0)
Unloading 6432 unused Assets / (4.7 MB). Loaded Objects now: 7335.
Memory consumption went from 183.3 MB to 178.6 MB.
Total: 6.225958 ms (FindLiveObjects: 0.304209 ms CreateObjectMapping: 1.155083 ms MarkObjects: 3.748250 ms  DeleteObjects: 1.017875 ms)

Prepare: number of updated asset objects reloaded= 0
========================================================================
Received Prepare
AcceleratorClientConnectionCallback - disconnected - :0
[Licensing::Client] Successfully resolved entitlement details
Begin MonoManager ReloadAssembly
Thread 0x16b7b7000 may have been prematurely finalized
Native extension for OSXStandalone target not found
Native extension for WebGL target not found
[Package Manager] Failed to launch server process. Reason: Unity was launched with the -noUpm command-line argument
[Package Manager] Unable to send message (not connected to server process).
[Package Manager] Cannot connect to Unity Package Manager local server
[Package Manager] Failed to launch server process. Reason: Unity was launched with the -noUpm command-line argument
[Package Manager] Unable to send message (not connected to server process).
[Package Manager] Cannot connect to Unity Package Manager local server
ScheduleIndexationOnStartup MainProcess:False IndexOnStartup:True
Mono: successfully reloaded assembly
- Finished resetting the current domain, in  0.367 seconds
Domain Reload Profiling: 755ms
	BeginReloadAssembly (101ms)
		DisableScriptedObjects (3ms)
		CreateAndSetChildDomain (32ms)
	RebuildCommonClasses (5ms)
	RebuildNativeTypeToScriptingClass (9ms)
	initialDomainReloadingComplete (19ms)
	LoadAllAssembliesAndSetupDomain (254ms)
		LoadAssemblies (116ms)
		AnalyzeDomain (108ms)
			TypeCache.Refresh (6ms)
			BuildScriptInfoCaches (97ms)
			ResolveRequiredComponents (4ms)
	FinalizeReload (368ms)
		SetupLoadedEditorAssemblies (0ms)
			BeforeProcessingInitializeOnLoad (46ms)
			ProcessInitializeOnLoadAttributes (146ms)
			ProcessInitializeOnLoadMethodAttributes (55ms)
		AwakeInstancesAfterBackupRestoration (11ms)
WARNING: Shader Unsupported: 'Universal Render Pipeline/VR/SpatialMapping/Wireframe' - All subshaders removed
WARNING: Shader Did you use #pragma only_renderers and omit this platform?
WARNING: Shader If subshaders removal was intentional, you may have forgotten turning Fallback off?
Shader Hidden/ChartRasterizerHardware is not supported: GPU does not support conservative rasterization
Unloading 24 Unused Serialized files (Serialized files now loaded: 0)
Unloading 6432 unused Assets / (4.5 MB). Loaded Objects now: 7338.
Memory consumption went from 184.0 MB to 179.5 MB.
Total: 5.439416 ms (FindLiveObjects: 0.313958 ms CreateObjectMapping: 1.030833 ms MarkObjects: 3.192542 ms  DeleteObjects: 0.901791 ms)

Prepare: number of updated asset objects reloaded= 0
========================================================================
Received Prepare
AcceleratorClientConnectionCallback - disconnected - :0
[Licensing::Client] Successfully resolved entitlement details
Begin MonoManager ReloadAssembly
Thread 0x16c187000 may have been prematurely finalized
Native extension for OSXStandalone target not found
Native extension for WebGL target not found
[Package Manager] Failed to launch server process. Reason: Unity was launched with the -noUpm command-line argument
[Package Manager] Unable to send message (not connected to server process).
[Package Manager] Cannot connect to Unity Package Manager local server
[Package Manager] Failed to launch server process. Reason: Unity was launched with the -noUpm command-line argument
[Package Manager] Unable to send message (not connected to server process).
[Package Manager] Cannot connect to Unity Package Manager local server
ScheduleIndexationOnStartup MainProcess:False IndexOnStartup:True
Mono: successfully reloaded assembly
- Finished resetting the current domain, in  0.360 seconds
Domain Reload Profiling: 657ms
	BeginReloadAssembly (102ms)
		DisableScriptedObjects (3ms)
		CreateAndSetChildDomain (33ms)
	RebuildCommonClasses (4ms)
	RebuildNativeTypeToScriptingClass (10ms)
	initialDomainReloadingComplete (20ms)
	LoadAllAssembliesAndSetupDomain (160ms)
		LoadAssemblies (120ms)
		AnalyzeDomain (11ms)
			TypeCache.Refresh (4ms)
			ResolveRequiredComponents (4ms)
	FinalizeReload (361ms)
		SetupLoadedEditorAssemblies (0ms)
			BeforeProcessingInitializeOnLoad (48ms)
			ProcessInitializeOnLoadAttributes (141ms)
			ProcessInitializeOnLoadMethodAttributes (53ms)
		AwakeInstancesAfterBackupRestoration (11ms)
WARNING: Shader Unsupported: 'Universal Render Pipeline/VR/SpatialMapping/Wireframe' - All subshaders removed
WARNING: Shader Did you use #pragma only_renderers and omit this platform?
WARNING: Shader If subshaders removal was intentional, you may have forgotten turning Fallback off?
Shader Hidden/ChartRasterizerHardware is not supported: GPU does not support conservative rasterization
Unloading 24 Unused Serialized files (Serialized files now loaded: 0)
Unloading 6432 unused Assets / (4.3 MB). Loaded Objects now: 7341.
Memory consumption went from 184.4 MB to 180.2 MB.
Total: 5.935417 ms (FindLiveObjects: 0.304583 ms CreateObjectMapping: 1.020625 ms MarkObjects: 3.524000 ms  DeleteObjects: 1.085583 ms)

Prepare: number of updated asset objects reloaded= 0
========================================================================
Received Prepare
AcceleratorClientConnectionCallback - disconnected - :0
WARNING: Shader Unsupported: 'Universal Render Pipeline/VR/SpatialMapping/Wireframe' - All subshaders removed
WARNING: Shader Did you use #pragma only_renderers and omit this platform?
WARNING: Shader If subshaders removal was intentional, you may have forgotten turning Fallback off?
Shader Hidden/ChartRasterizerHardware is not supported: GPU does not support conservative rasterization
Unloading 24 Unused Serialized files (Serialized files now loaded: 0)
Unloading 24 unused Assets / (2.6 MB). Loaded Objects now: 7341.
Memory consumption went from 171.3 MB to 168.7 MB.
Total: 4.150375 ms (FindLiveObjects: 0.179834 ms CreateObjectMapping: 0.404083 ms MarkObjects: 3.340458 ms  DeleteObjects: 0.225542 ms)

Prepare: number of updated asset objects reloaded= 0
========================================================================
Received Import Request.
  Time of request: 2026-10-09T03:59:06.406383Z
  Time since last request: 475.75153691700001 seconds.
  importAddress: GUID: 9932fd499fc9b4a9e85b536232a1cec7 - Path: Assets/Physics Materials - Importer: PreviewImporter
Importing 'GUID: 9932fd499fc9b4a9e85b536232a1cec7 - Path: Assets/Physics Materials - Importer: PreviewImporter' with importer (PreviewImporter)
Imported 'GUID: 9932fd499fc9b4a9e85b536232a1cec7' -> (Import Result ID: '026f116ef5f3b9350d47a9fbd94649fe') in 0.001 seconds [static and dynamic dependencies]. Details - ImportResultOutputID=692d3aaf593830bd18573537e1f7a1c5 DependenciesID=1009a462414ba1f4df60ff1b8a049204 StaticDependenciesID=b2bf6ee801d40723008cf7be2102d071 
Number of updated asset objects reloaded before import = 0
Number of asset objects unloaded after import = 0
========================================================================
Received Prepare
AcceleratorClientConnectionCallback - disconnected - :0
WARNING: Shader Unsupported: 'Universal Render Pipeline/VR/SpatialMapping/Wireframe' - All subshaders removed
WARNING: Shader Did you use #pragma only_renderers and omit this platform?
WARNING: Shader If subshaders removal was intentional, you may have forgotten turning Fallback off?
Shader Hidden/ChartRasterizerHardware is not supported: GPU does not support conservative rasterization
Unloading 24 Unused Serialized files (Serialized files now loaded: 0)
Unloading 6422 unused Assets / (4.9 MB). Loaded Objects now: 7342.
Memory consumption went from 174.6 MB to 169.8 MB.
Total: 7.465417 ms (FindLiveObjects: 0.314541 ms CreateObjectMapping: 0.997167 ms MarkObjects: 5.004875 ms  DeleteObjects: 1.148459 ms)

Prepare: number of updated asset objects reloaded= 0
========================================================================
Received Prepare
AcceleratorClientConnectionCallback - disconnected - :0
[Licensing::Client] Successfully resolved entitlement details
Begin MonoManager ReloadAssembly
Thread 0x16b7b7000 may have been prematurely finalized
Native extension for OSXStandalone target not found
Native extension for WebGL target not found
[Package Manager] Failed to launch server process. Reason: Unity was launched with the -noUpm command-line argument
[Package Manager] Unable to send message (not connected to server process).
[Package Manager] Cannot connect to Unity Package Manager local server
[Package Manager] Failed to launch server process. Reason: Unity was launched with the -noUpm command-line argument
[Package Manager] Unable to send message (not connected to server process).
[Package Manager] Cannot connect to Unity Package Manager local server
ScheduleIndexationOnStartup MainProcess:False IndexOnStartup:True
Mono: successfully reloaded assembly
- Finished resetting the current domain, in  0.352 seconds
Domain Reload Profiling: 765ms
	BeginReloadAssembly (109ms)
		DisableScriptedObjects (3ms)
		CreateAndSetChildDomain (37ms)
	RebuildCommonClasses (5ms)
	RebuildNativeTypeToScriptingClass (9ms)
	initialDomainReloadingComplete (21ms)
	LoadAllAssembliesAndSetupDomain (269ms)
		LoadAssemblies (128ms)
		AnalyzeDomain (109ms)
			TypeCache.Refresh (6ms)
			BuildScriptInfoCaches (98ms)
			ResolveRequiredComponents (4ms)
	FinalizeReload (352ms)
		SetupLoadedEditorAssemblies (0ms)
			BeforeProcessingInitializeOnLoad (46ms)
			ProcessInitializeOnLoadAttributes (139ms)
			ProcessInitializeOnLoadMethodAttributes (51ms)
		AwakeInstancesAfterBackupRestoration (10ms)
WARNING: Shader Unsupported: 'Universal Render Pipeline/VR/SpatialMapping/Wireframe' - All subshaders removed
WARNING: Shader Did you use #pragma only_renderers and omit this platform?
WARNING: Shader If subshaders removal was intentional, you may have forgotten turning Fallback off?
Shader Hidden/ChartRasterizerHardware is not supported: GPU does not support conservative rasterization
Unloading 24 Unused Serialized files (Serialized files now loaded: 0)
Unloading 6433 unused Assets / (4.8 MB). Loaded Objects now: 7345.
Memory consumption went from 183.6 MB to 178.8 MB.
Total: 5.468417 ms (FindLiveObjects: 0.262750 ms CreateObjectMapping: 0.932583 ms MarkObjects: 3.179500 ms  DeleteObjects: 1.093334 ms)

Prepare: number of updated asset objects reloaded= 0
========================================================================
Received Import Request.
  Time of request: 2026-10-09T04:02:34.310626Z
  Time since last request: 207.89264145800001 seconds.
  importAddress: GUID: 02f1eed8aa22b4191bb3246dc5e6907f - Path: Assets/Scripts/SumoEnemy.cs - Importer: PreviewImporter
Importing 'GUID: 02f1eed8aa22b4191bb3246dc5e6907f - Path: Assets/Scripts/SumoEnemy.cs - Importer: PreviewImporter' with importer (PreviewImporter)
Imported 'GUID: 02f1eed8aa22b4191bb3246dc5e6907f' -> (Import Result ID: 'd74aa81b7e70ec3d8964e2cc71176d09') in 0.000 seconds [static and dynamic dependencies]. Details - ImportResultOutputID=d104be6395a0f73146a4bf202cdd120e DependenciesID=2619fa6b1b89068e6388bcf061e7702b StaticDependenciesID=9f1be0ea43ddf74daaf639222196d6c1 
Number of updated asset objects reloaded before import = 0
Number of asset objects unloaded after import = 0
========================================================================
Received Prepare
AcceleratorClientConnectionCallback - disconnected - :0
WARNING: Shader Unsupported: 'Universal Render Pipeline/VR/SpatialMapping/Wireframe' - All subshaders removed
WARNING: Shader Did you use #pragma only_renderers and omit this platform?
WARNING: Shader If subshaders removal was intentional, you may have forgotten turning Fallback off?
Shader Hidden/ChartRasterizerHardware is not supported: GPU does not support conservative rasterization
Unloading 24 Unused Serialized files (Serialized files now loaded: 0)
Unloading 6422 unused Assets / (4.6 MB). Loaded Objects now: 7345.
Memory consumption went from 174.7 MB to 170.1 MB.
Total: 6.380250 ms (FindLiveObjects: 0.308708 ms CreateObjectMapping: 0.967541 ms MarkObjects: 3.944334 ms  DeleteObjects: 1.159042 ms)

Prepare: number of updated asset objects reloaded= 0
========================================================================
Received Import Request.
  Time of request: 2026-10-09T04:05:51.07813Z
  Time since last request: 196.75937712499999 seconds.
  importAddress: GUID: 02f1eed8aa22b4191bb3246dc5e6907f - Path: Assets/Scripts/SumoEnemy.cs - Importer: PreviewImporter
Importing 'GUID: 02f1eed8aa22b4191bb3246dc5e6907f - Path: Assets/Scripts/SumoEnemy.cs - Importer: PreviewImporter' with importer (PreviewImporter)
Imported 'GUID: 02f1eed8aa22b4191bb3246dc5e6907f' -> (Import Result ID: '9ce08fda0e6fbd9e5d7e1d0217808adb') in 0.000 seconds [static and dynamic dependencies]. Details - ImportResultOutputID=d104be6395a0f73146a4bf202cdd120e DependenciesID=76a57b736582d6044b04ed161fb0dedf StaticDependenciesID=22b4017c6fd0f275dccb5f68f0df03a6 
Number of updated asset objects reloaded before import = 0
Number of asset objects unloaded after import = 0
========================================================================
Received Prepare
AcceleratorClientConnectionCallback - disconnected - :0
[Licensing::Client] Successfully resolved entitlement details
Begin MonoManager ReloadAssembly
Thread 0x16c187000 may have been prematurely finalized
Native extension for OSXStandalone target not found
Native extension for WebGL target not found
[Package Manager] Failed to launch server process. Reason: Unity was launched with the -noUpm command-line argument
[Package Manager] Unable to send message (not connected to server process).
[Package Manager] Cannot connect to Unity Package Manager local server
[Package Manager] Failed to launch server process. Reason: Unity was launched with the -noUpm command-line argument
[Package Manager] Unable to send message (not connected to server process).
[Package Manager] Cannot connect to Unity Package Manager local server
ScheduleIndexationOnStartup MainProcess:False IndexOnStartup:True
Mono: successfully reloaded assembly
- Finished resetting the current domain, in  0.363 seconds
Domain Reload Profiling: 757ms
	BeginReloadAssembly (104ms)
		DisableScriptedObjects (3ms)
		CreateAndSetChildDomain (34ms)
	RebuildCommonClasses (5ms)
	RebuildNativeTypeToScriptingClass (9ms)
	initialDomainReloadingComplete (20ms)
	LoadAllAssembliesAndSetupDomain (257ms)
		LoadAssemblies (117ms)
		AnalyzeDomain (109ms)
			TypeCache.Refresh (6ms)
			BuildScriptInfoCaches (98ms)
			ResolveRequiredComponents (4ms)
	FinalizeReload (363ms)
		SetupLoadedEditorAssemblies (0ms)
			BeforeProcessingInitializeOnLoad (48ms)
			ProcessInitializeOnLoadAttributes (143ms)
			ProcessInitializeOnLoadMethodAttributes (54ms)
		AwakeInstancesAfterBackupRestoration (9ms)
WARNING: Shader Unsupported: 'Universal Render Pipeline/VR/SpatialMapping/Wireframe' - All subshaders removed
WARNING: Shader Did you use #pragma only_renderers and omit this platform?
WARNING: Shader If subshaders removal was intentional, you may have forgotten turning Fallback off?
Shader Hidden/ChartRasterizerHardware is not supported: GPU does not support conservative rasterization
Unloading 24 Unused Serialized files (Serialized files now loaded: 0)
Unloading 6433 unused Assets / (4.9 MB). Loaded Objects now: 7348.
Memory consumption went from 183.6 MB to 178.6 MB.
Total: 5.437042 ms (FindLiveObjects: 0.299958 ms CreateObjectMapping: 0.931375 ms MarkObjects: 3.128584 ms  DeleteObjects: 1.076667 ms)

Prepare: number of updated asset objects reloaded= 0
========================================================================
Received Prepare
AcceleratorClientConnectionCallback - disconnected - :0
Begin MonoManager ReloadAssembly
Thread 0x16c187000 may have been prematurely finalized
Native extension for OSXStandalone target not found
Native extension for WebGL target not found
[Package Manager] Failed to launch server process. Reason: Unity was launched with the -noUpm command-line argument
[Package Manager] Unable to send message (not connected to server process).
[Package Manager] Cannot connect to Unity Package Manager local server
[Package Manager] Failed to launch server process. Reason: Unity was launched with the -noUpm command-line argument
[Package Manager] Unable to send message (not connected to server process).
[Package Manager] Cannot connect to Unity Package Manager local server
ScheduleIndexationOnStartup MainProcess:False IndexOnStartup:True
Mono: successfully reloaded assembly
- Finished resetting the current domain, in  0.373 seconds
Domain Reload Profiling: 678ms
	BeginReloadAssembly (104ms)
		DisableScriptedObjects (3ms)
		CreateAndSetChildDomain (33ms)
	RebuildCommonClasses (4ms)
	RebuildNativeTypeToScriptingClass (9ms)
	initialDomainReloadingComplete (21ms)
	LoadAllAssembliesAndSetupDomain (165ms)
		LoadAssemblies (124ms)
		AnalyzeDomain (11ms)
			TypeCache.Refresh (4ms)
			ResolveRequiredComponents (4ms)
	FinalizeReload (374ms)
		SetupLoadedEditorAssemblies (0ms)
			BeforeProcessingInitializeOnLoad (48ms)
			ProcessInitializeOnLoadAttributes (150ms)
			ProcessInitializeOnLoadMethodAttributes (56ms)
		AwakeInstancesAfterBackupRestoration (10ms)
WARNING: Shader Unsupported: 'Universal Render Pipeline/VR/SpatialMapping/Wireframe' - All subshaders removed
WARNING: Shader Did you use #pragma only_renderers and omit this platform?
WARNING: Shader If subshaders removal was intentional, you may have forgotten turning Fallback off?
Shader Hidden/ChartRasterizerHardware is not supported: GPU does not support conservative rasterization
Unloading 24 Unused Serialized files (Serialized files now loaded: 0)
Unloading 6433 unused Assets / (4.5 MB). Loaded Objects now: 7351.
Memory consumption went from 184.0 MB to 179.6 MB.
Total: 6.360125 ms (FindLiveObjects: 0.317375 ms CreateObjectMapping: 1.190167 ms MarkObjects: 3.695333 ms  DeleteObjects: 1.156959 ms)

Prepare: number of updated asset objects reloaded= 0
========================================================================
Received Prepare
AcceleratorClientConnectionCallback - disconnected - :0
Begin MonoManager ReloadAssembly
Thread 0x16b7b7000 may have been prematurely finalized
Native extension for OSXStandalone target not found
Native extension for WebGL target not found
[Package Manager] Failed to launch server process. Reason: Unity was launched with the -noUpm command-line argument
[Package Manager] Unable to send message (not connected to server process).
[Package Manager] Cannot connect to Unity Package Manager local server
[Package Manager] Failed to launch server process. Reason: Unity was launched with the -noUpm command-line argument
[Package Manager] Unable to send message (not connected to server process).
[Package Manager] Cannot connect to Unity Package Manager local server
ScheduleIndexationOnStartup MainProcess:False IndexOnStartup:True
Mono: successfully reloaded assembly
- Finished resetting the current domain, in  0.370 seconds
Domain Reload Profiling: 667ms
	BeginReloadAssembly (104ms)
		DisableScriptedObjects (3ms)
		CreateAndSetChildDomain (32ms)
	RebuildCommonClasses (5ms)
	RebuildNativeTypeToScriptingClass (9ms)
	initialDomainReloadingComplete (20ms)
	LoadAllAssembliesAndSetupDomain (159ms)
		LoadAssemblies (119ms)
		AnalyzeDomain (10ms)
			TypeCache.Refresh (4ms)
			ResolveRequiredComponents (4ms)
	FinalizeReload (370ms)
		SetupLoadedEditorAssemblies (0ms)
			BeforeProcessingInitializeOnLoad (48ms)
			ProcessInitializeOnLoadAttributes (146ms)
			ProcessInitializeOnLoadMethodAttributes (54ms)
		AwakeInstancesAfterBackupRestoration (11ms)
WARNING: Shader Unsupported: 'Universal Render Pipeline/VR/SpatialMapping/Wireframe' - All subshaders removed
WARNING: Shader Did you use #pragma only_renderers and omit this platform?
WARNING: Shader If subshaders removal was intentional, you may have forgotten turning Fallback off?
Shader Hidden/ChartRasterizerHardware is not supported: GPU does not support conservative rasterization
Unloading 24 Unused Serialized files (Serialized files now loaded: 0)
Unloading 6433 unused Assets / (4.8 MB). Loaded Objects now: 7354.
Memory consumption went from 184.5 MB to 179.7 MB.
Total: 6.011125 ms (FindLiveObjects: 0.262000 ms CreateObjectMapping: 0.983792 ms MarkObjects: 3.623250 ms  DeleteObjects: 1.141833 ms)

Prepare: number of updated asset objects reloaded= 0
========================================================================
Received Prepare
AcceleratorClientConnectionCallback - disconnected - :0
Begin MonoManager ReloadAssembly
Thread 0x16b7b7000 may have been prematurely finalized
Native extension for OSXStandalone target not found
Native extension for WebGL target not found
[Package Manager] Failed to launch server process. Reason: Unity was launched with the -noUpm command-line argument
[Package Manager] Unable to send message (not connected to server process).
[Package Manager] Cannot connect to Unity Package Manager local server
[Package Manager] Failed to launch server process. Reason: Unity was launched with the -noUpm command-line argument
[Package Manager] Unable to send message (not connected to server process).
[Package Manager] Cannot connect to Unity Package Manager local server
ScheduleIndexationOnStartup MainProcess:False IndexOnStartup:True
Mono: successfully reloaded assembly
- Finished resetting the current domain, in  0.367 seconds
Domain Reload Profiling: 662ms
	BeginReloadAssembly (103ms)
		DisableScriptedObjects (3ms)
		CreateAndSetChildDomain (33ms)
	RebuildCommonClasses (5ms)
	RebuildNativeTypeToScriptingClass (9ms)
	initialDomainReloadingComplete (20ms)
	LoadAllAssembliesAndSetupDomain (158ms)
		LoadAssemblies (119ms)
		AnalyzeDomain (11ms)
			TypeCache.Refresh (4ms)
			ResolveRequiredComponents (4ms)
	FinalizeReload (368ms)
		SetupLoadedEditorAssemblies (0ms)
			BeforeProcessingInitializeOnLoad (48ms)
			ProcessInitializeOnLoadAttributes (145ms)
			ProcessInitializeOnLoadMethodAttributes (55ms)
		AwakeInstancesAfterBackupRestoration (9ms)
WARNING: Shader Unsupported: 'Universal Render Pipeline/VR/SpatialMapping/Wireframe' - All subshaders removed
WARNING: Shader Did you use #pragma only_renderers and omit this platform?
WARNING: Shader If subshaders removal was intentional, you may have forgotten turning Fallback off?
Shader Hidden/ChartRasterizerHardware is not supported: GPU does not support conservative rasterization
Unloading 24 Unused Serialized files (Serialized files now loaded: 0)
Unloading 6433 unused Assets / (4.5 MB). Loaded Objects now: 7357.
Memory consumption went from 184.9 MB to 180.4 MB.
Total: 6.018417 ms (FindLiveObjects: 0.322250 ms CreateObjectMapping: 1.153750 ms MarkObjects: 3.428542 ms  DeleteObjects: 1.113542 ms)

Prepare: number of updated asset objects reloaded= 0
========================================================================
Received Prepare
AcceleratorClientConnectionCallback - disconnected - :0
WARNING: Shader Unsupported: 'Universal Render Pipeline/VR/SpatialMapping/Wireframe' - All subshaders removed
WARNING: Shader Did you use #pragma only_renderers and omit this platform?
WARNING: Shader If subshaders removal was intentional, you may have forgotten turning Fallback off?
Shader Hidden/ChartRasterizerHardware is not supported: GPU does not support conservative rasterization
Unloading 24 Unused Serialized files (Serialized files now loaded: 0)
Unloading 24 unused Assets / (2.6 MB). Loaded Objects now: 7357.
Memory consumption went from 171.8 MB to 169.2 MB.
Total: 4.387708 ms (FindLiveObjects: 0.191459 ms CreateObjectMapping: 0.369375 ms MarkObjects: 3.608583 ms  DeleteObjects: 0.218041 ms)

Prepare: number of updated asset objects reloaded= 0
========================================================================
Received Prepare
AcceleratorClientConnectionCallback - disconnected - :0
[Licensing::Client] Successfully resolved entitlement details
Begin MonoManager ReloadAssembly
Thread 0x16b7b7000 may have been prematurely finalized
Native extension for OSXStandalone target not found
Native extension for WebGL target not found
[Package Manager] Failed to launch server process. Reason: Unity was launched with the -noUpm command-line argument
[Package Manager] Unable to send message (not connected to server process).
[Package Manager] Cannot connect to Unity Package Manager local server
[Package Manager] Failed to launch server process. Reason: Unity was launched with the -noUpm command-line argument
[Package Manager] Unable to send message (not connected to server process).
[Package Manager] Cannot connect to Unity Package Manager local server
ScheduleIndexationOnStartup MainProcess:False IndexOnStartup:True
Mono: successfully reloaded assembly
- Finished resetting the current domain, in  0.366 seconds
Domain Reload Profiling: 677ms
	BeginReloadAssembly (105ms)
		CreateAndSetChildDomain (35ms)
	RebuildCommonClasses (5ms)
	RebuildNativeTypeToScriptingClass (9ms)
	initialDomainReloadingComplete (22ms)
	LoadAllAssembliesAndSetupDomain (170ms)
		LoadAssemblies (128ms)
		AnalyzeDomain (11ms)
			TypeCache.Refresh (4ms)
			ResolveRequiredComponents (4ms)
	FinalizeReload (366ms)
		SetupLoadedEditorAssemblies (0ms)
			BeforeProcessingInitializeOnLoad (47ms)
			ProcessInitializeOnLoadAttributes (145ms)
			ProcessInitializeOnLoadMethodAttributes (53ms)
		AwakeInstancesAfterBackupRestoration (11ms)
WARNING: Shader Unsupported: 'Universal Render Pipeline/VR/SpatialMapping/Wireframe' - All subshaders removed
WARNING: Shader Did you use #pragma only_renderers and omit this platform?
WARNING: Shader If subshaders removal was intentional, you may have forgotten turning Fallback off?
Shader Hidden/ChartRasterizerHardware is not supported: GPU does not support conservative rasterization
Unloading 24 Unused Serialized files (Serialized files now loaded: 0)
Unloading 6433 unused Assets / (4.7 MB). Loaded Objects now: 7360.
Memory consumption went from 183.6 MB to 179.0 MB.
Total: 6.103000 ms (FindLiveObjects: 0.313333 ms CreateObjectMapping: 1.039334 ms MarkObjects: 3.659666 ms  DeleteObjects: 1.090166 ms)

Prepare: number of updated asset objects reloaded= 0
========================================================================
Received Prepare
AcceleratorClientConnectionCallback - disconnected - :0
[Licensing::Client] Successfully resolved entitlement details
Begin MonoManager ReloadAssembly
Thread 0x16b7b7000 may have been prematurely finalized
Native extension for OSXStandalone target not found
Native extension for WebGL target not found
[Package Manager] Failed to launch server process. Reason: Unity was launched with the -noUpm command-line argument
[Package Manager] Unable to send message (not connected to server process).
[Package Manager] Cannot connect to Unity Package Manager local server
[Package Manager] Failed to launch server process. Reason: Unity was launched with the -noUpm command-line argument
[Package Manager] Unable to send message (not connected to server process).
[Package Manager] Cannot connect to Unity Package Manager local server
ScheduleIndexationOnStartup MainProcess:False IndexOnStartup:True
Mono: successfully reloaded assembly
- Finished resetting the current domain, in  0.373 seconds
Domain Reload Profiling: 768ms
	BeginReloadAssembly (102ms)
		DisableScriptedObjects (3ms)
		CreateAndSetChildDomain (31ms)
	RebuildCommonClasses (5ms)
	RebuildNativeTypeToScriptingClass (9ms)
	initialDomainReloadingComplete (20ms)
	LoadAllAssembliesAndSetupDomain (258ms)
		LoadAssemblies (118ms)
		AnalyzeDomain (110ms)
			TypeCache.Refresh (6ms)
			BuildScriptInfoCaches (99ms)
			ResolveRequiredComponents (4ms)
	FinalizeReload (374ms)
		SetupLoadedEditorAssemblies (0ms)
			BeforeProcessingInitializeOnLoad (50ms)
			ProcessInitializeOnLoadAttributes (148ms)
			ProcessInitializeOnLoadMethodAttributes (53ms)
		AwakeInstancesAfterBackupRestoration (10ms)
WARNING: Shader Unsupported: 'Universal Render Pipeline/VR/SpatialMapping/Wireframe' - All subshaders removed
WARNING: Shader Did you use #pragma only_renderers and omit this platform?
WARNING: Shader If subshaders removal was intentional, you may have forgotten turning Fallback off?
Shader Hidden/ChartRasterizerHardware is not supported: GPU does not support conservative rasterization
Unloading 24 Unused Serialized files (Serialized files now loaded: 0)
Unloading 6433 unused Assets / (4.9 MB). Loaded Objects now: 7363.
Memory consumption went from 184.3 MB to 179.4 MB.
Total: 5.855667 ms (FindLiveObjects: 0.300042 ms CreateObjectMapping: 1.026584 ms MarkObjects: 3.600958 ms  DeleteObjects: 0.927708 ms)

Prepare: number of updated asset objects reloaded= 0
========================================================================
Received Prepare
AcceleratorClientConnectionCallback - disconnected - :0
Begin MonoManager ReloadAssembly
Thread 0x16c213000 may have been prematurely finalized
Native extension for OSXStandalone target not found
Native extension for WebGL target not found
[Package Manager] Failed to launch server process. Reason: Unity was launched with the -noUpm command-line argument
[Package Manager] Unable to send message (not connected to server process).
[Package Manager] Cannot connect to Unity Package Manager local server
[Package Manager] Failed to launch server process. Reason: Unity was launched with the -noUpm command-line argument
[Package Manager] Unable to send message (not connected to server process).
[Package Manager] Cannot connect to Unity Package Manager local server
ScheduleIndexationOnStartup MainProcess:False IndexOnStartup:True
Mono: successfully reloaded assembly
- Finished resetting the current domain, in  0.373 seconds
Domain Reload Profiling: 673ms
	BeginReloadAssembly (104ms)
		DisableScriptedObjects (3ms)
		CreateAndSetChildDomain (33ms)
	RebuildCommonClasses (5ms)
	RebuildNativeTypeToScriptingClass (9ms)
	initialDomainReloadingComplete (19ms)
	LoadAllAssembliesAndSetupDomain (163ms)
		LoadAssemblies (120ms)
		AnalyzeDomain (10ms)
			TypeCache.Refresh (4ms)
			ResolveRequiredComponents (4ms)
	FinalizeReload (374ms)
		SetupLoadedEditorAssemblies (0ms)
			BeforeProcessingInitializeOnLoad (48ms)
			ProcessInitializeOnLoadAttributes (150ms)
			ProcessInitializeOnLoadMethodAttributes (58ms)
		AwakeInstancesAfterBackupRestoration (10ms)
WARNING: Shader Unsupported: 'Universal Render Pipeline/VR/SpatialMapping/Wireframe' - All subshaders removed
WARNING: Shader Did you use #pragma only_renderers and omit this platform?
WARNING: Shader If subshaders removal was intentional, you may have forgotten turning Fallback off?
Shader Hidden/ChartRasterizerHardware is not supported: GPU does not support conservative rasterization
Unloading 24 Unused Serialized files (Serialized files now loaded: 0)
Unloading 6433 unused Assets / (4.4 MB). Loaded Objects now: 7366.
Memory consumption went from 184.7 MB to 180.4 MB.
Total: 6.252500 ms (FindLiveObjects: 0.323292 ms CreateObjectMapping: 1.075708 ms MarkObjects: 3.729750 ms  DeleteObjects: 1.123292 ms)

Prepare: number of updated asset objects reloaded= 0
========================================================================
Received Prepare
AcceleratorClientConnectionCallback - disconnected - :0
Begin MonoManager ReloadAssembly
Thread 0x16c213000 may have been prematurely finalized
Native extension for OSXStandalone target not found
Native extension for WebGL target not found
[Package Manager] Failed to launch server process. Reason: Unity was launched with the -noUpm command-line argument
[Package Manager] Unable to send message (not connected to server process).
[Package Manager] Cannot connect to Unity Package Manager local server
[Package Manager] Failed to launch server process. Reason: Unity was launched with the -noUpm command-line argument
[Package Manager] Unable to send message (not connected to server process).
[Package Manager] Cannot connect to Unity Package Manager local server
ScheduleIndexationOnStartup MainProcess:False IndexOnStartup:True
Mono: successfully reloaded assembly
- Finished resetting the current domain, in  0.372 seconds
Domain Reload Profiling: 673ms
	BeginReloadAssembly (105ms)
		DisableScriptedObjects (3ms)
		CreateAndSetChildDomain (34ms)
	RebuildCommonClasses (5ms)
	RebuildNativeTypeToScriptingClass (9ms)
	initialDomainReloadingComplete (20ms)
	LoadAllAssembliesAndSetupDomain (162ms)
		LoadAssemblies (119ms)
		AnalyzeDomain (11ms)
			TypeCache.Refresh (4ms)
			ResolveRequiredComponents (4ms)
	FinalizeReload (372ms)
		SetupLoadedEditorAssemblies (0ms)
			BeforeProcessingInitializeOnLoad (49ms)
			ProcessInitializeOnLoadAttributes (146ms)
			ProcessInitializeOnLoadMethodAttributes (56ms)
		AwakeInstancesAfterBackupRestoration (10ms)
WARNING: Shader Unsupported: 'Universal Render Pipeline/VR/SpatialMapping/Wireframe' - All subshaders removed
WARNING: Shader Did you use #pragma only_renderers and omit this platform?
WARNING: Shader If subshaders removal was intentional, you may have forgotten turning Fallback off?
Shader Hidden/ChartRasterizerHardware is not supported: GPU does not support conservative rasterization
Unloading 24 Unused Serialized files (Serialized files now loaded: 0)
Unloading 6433 unused Assets / (4.5 MB). Loaded Objects now: 7369.
Memory consumption went from 185.2 MB to 180.8 MB.
Total: 6.469958 ms (FindLiveObjects: 0.318625 ms CreateObjectMapping: 1.123416 ms MarkObjects: 3.886125 ms  DeleteObjects: 1.141333 ms)

Prepare: number of updated asset objects reloaded= 0
========================================================================
Received Prepare
AcceleratorClientConnectionCallback - disconnected - :0
[Licensing::Client] Successfully resolved entitlement details
Begin MonoManager ReloadAssembly
Thread 0x16c213000 may have been prematurely finalized
Native extension for OSXStandalone target not found
Native extension for WebGL target not found
[Package Manager] Failed to launch server process. Reason: Unity was launched with the -noUpm command-line argument
[Package Manager] Unable to send message (not connected to server process).
[Package Manager] Cannot connect to Unity Package Manager local server
[Package Manager] Failed to launch server process. Reason: Unity was launched with the -noUpm command-line argument
[Package Manager] Unable to send message (not connected to server process).
[Package Manager] Cannot connect to Unity Package Manager local server
ScheduleIndexationOnStartup MainProcess:False IndexOnStartup:True
Mono: successfully reloaded assembly
- Finished resetting the current domain, in  0.375 seconds
Domain Reload Profiling: 785ms
	BeginReloadAssembly (102ms)
		DisableScriptedObjects (3ms)
		CreateAndSetChildDomain (33ms)
	RebuildCommonClasses (5ms)
	RebuildNativeTypeToScriptingClass (9ms)
	initialDomainReloadingComplete (21ms)
	LoadAllAssembliesAndSetupDomain (272ms)
		LoadAssemblies (131ms)
		AnalyzeDomain (111ms)
			TypeCache.Refresh (6ms)
			BuildScriptInfoCaches (100ms)
			ResolveRequiredComponents (4ms)
	FinalizeReload (376ms)
		SetupLoadedEditorAssemblies (0ms)
			BeforeProcessingInitializeOnLoad (47ms)
			ProcessInitializeOnLoadAttributes (148ms)
			ProcessInitializeOnLoadMethodAttributes (60ms)
		AwakeInstancesAfterBackupRestoration (9ms)
WARNING: Shader Unsupported: 'Universal Render Pipeline/VR/SpatialMapping/Wireframe' - All subshaders removed
WARNING: Shader Did you use #pragma only_renderers and omit this platform?
WARNING: Shader If subshaders removal was intentional, you may have forgotten turning Fallback off?
Shader Hidden/ChartRasterizerHardware is not supported: GPU does not support conservative rasterization
Unloading 24 Unused Serialized files (Serialized files now loaded: 0)
Unloading 6433 unused Assets / (4.9 MB). Loaded Objects now: 7372.
Memory consumption went from 185.9 MB to 180.9 MB.
Total: 5.994083 ms (FindLiveObjects: 0.311083 ms CreateObjectMapping: 0.989792 ms MarkObjects: 3.535500 ms  DeleteObjects: 1.157292 ms)

Prepare: number of updated asset objects reloaded= 0
========================================================================
Received Prepare
AcceleratorClientConnectionCallback - disconnected - :0
Begin MonoManager ReloadAssembly
Thread 0x16c213000 may have been prematurely finalized
Native extension for OSXStandalone target not found
Native extension for WebGL target not found
[Package Manager] Failed to launch server process. Reason: Unity was launched with the -noUpm command-line argument
[Package Manager] Unable to send message (not connected to server process).
[Package Manager] Cannot connect to Unity Package Manager local server
[Package Manager] Failed to launch server process. Reason: Unity was launched with the -noUpm command-line argument
[Package Manager] Unable to send message (not connected to server process).
[Package Manager] Cannot connect to Unity Package Manager local server
ScheduleIndexationOnStartup MainProcess:False IndexOnStartup:True
Mono: successfully reloaded assembly
- Finished resetting the current domain, in  0.370 seconds
Domain Reload Profiling: 671ms
	BeginReloadAssembly (107ms)
		DisableScriptedObjects (3ms)
		CreateAndSetChildDomain (37ms)
	RebuildCommonClasses (5ms)
	RebuildNativeTypeToScriptingClass (9ms)
	initialDomainReloadingComplete (20ms)
	LoadAllAssembliesAndSetupDomain (160ms)
		LoadAssemblies (121ms)
		AnalyzeDomain (10ms)
			TypeCache.Refresh (4ms)
			ResolveRequiredComponents (4ms)
	FinalizeReload (370ms)
		SetupLoadedEditorAssemblies (0ms)
			BeforeProcessingInitializeOnLoad (48ms)
			ProcessInitializeOnLoadAttributes (144ms)
			ProcessInitializeOnLoadMethodAttributes (58ms)
		AwakeInstancesAfterBackupRestoration (11ms)
WARNING: Shader Unsupported: 'Universal Render Pipeline/VR/SpatialMapping/Wireframe' - All subshaders removed
WARNING: Shader Did you use #pragma only_renderers and omit this platform?
WARNING: Shader If subshaders removal was intentional, you may have forgotten turning Fallback off?
Shader Hidden/ChartRasterizerHardware is not supported: GPU does not support conservative rasterization
Unloading 24 Unused Serialized files (Serialized files now loaded: 0)
Unloading 6433 unused Assets / (4.8 MB). Loaded Objects now: 7375.
Memory consumption went from 186.3 MB to 181.5 MB.
Total: 6.308750 ms (FindLiveObjects: 0.318792 ms CreateObjectMapping: 1.116750 ms MarkObjects: 3.711083 ms  DeleteObjects: 1.161541 ms)

Prepare: number of updated asset objects reloaded= 0
========================================================================
Received Prepare
AcceleratorClientConnectionCallback - disconnected - :0
[Licensing::Client] Successfully resolved entitlement details
Begin MonoManager ReloadAssembly
Thread 0x16c213000 may have been prematurely finalized
Native extension for OSXStandalone target not found
Native extension for WebGL target not found
[Package Manager] Failed to launch server process. Reason: Unity was launched with the -noUpm command-line argument
[Package Manager] Unable to send message (not connected to server process).
[Package Manager] Cannot connect to Unity Package Manager local server
[Package Manager] Failed to launch server process. Reason: Unity was launched with the -noUpm command-line argument
[Package Manager] Unable to send message (not connected to server process).
[Package Manager] Cannot connect to Unity Package Manager local server
ScheduleIndexationOnStartup MainProcess:False IndexOnStartup:True
Mono: successfully reloaded assembly
- Finished resetting the current domain, in  0.367 seconds
Domain Reload Profiling: 674ms
	BeginReloadAssembly (105ms)
		DisableScriptedObjects (3ms)
		CreateAndSetChildDomain (35ms)
	RebuildCommonClasses (5ms)
	RebuildNativeTypeToScriptingClass (9ms)
	initialDomainReloadingComplete (20ms)
	LoadAllAssembliesAndSetupDomain (168ms)
		LoadAssemblies (129ms)
		AnalyzeDomain (11ms)
			TypeCache.Refresh (4ms)
			ResolveRequiredComponents (4ms)
	FinalizeReload (368ms)
		SetupLoadedEditorAssemblies (0ms)
			BeforeProcessingInitializeOnLoad (47ms)
			ProcessInitializeOnLoadAttributes (144ms)
			ProcessInitializeOnLoadMethodAttributes (57ms)
		AwakeInstancesAfterBackupRestoration (10ms)
WARNING: Shader Unsupported: 'Universal Render Pipeline/VR/SpatialMapping/Wireframe' - All subshaders removed
WARNING: Shader Did you use #pragma only_renderers and omit this platform?
WARNING: Shader If subshaders removal was intentional, you may have forgotten turning Fallback off?
Shader Hidden/ChartRasterizerHardware is not supported: GPU does not support conservative rasterization
Unloading 24 Unused Serialized files (Serialized files now loaded: 0)
Unloading 6433 unused Assets / (4.4 MB). Loaded Objects now: 7378.
Memory consumption went from 186.8 MB to 182.4 MB.
Total: 6.273125 ms (FindLiveObjects: 0.312916 ms CreateObjectMapping: 1.072333 ms MarkObjects: 3.806084 ms  DeleteObjects: 1.081500 ms)

Prepare: number of updated asset objects reloaded= 0
========================================================================
Received Prepare
AcceleratorClientConnectionCallback - disconnected - :0
Begin MonoManager ReloadAssembly
Thread 0x16b7b7000 may have been prematurely finalized
Native extension for OSXStandalone target not found
Native extension for WebGL target not found
[Package Manager] Failed to launch server process. Reason: Unity was launched with the -noUpm command-line argument
[Package Manager] Unable to send message (not connected to server process).
[Package Manager] Cannot connect to Unity Package Manager local server
[Package Manager] Failed to launch server process. Reason: Unity was launched with the -noUpm command-line argument
[Package Manager] Unable to send message (not connected to server process).
[Package Manager] Cannot connect to Unity Package Manager local server
ScheduleIndexationOnStartup MainProcess:False IndexOnStartup:True
Mono: successfully reloaded assembly
- Finished resetting the current domain, in  0.372 seconds
Domain Reload Profiling: 670ms
	BeginReloadAssembly (103ms)
		DisableScriptedObjects (3ms)
		CreateAndSetChildDomain (35ms)
	RebuildCommonClasses (5ms)
	RebuildNativeTypeToScriptingClass (9ms)
	initialDomainReloadingComplete (20ms)
	LoadAllAssembliesAndSetupDomain (161ms)
		LoadAssemblies (118ms)
		AnalyzeDomain (11ms)
			TypeCache.Refresh (4ms)
			ResolveRequiredComponents (4ms)
	FinalizeReload (373ms)
		SetupLoadedEditorAssemblies (0ms)
			BeforeProcessingInitializeOnLoad (48ms)
			ProcessInitializeOnLoadAttributes (146ms)
			ProcessInitializeOnLoadMethodAttributes (57ms)
		AwakeInstancesAfterBackupRestoration (11ms)
WARNING: Shader Unsupported: 'Universal Render Pipeline/VR/SpatialMapping/Wireframe' - All subshaders removed
WARNING: Shader Did you use #pragma only_renderers and omit this platform?
WARNING: Shader If subshaders removal was intentional, you may have forgotten turning Fallback off?
Shader Hidden/ChartRasterizerHardware is not supported: GPU does not support conservative rasterization
Unloading 24 Unused Serialized files (Serialized files now loaded: 0)
Unloading 6433 unused Assets / (4.6 MB). Loaded Objects now: 7381.
Memory consumption went from 187.3 MB to 182.7 MB.
Total: 6.082291 ms (FindLiveObjects: 0.319417 ms CreateObjectMapping: 1.029084 ms MarkObjects: 3.593083 ms  DeleteObjects: 1.140375 ms)

Prepare: number of updated asset objects reloaded= 0
========================================================================
Received Prepare
AcceleratorClientConnectionCallback - disconnected - :0
WARNING: Shader Unsupported: 'Universal Render Pipeline/VR/SpatialMapping/Wireframe' - All subshaders removed
WARNING: Shader Did you use #pragma only_renderers and omit this platform?
WARNING: Shader If subshaders removal was intentional, you may have forgotten turning Fallback off?
Shader Hidden/ChartRasterizerHardware is not supported: GPU does not support conservative rasterization
Unloading 24 Unused Serialized files (Serialized files now loaded: 0)
Unloading 24 unused Assets / (2.6 MB). Loaded Objects now: 7381.
Memory consumption went from 174.1 MB to 171.5 MB.
Total: 4.560166 ms (FindLiveObjects: 0.199375 ms CreateObjectMapping: 0.377667 ms MarkObjects: 3.772583 ms  DeleteObjects: 0.210292 ms)

Prepare: number of updated asset objects reloaded= 0
========================================================================
Received Prepare
AcceleratorClientConnectionCallback - disconnected - :0
[Licensing::Client] Successfully resolved entitlement details
Begin MonoManager ReloadAssembly
Thread 0x16b7b7000 may have been prematurely finalized
Native extension for OSXStandalone target not found
Native extension for WebGL target not found
[Package Manager] Failed to launch server process. Reason: Unity was launched with the -noUpm command-line argument
[Package Manager] Unable to send message (not connected to server process).
[Package Manager] Cannot connect to Unity Package Manager local server
[Package Manager] Failed to launch server process. Reason: Unity was launched with the -noUpm command-line argument
[Package Manager] Unable to send message (not connected to server process).
[Package Manager] Cannot connect to Unity Package Manager local server
ScheduleIndexationOnStartup MainProcess:False IndexOnStartup:True
Mono: successfully reloaded assembly
- Finished resetting the current domain, in  0.371 seconds
Domain Reload Profiling: 687ms
	BeginReloadAssembly (108ms)
		DisableScriptedObjects (3ms)
		CreateAndSetChildDomain (34ms)
	RebuildCommonClasses (5ms)
	RebuildNativeTypeToScriptingClass (9ms)
	initialDomainReloadingComplete (20ms)
	LoadAllAssembliesAndSetupDomain (174ms)
		LoadAssemblies (135ms)
		AnalyzeDomain (11ms)
			TypeCache.Refresh (4ms)
			ResolveRequiredComponents (4ms)
	FinalizeReload (372ms)
		SetupLoadedEditorAssemblies (0ms)
			BeforeProcessingInitializeOnLoad (47ms)
			ProcessInitializeOnLoadAttributes (146ms)
			ProcessInitializeOnLoadMethodAttributes (58ms)
		AwakeInstancesAfterBackupRestoration (11ms)
WARNING: Shader Unsupported: 'Universal Render Pipeline/VR/SpatialMapping/Wireframe' - All subshaders removed
WARNING: Shader Did you use #pragma only_renderers and omit this platform?
WARNING: Shader If subshaders removal was intentional, you may have forgotten turning Fallback off?
Shader Hidden/ChartRasterizerHardware is not supported: GPU does not support conservative rasterization
Unloading 24 Unused Serialized files (Serialized files now loaded: 0)
Unloading 6433 unused Assets / (4.5 MB). Loaded Objects now: 7384.
Memory consumption went from 184.9 MB to 180.5 MB.
Total: 6.193917 ms (FindLiveObjects: 0.318458 ms CreateObjectMapping: 1.072708 ms MarkObjects: 3.770209 ms  DeleteObjects: 1.032292 ms)

Prepare: number of updated asset objects reloaded= 0
========================================================================
Received Prepare
AcceleratorClientConnectionCallback - disconnected - :0
Begin MonoManager ReloadAssembly
Thread 0x16c213000 may have been prematurely finalized
Native extension for OSXStandalone target not found
Native extension for WebGL target not found
[Package Manager] Failed to launch server process. Reason: Unity was launched with the -noUpm command-line argument
[Package Manager] Unable to send message (not connected to server process).
[Package Manager] Cannot connect to Unity Package Manager local server
[Package Manager] Failed to launch server process. Reason: Unity was launched with the -noUpm command-line argument
[Package Manager] Unable to send message (not connected to server process).
[Package Manager] Cannot connect to Unity Package Manager local server
ScheduleIndexationOnStartup MainProcess:False IndexOnStartup:True
Mono: successfully reloaded assembly
- Finished resetting the current domain, in  0.376 seconds
Domain Reload Profiling: 674ms
	BeginReloadAssembly (104ms)
		DisableScriptedObjects (3ms)
		CreateAndSetChildDomain (34ms)
	RebuildCommonClasses (5ms)
	RebuildNativeTypeToScriptingClass (9ms)
	initialDomainReloadingComplete (19ms)
	LoadAllAssembliesAndSetupDomain (160ms)
		LoadAssemblies (119ms)
		AnalyzeDomain (11ms)
			TypeCache.Refresh (4ms)
			ResolveRequiredComponents (4ms)
	FinalizeReload (377ms)
		SetupLoadedEditorAssemblies (0ms)
			BeforeProcessingInitializeOnLoad (47ms)
			ProcessInitializeOnLoadAttributes (147ms)
			ProcessInitializeOnLoadMethodAttributes (60ms)
		AwakeInstancesAfterBackupRestoration (11ms)
WARNING: Shader Unsupported: 'Universal Render Pipeline/VR/SpatialMapping/Wireframe' - All subshaders removed
WARNING: Shader Did you use #pragma only_renderers and omit this platform?
WARNING: Shader If subshaders removal was intentional, you may have forgotten turning Fallback off?
Shader Hidden/ChartRasterizerHardware is not supported: GPU does not support conservative rasterization
Unloading 24 Unused Serialized files (Serialized files now loaded: 0)
Unloading 6433 unused Assets / (4.4 MB). Loaded Objects now: 7387.
Memory consumption went from 185.4 MB to 181.0 MB.
Total: 6.212916 ms (FindLiveObjects: 0.329541 ms CreateObjectMapping: 1.171750 ms MarkObjects: 3.610209 ms  DeleteObjects: 1.100959 ms)

Prepare: number of updated asset objects reloaded= 0
========================================================================
Received Prepare
AcceleratorClientConnectionCallback - disconnected - :0
WARNING: Shader Unsupported: 'Universal Render Pipeline/VR/SpatialMapping/Wireframe' - All subshaders removed
WARNING: Shader Did you use #pragma only_renderers and omit this platform?
WARNING: Shader If subshaders removal was intentional, you may have forgotten turning Fallback off?
Shader Hidden/ChartRasterizerHardware is not supported: GPU does not support conservative rasterization
Unloading 24 Unused Serialized files (Serialized files now loaded: 0)
Unloading 24 unused Assets / (2.6 MB). Loaded Objects now: 7387.
Memory consumption went from 172.2 MB to 169.6 MB.
Total: 3.978084 ms (FindLiveObjects: 0.164167 ms CreateObjectMapping: 0.318041 ms MarkObjects: 3.228459 ms  DeleteObjects: 0.267334 ms)

Prepare: number of updated asset objects reloaded= 0
========================================================================
Received Prepare
AcceleratorClientConnectionCallback - disconnected - :0
[Licensing::Client] Successfully resolved entitlement details
Begin MonoManager ReloadAssembly
Thread 0x16c213000 may have been prematurely finalized
Native extension for OSXStandalone target not found
Native extension for WebGL target not found
[Package Manager] Failed to launch server process. Reason: Unity was launched with the -noUpm command-line argument
[Package Manager] Unable to send message (not connected to server process).
[Package Manager] Cannot connect to Unity Package Manager local server
[Package Manager] Failed to launch server process. Reason: Unity was launched with the -noUpm command-line argument
[Package Manager] Unable to send message (not connected to server process).
[Package Manager] Cannot connect to Unity Package Manager local server
ScheduleIndexationOnStartup MainProcess:False IndexOnStartup:True
Mono: successfully reloaded assembly
- Finished resetting the current domain, in  0.372 seconds
Domain Reload Profiling: 776ms
	BeginReloadAssembly (104ms)
		DisableScriptedObjects (3ms)
		CreateAndSetChildDomain (35ms)
	RebuildCommonClasses (5ms)
	RebuildNativeTypeToScriptingClass (9ms)
	initialDomainReloadingComplete (20ms)
	LoadAllAssembliesAndSetupDomain (266ms)
		LoadAssemblies (121ms)
		AnalyzeDomain (112ms)
			TypeCache.Refresh (6ms)
			BuildScriptInfoCaches (101ms)
			ResolveRequiredComponents (4ms)
	FinalizeReload (372ms)
		SetupLoadedEditorAssemblies (0ms)
			BeforeProcessingInitializeOnLoad (47ms)
			ProcessInitializeOnLoadAttributes (148ms)
			ProcessInitializeOnLoadMethodAttributes (55ms)
		AwakeInstancesAfterBackupRestoration (11ms)
WARNING: Shader Unsupported: 'Universal Render Pipeline/VR/SpatialMapping/Wireframe' - All subshaders removed
WARNING: Shader Did you use #pragma only_renderers and omit this platform?
WARNING: Shader If subshaders removal was intentional, you may have forgotten turning Fallback off?
Shader Hidden/ChartRasterizerHardware is not supported: GPU does not support conservative rasterization
Unloading 24 Unused Serialized files (Serialized files now loaded: 0)
Unloading 6433 unused Assets / (4.6 MB). Loaded Objects now: 7390.
Memory consumption went from 184.6 MB to 180.0 MB.
Total: 5.563125 ms (FindLiveObjects: 0.331333 ms CreateObjectMapping: 1.030667 ms MarkObjects: 3.298958 ms  DeleteObjects: 0.901792 ms)

Prepare: number of updated asset objects reloaded= 0
========================================================================
Received Prepare
AcceleratorClientConnectionCallback - disconnected - :0
Begin MonoManager ReloadAssembly
Thread 0x16c213000 may have been prematurely finalized
Native extension for OSXStandalone target not found
Native extension for WebGL target not found
[Package Manager] Failed to launch server process. Reason: Unity was launched with the -noUpm command-line argument
[Package Manager] Unable to send message (not connected to server process).
[Package Manager] Cannot connect to Unity Package Manager local server
[Package Manager] Failed to launch server process. Reason: Unity was launched with the -noUpm command-line argument
[Package Manager] Unable to send message (not connected to server process).
[Package Manager] Cannot connect to Unity Package Manager local server
ScheduleIndexationOnStartup MainProcess:False IndexOnStartup:True
Mono: successfully reloaded assembly
- Finished resetting the current domain, in  0.376 seconds
Domain Reload Profiling: 681ms
	BeginReloadAssembly (107ms)
		DisableScriptedObjects (3ms)
		CreateAndSetChildDomain (36ms)
	RebuildCommonClasses (4ms)
	RebuildNativeTypeToScriptingClass (9ms)
	initialDomainReloadingComplete (21ms)
	LoadAllAssembliesAndSetupDomain (163ms)
		LoadAssemblies (122ms)
		AnalyzeDomain (10ms)
			TypeCache.Refresh (4ms)
			ResolveRequiredComponents (4ms)
	FinalizeReload (376ms)
		SetupLoadedEditorAssemblies (0ms)
			BeforeProcessingInitializeOnLoad (47ms)
			ProcessInitializeOnLoadAttributes (147ms)
			ProcessInitializeOnLoadMethodAttributes (60ms)
		AwakeInstancesAfterBackupRestoration (10ms)
WARNING: Shader Unsupported: 'Universal Render Pipeline/VR/SpatialMapping/Wireframe' - All subshaders removed
WARNING: Shader Did you use #pragma only_renderers and omit this platform?
WARNING: Shader If subshaders removal was intentional, you may have forgotten turning Fallback off?
Shader Hidden/ChartRasterizerHardware is not supported: GPU does not support conservative rasterization
Unloading 24 Unused Serialized files (Serialized files now loaded: 0)
Unloading 6433 unused Assets / (4.9 MB). Loaded Objects now: 7393.
Memory consumption went from 185.1 MB to 180.2 MB.
Total: 6.181125 ms (FindLiveObjects: 0.367417 ms CreateObjectMapping: 1.187042 ms MarkObjects: 3.469041 ms  DeleteObjects: 1.157292 ms)

Prepare: number of updated asset objects reloaded= 0
========================================================================
Received Import Request.
  Time of request: 2026-10-09T04:21:51.720641Z
  Time since last request: 960.630013459 seconds.
  importAddress: GUID: 84729eeda748340d0955715b6a50b370 - Path: Assets/Scenes/Prototype 1.unity - Importer: ScriptedImporter/UnityEditor.QuickSearchModule:UnityEditor.Search:ASIAI0B
Importing 'GUID: 84729eeda748340d0955715b6a50b370 - Path: Assets/Scenes/Prototype 1.unity - Importer: ScriptedImporter/UnityEditor.QuickSearchModule:UnityEditor.Search:ASIAI0B' with importer (ScriptedImporter : UnityEditor.QuickSearchModule:UnityEditor.Search:ASIAI0B)
Imported 'GUID: 84729eeda748340d0955715b6a50b370' -> (Import Result ID: '1519fd336acd8f8e83164b2cf4b81a4b') in 0.026 seconds [static and dynamic dependencies]. Details - ImportResultOutputID=cf0f2b33bafe5c51a12bae5527d9be0a DependenciesID=72a62e2cad95326c9f1caad886bf36f5 StaticDependenciesID=37f47a6985eeee3a3d63addc589a3d0a 
Number of updated asset objects reloaded before import = 0
Number of asset objects unloaded after import = 1
========================================================================
Received Import Request.
  Time of request: 2026-10-09T04:21:51.754138Z
  Time since last request: 0.000286791 seconds.
  importAddress: GUID: 16eee8187ea9342d5bd874a0e15751c1 - Path: Assets/Scripts/MainMenu.cs - Importer: ScriptedImporter/UnityEditor.QuickSearchModule:UnityEditor.Search:ASIAI0B
Importing 'GUID: 16eee8187ea9342d5bd874a0e15751c1 - Path: Assets/Scripts/MainMenu.cs - Importer: ScriptedImporter/UnityEditor.QuickSearchModule:UnityEditor.Search:ASIAI0B' with importer (ScriptedImporter : UnityEditor.QuickSearchModule:UnityEditor.Search:ASIAI0B)
Imported 'GUID: 16eee8187ea9342d5bd874a0e15751c1' -> (Import Result ID: 'bd1c151c6c36b720e8876e491d774a2d') in 0.011 seconds [static and dynamic dependencies]. Details - ImportResultOutputID=35becc14e3c7594232912a7cb7f5e653 DependenciesID=d951341512ec215c2efe1cb723966738 StaticDependenciesID=1bf7726f139541c3e23ede5ab8c9551a 
Number of updated asset objects reloaded before import = 0
Number of asset objects unloaded after import = 0
========================================================================
Received Import Request.
  Time of request: 2026-10-09T04:21:51.772713Z
  Time since last request: 0.000187584 seconds.
  importAddress: GUID: cea6ea5b7cc014c9e9ccea3e1152d8c3 - Path: Assets/Physics Materials/Bouncy.physicMaterial - Importer: ScriptedImporter/UnityEditor.QuickSearchModule:UnityEditor.Search:ASIAI0B
Importing 'GUID: cea6ea5b7cc014c9e9ccea3e1152d8c3 - Path: Assets/Physics Materials/Bouncy.physicMaterial - Importer: ScriptedImporter/UnityEditor.QuickSearchModule:UnityEditor.Search:ASIAI0B' with importer (ScriptedImporter : UnityEditor.QuickSearchModule:UnityEditor.Search:ASIAI0B)
Imported 'GUID: cea6ea5b7cc014c9e9ccea3e1152d8c3' -> (Import Result ID: '987581fd5788ae0f4f7a2f1d95c29d9d') in 0.006 seconds [static and dynamic dependencies]. Details - ImportResultOutputID=b885b5c3749942175badc7e6299dc70d DependenciesID=14a8eaa2b19a0aaf3d2f60d98da3a8bf StaticDependenciesID=8d6a2d3278bdf79d32655fd2b29699ab 
Number of updated asset objects reloaded before import = 0
Number of asset objects unloaded after import = 1
========================================================================
Received Prepare
AcceleratorClientConnectionCallback - disconnected - :0
WARNING: Shader Unsupported: 'Universal Render Pipeline/VR/SpatialMapping/Wireframe' - All subshaders removed
WARNING: Shader Did you use #pragma only_renderers and omit this platform?
WARNING: Shader If subshaders removal was intentional, you may have forgotten turning Fallback off?
Shader Hidden/ChartRasterizerHardware is not supported: GPU does not support conservative rasterization
Unloading 24 Unused Serialized files (Serialized files now loaded: 0)
Unloading 25 unused Assets / (2.6 MB). Loaded Objects now: 7393.
Memory consumption went from 172.9 MB to 170.3 MB.
Total: 4.508750 ms (FindLiveObjects: 0.189708 ms CreateObjectMapping: 0.435959 ms MarkObjects: 3.643000 ms  DeleteObjects: 0.239792 ms)

Prepare: number of updated asset objects reloaded= 0
========================================================================
Received Prepare
AcceleratorClientConnectionCallback - disconnected - :0
WARNING: Shader Unsupported: 'Universal Render Pipeline/VR/SpatialMapping/Wireframe' - All subshaders removed
WARNING: Shader Did you use #pragma only_renderers and omit this platform?
WARNING: Shader If subshaders removal was intentional, you may have forgotten turning Fallback off?
Shader Hidden/ChartRasterizerHardware is not supported: GPU does not support conservative rasterization
Unloading 24 Unused Serialized files (Serialized files now loaded: 0)
Unloading 6423 unused Assets / (5.2 MB). Loaded Objects now: 7394.
Memory consumption went from 176.1 MB to 170.9 MB.
Total: 6.167666 ms (FindLiveObjects: 0.302292 ms CreateObjectMapping: 0.972458 ms MarkObjects: 3.716459 ms  DeleteObjects: 1.176000 ms)

Prepare: number of updated asset objects reloaded= 0
========================================================================
Received Prepare
AcceleratorClientConnectionCallback - disconnected - :0
[Licensing::Client] Successfully resolved entitlement details
Begin MonoManager ReloadAssembly
Thread 0x16c213000 may have been prematurely finalized
Native extension for OSXStandalone target not found
Native extension for WebGL target not found
[Package Manager] Failed to launch server process. Reason: Unity was launched with the -noUpm command-line argument
[Package Manager] Unable to send message (not connected to server process).
[Package Manager] Cannot connect to Unity Package Manager local server
[Package Manager] Failed to launch server process. Reason: Unity was launched with the -noUpm command-line argument
[Package Manager] Unable to send message (not connected to server process).
[Package Manager] Cannot connect to Unity Package Manager local server
ScheduleIndexationOnStartup MainProcess:False IndexOnStartup:True
Mono: successfully reloaded assembly
- Finished resetting the current domain, in  0.369 seconds
Domain Reload Profiling: 820ms
	BeginReloadAssembly (107ms)
		DisableScriptedObjects (3ms)
		CreateAndSetChildDomain (35ms)
	RebuildCommonClasses (5ms)
	RebuildNativeTypeToScriptingClass (9ms)
	initialDomainReloadingComplete (22ms)
	LoadAllAssembliesAndSetupDomain (307ms)
		LoadAssemblies (155ms)
		AnalyzeDomain (117ms)
			TypeCache.Refresh (8ms)
			BuildScriptInfoCaches (104ms)
			ResolveRequiredComponents (4ms)
	FinalizeReload (370ms)
		SetupLoadedEditorAssemblies (0ms)
			BeforeProcessingInitializeOnLoad (48ms)
			ProcessInitializeOnLoadAttributes (143ms)
			ProcessInitializeOnLoadMethodAttributes (58ms)
		AwakeInstancesAfterBackupRestoration (10ms)
WARNING: Shader Unsupported: 'Universal Render Pipeline/VR/SpatialMapping/Wireframe' - All subshaders removed
WARNING: Shader Did you use #pragma only_renderers and omit this platform?
WARNING: Shader If subshaders removal was intentional, you may have forgotten turning Fallback off?
Shader Hidden/ChartRasterizerHardware is not supported: GPU does not support conservative rasterization
Unloading 24 Unused Serialized files (Serialized files now loaded: 0)
Unloading 6434 unused Assets / (4.8 MB). Loaded Objects now: 7397.
Memory consumption went from 184.7 MB to 179.8 MB.
Total: 5.930416 ms (FindLiveObjects: 0.300250 ms CreateObjectMapping: 0.957167 ms MarkObjects: 3.638791 ms  DeleteObjects: 1.034125 ms)

Prepare: number of updated asset objects reloaded= 0
Editor requested this worker to shutdown with reason: Scaling down because of idle timeout
AcceleratorClientConnectionCallback - disconnected - :0
AssetImportWorker is now disconnected from the server
Process exiting
