Unity Editor version:    6000.5.3f1 (c2eb47b3a2a9)
Branch:                  6000.5/staging
Build type:              Release
Batch mode:              YES
macOS version:           Version 15.2 (Build 24C101)
Darwin version:          24.2.0
Architecture:            arm64
Running under Rosetta:   NO
Available memory:        24576 MB
Date:                    2026-10-09T03:44:21Z
[Licensing::Module] Trying to connect to existing licensing client channel...
[Licensing::IpcConnector] Successfully connected to: "LicenseClient-georgeburtsev2007" at "2026-10-09T03:44:21.039648Z"

COMMAND LINE ARGUMENTS:
/Applications/Unity/Hub/Editor/6000.5.3f1/Unity.app/Contents/MacOS/Unity
-adb2
-batchMode
-noUpm
-name
AssetImportWorkerHW4
-projectPath
/Users/georgeburtsev2007/Desktop/AU/2026-1/Game Design and Development (CSX4515)/Unity/6810734_Final_Exam
-logFile
Logs/AssetImportWorkerHW4.log
-srvPort
50929
-parentPid
31564
-analyticsCloudUserId
18968465022964
-analyticsCloudProjectId
119fafb8-c94c-4152-bc3b-0de41fafd8b6
-analyticsLocalProjectId
6ae970de5df4a44eaba9034273b62b56
-noDiagnosticSwitchPersistentStore
-job-worker-count
5
-background-job-worker-count
8
-asset-garbage-collectors
1
-force-metal
-name AssetImport
Successfully changed project path to: /Users/georgeburtsev2007/Desktop/AU/2026-1/Game Design and Development (CSX4515)/Unity/6810734_Final_Exam
/Users/georgeburtsev2007/Desktop/AU/2026-1/Game Design and Development (CSX4515)/Unity/6810734_Final_Exam
[UnityMemory] Configuration Parameters - Can be set up in boot.config
    "memorysetup-temp-allocator-size-gi-baking-worker=262144"
    "memorysetup-temp-allocator-size-gi-baking-worker=262144"
    "memorysetup-temp-allocator-size-gi-baking-worker=262144"
    "memorysetup-temp-allocator-size-gi-baking-worker=262144"
    "memorysetup-temp-allocator-size-gi-baking-worker=262144"
    "memorysetup-temp-allocator-size-nav-mesh-worker=65536"
    "memorysetup-temp-allocator-size-audio-worker=65536"
    "memorysetup-temp-allocator-size-cloud-worker=32768"
    "memorysetup-allocator-temp-initial-block-size-main=262144"
    "memorysetup-allocator-temp-initial-block-size-worker=262144"
    "memorysetup-temp-allocator-size-preload-manager=33554432"
    "memorysetup-temp-allocator-size-gfx=262144"
    "memorysetup-temp-allocator-size-background-worker=32768"
    "memorysetup-temp-allocator-size-job-worker=262144"
    "memorysetup-bucket-allocator-granularity=16"
    "memorysetup-bucket-allocator-bucket-count=8"
    "memorysetup-bucket-allocator-block-size=33554432"
    "memorysetup-bucket-allocator-block-count=8"
    "memorysetup-main-allocator-block-size=16777216"
    "memorysetup-thread-allocator-block-size=16777216"
    "memorysetup-main-allocator-mimalloc-enabled=0"
    "memorysetup-gfx-main-allocator-block-size=16777216"
    "memorysetup-gfx-thread-allocator-block-size=16777216"
    "memorysetup-cache-allocator-block-size=4194304"
    "memorysetup-typetree-allocator-block-size=2097152"
    "memorysetup-profiler-bucket-allocator-granularity=16"
    "memorysetup-profiler-bucket-allocator-bucket-count=8"
    "memorysetup-profiler-bucket-allocator-block-size=33554432"
    "memorysetup-profiler-bucket-allocator-block-count=8"
    "memorysetup-profiler-allocator-block-size=16777216"
    "memorysetup-profiler-editor-allocator-block-size=1048576"
    "memorysetup-temp-allocator-size-main=16777216"
    "memorysetup-job-temp-allocator-block-size=2097152"
    "memorysetup-job-temp-allocator-block-size-background=1048576"
    "memorysetup-job-temp-allocator-reduction-small-platforms=262144"
Player connection [8249049664]  Target information:

Player connection [8249049664]  * "[IP] 192.168.1.103 [Port] 0 [Flags] 2 [Guid] 3686222525 [EditorId] 3686222525 [Version] 1048832 [Id] OSXEditor(0,Georges-MacBook-Pro.local) [Debug] 1 [PackageName] OSXEditor [ProjectName] Editor" 

Player connection [8249049664] Host joined multi-casting on [225.0.0.222:54997]...
Player connection [8249049664] Host joined alternative multi-casting on [225.0.0.222:34997]...
JobSystem: Creating JobQueue using job-worker-count value 5
Input System module state changed to: Initialized.
[Physics::Module] Initialized fallback backend.
[Physics::Module] Id: 0xdecafbad
Library Redirect Path: Library/
[Physics::Module] Selected backend.
[Physics::Module] Name: PhysX
[Physics::Module] Id: 0xf2b8ea05
[Physics::Module] SDK Version: 4.1.2
[Physics::Module] Integration Version: 1.0.0
[Physics::Module] Threading Mode: Multi-Threaded
Refreshing native plugins compatible for Editor in 4.52 ms, found 2 plugins.
Initialize engine version: 6000.5.3f1 (c2eb47b3a2a9)
[Subsystems] Discovering subsystems at path /Applications/Unity/Hub/Editor/6000.5.3f1/Unity.app/Contents/Resources/UnitySubsystems
[Subsystems] Discovering subsystems at path /Users/georgeburtsev2007/Desktop/AU/2026-1/Game Design and Development (CSX4515)/Unity/6810734_Final_Exam/Assets
Forcing GfxDevice: Metal
GfxDevice: creating device client; kGfxThreadingModeNonThreaded
 preferred device: Apple M4 Pro (high power)
Metal devices available: 1
0: Apple M4 Pro (high power)
Using device Apple M4 Pro (high power)
Initializing Metal device caps: Apple M4 Pro
Mac GPU Family: 2
Apple GPU Family: 9
MSL Version: 3.0
Has Float MSAA: 1
Has Float Filtering: 1
ReadWrite Texture Tier: 2
[Licensing::Client] Handshaking with LicensingClient:
  Version:                 1.18.3+d7ffd15
  Session Id:              e658237432074119a8129b74c55a7a91
  Correlation Id:          f2b3bff9271ab18776aeb74f1feb0283
  External correlation Id: 432234482577181766
  Machine Id:              9M1zCBFGpa3+Osu+mvXHIeP3kTg=
[Licensing::Module] Successfully connected to LicensingClient on channel: "LicenseClient-georgeburtsev2007" (connect: 0.00s, validation: 0.00s, handshake: 0.31s)
[Licensing::IpcConnector] Successfully connected to: "LicenseClient-georgeburtsev2007-notifications" at "2026-10-09T03:44:21.351728Z"
[Licensing::Module] Licensing Background thread has ended after 0.31s
Initialize mono
Mono path[0] = '/Applications/Unity/Hub/Editor/6000.5.3f1/Unity.app/Contents/Resources/Scripting/Managed'
Mono path[1] = '/Applications/Unity/Hub/Editor/6000.5.3f1/Unity.app/Contents/Resources/Scripting/BCLExtensions/runtime/netstandard2.1'
Mono path[2] = '/Applications/Unity/Hub/Editor/6000.5.3f1/Unity.app/Contents/Resources/Scripting/MonoBleedingEdge/lib/mono/unityjit-macos'
Mono config path = '/Applications/Unity/Hub/Editor/6000.5.3f1/Unity.app/Contents/Resources/Scripting/MonoBleedingEdge/etc'
Using monoOptions --debugger-agent=transport=dt_socket,embedding=1,server=y,suspend=n,address=127.0.0.1:56616
CodeReloadManager initialized
Begin MonoManager ReloadAssembly
Registering precompiled unity dll's ...
Register platform support module: /Applications/Unity/Hub/Editor/6000.5.3f1/PlaybackEngines/WebGLSupport/UnityEditor.WebGL.Extensions.dll
Register platform support module: /Applications/Unity/Hub/Editor/6000.5.3f1/PlaybackEngines/MacStandaloneSupport/UnityEditor.OSXStandalone.Extensions.dll
Registered in 0.001225 seconds.
Native extension for OSXStandalone target not found
Native extension for WebGL target not found
Package Manager log level set to [2]
[Package Manager] Failed to launch server process. Reason: Unity was launched with the -noUpm command-line argument
[Package Manager] Unable to send message (not connected to server process).
[Package Manager] Cannot connect to Unity Package Manager local server
ScheduleIndexationOnStartup MainProcess:False IndexOnStartup:True
Mono: successfully reloaded assembly
- Finished resetting the current domain, in  0.230 seconds
Domain Reload Profiling: 521ms
	BeginReloadAssembly (72ms)
	RebuildCommonClasses (3ms)
	RebuildNativeTypeToScriptingClass (9ms)
	initialDomainReloadingComplete (31ms)
	LoadAllAssembliesAndSetupDomain (175ms)
		LoadAssemblies (72ms)
		AnalyzeDomain (133ms)
			TypeCache.Refresh (132ms)
				TypeCache.ScanAssembly (121ms)
	FinalizeReload (231ms)
		SetupLoadedEditorAssemblies (0ms)
			BeforeProcessingInitializeOnLoad (49ms)
			ProcessInitializeOnLoadAttributes (55ms)
			ProcessInitializeOnLoadMethodAttributes (76ms)
Initializing Unity extensions:
[Licensing::Client] Successfully resolved entitlement details
[Licensing::Module] License group:
  Id: 18968465022964-UnityPersXXXX
  Product: Unity Personal
  Type: Assigned
  Expiration: Unlimited
[CoreBusinessMetrics] Unexpected thread when updating session info.
========================================================================
Worker process is ready to serve import requests
Import Worker Mode flag is 0x00
Begin MonoManager ReloadAssembly
Native extension for OSXStandalone target not found
Native extension for WebGL target not found
[Package Manager] Failed to launch server process. Reason: Unity was launched with the -noUpm command-line argument
[Package Manager] Unable to send message (not connected to server process).
[Package Manager] Cannot connect to Unity Package Manager local server
[Package Manager] Failed to launch server process. Reason: Unity was launched with the -noUpm command-line argument
[Package Manager] Unable to send message (not connected to server process).
[Package Manager] Cannot connect to Unity Package Manager local server
ScheduleIndexationOnStartup MainProcess:False IndexOnStartup:True
Mono: successfully reloaded assembly
- Finished resetting the current domain, in  0.411 seconds
Domain Reload Profiling: 873ms
	BeginReloadAssembly (87ms)
		DisableScriptedObjects (3ms)
		CreateAndSetChildDomain (22ms)
	RebuildCommonClasses (5ms)
	RebuildNativeTypeToScriptingClass (10ms)
	initialDomainReloadingComplete (21ms)
	LoadAllAssembliesAndSetupDomain (339ms)
		LoadAssemblies (155ms)
		AnalyzeDomain (158ms)
			TypeCache.Refresh (113ms)
				TypeCache.ScanAssembly (101ms)
			BuildScriptInfoCaches (39ms)
			ResolveRequiredComponents (4ms)
	FinalizeReload (411ms)
		SetupLoadedEditorAssemblies (0ms)
			BeforeProcessingInitializeOnLoad (49ms)
			ProcessInitializeOnLoadAttributes (167ms)
			ProcessInitializeOnLoadMethodAttributes (53ms)
AcceleratorClientConnectionCallback - disconnected - :0
WARNING: Shader Unsupported: 'Universal Render Pipeline/VR/SpatialMapping/Wireframe' - All subshaders removed
WARNING: Shader Did you use #pragma only_renderers and omit this platform?
WARNING: Shader If subshaders removal was intentional, you may have forgotten turning Fallback off?
Shader Hidden/ChartRasterizerHardware is not supported: GPU does not support conservative rasterization
Shader Hidden/ChartRasterizerHardware is not supported: GPU does not support conservative rasterization
Launching external process: /Applications/Unity/Hub/Editor/6000.5.3f1/Unity.app/Contents/Helpers/UnityShaderCompiler
Launched and connected shader compiler UnityShaderCompiler after 0.02 seconds
Unloading 24 Unused Serialized files (Serialized files now loaded: 0)
Curl error 3: URL rejected: Error
Unloading 6432 unused Assets / (5.7 MB). Loaded Objects now: 7267.
Memory consumption went from 175.9 MB to 170.2 MB.
Total: 5.797500 ms (FindLiveObjects: 0.297292 ms CreateObjectMapping: 0.996875 ms MarkObjects: 3.569625 ms  DeleteObjects: 0.933583 ms)

========================================================================
Received Prepare
AcceleratorClientConnectionCallback - disconnected - :0
Begin MonoManager ReloadAssembly
Thread 0x16ef87000 may have been prematurely finalized
Native extension for OSXStandalone target not found
Native extension for WebGL target not found
[Package Manager] Failed to launch server process. Reason: Unity was launched with the -noUpm command-line argument
[Package Manager] Unable to send message (not connected to server process).
[Package Manager] Cannot connect to Unity Package Manager local server
[Package Manager] Failed to launch server process. Reason: Unity was launched with the -noUpm command-line argument
[Package Manager] Unable to send message (not connected to server process).
[Package Manager] Cannot connect to Unity Package Manager local server
ScheduleIndexationOnStartup MainProcess:False IndexOnStartup:True
Mono: successfully reloaded assembly
- Finished resetting the current domain, in  0.417 seconds
Domain Reload Profiling: 724ms
	BeginReloadAssembly (104ms)
		DisableScriptedObjects (3ms)
		CreateAndSetChildDomain (34ms)
	RebuildCommonClasses (4ms)
	RebuildNativeTypeToScriptingClass (9ms)
	initialDomainReloadingComplete (20ms)
	LoadAllAssembliesAndSetupDomain (170ms)
		LoadAssemblies (131ms)
		AnalyzeDomain (12ms)
			TypeCache.Refresh (6ms)
			ResolveRequiredComponents (4ms)
	FinalizeReload (418ms)
		SetupLoadedEditorAssemblies (0ms)
			BeforeProcessingInitializeOnLoad (45ms)
			ProcessInitializeOnLoadAttributes (146ms)
			ProcessInitializeOnLoadMethodAttributes (62ms)
		AwakeInstancesAfterBackupRestoration (7ms)
WARNING: Shader Unsupported: 'Universal Render Pipeline/VR/SpatialMapping/Wireframe' - All subshaders removed
WARNING: Shader Did you use #pragma only_renderers and omit this platform?
WARNING: Shader If subshaders removal was intentional, you may have forgotten turning Fallback off?
Shader Hidden/ChartRasterizerHardware is not supported: GPU does not support conservative rasterization
Unloading 24 Unused Serialized files (Serialized files now loaded: 0)
Unloading 6430 unused Assets / (5.7 MB). Loaded Objects now: 7312.
Memory consumption went from 187.2 MB to 181.6 MB.
Total: 5.717667 ms (FindLiveObjects: 0.305542 ms CreateObjectMapping: 1.047791 ms MarkObjects: 3.324125 ms  DeleteObjects: 1.039833 ms)

Prepare: number of updated asset objects reloaded= 0
========================================================================
Received Import Request.
  Time of request: 2026-10-09T03:46:33.068398Z
  Time since last request: 14740.07814845800021 seconds.
  importAddress: GUID: 8374f953160f8474da736dfbd18217e0 - Path: Assets/Course Library/Textures - Importer: PreviewImporter
Importing 'GUID: 8374f953160f8474da736dfbd18217e0 - Path: Assets/Course Library/Textures - Importer: PreviewImporter' with importer (PreviewImporter)
Imported 'GUID: 8374f953160f8474da736dfbd18217e0' -> (Import Result ID: '177e88b5277f6d1854192e943ee4671b') in 0.002 seconds [static and dynamic dependencies]. Details - ImportResultOutputID=4c76b8d5dfc1d3fc0c47331d8d0457b8 DependenciesID=bf8ec0ac0e6b551827c37129cc8a73a8 StaticDependenciesID=4d550f3e552ae557af8e9f46ffc43e41 
Number of updated asset objects reloaded before import = 0
Number of asset objects unloaded after import = 0
========================================================================
Received Import Request.
  Time of request: 2026-10-09T03:46:33.140822Z
  Time since last request: 0.061768791 seconds.
  importAddress: GUID: 2a09470ada0c47849ad79d26363f8e4a - Path: Assets/Course Library/Textures/PolygonPrototype_Texture_Grid_01.png - Importer: PreviewImporter
Importing 'GUID: 2a09470ada0c47849ad79d26363f8e4a - Path: Assets/Course Library/Textures/PolygonPrototype_Texture_Grid_01.png - Importer: PreviewImporter' with importer (PreviewImporter)
Imported 'GUID: 2a09470ada0c47849ad79d26363f8e4a' -> (Import Result ID: '0e9973636c05ac10f7551e3af98174fe') in 0.052 seconds [static and dynamic dependencies]. Details - ImportResultOutputID=29150d27aec615e0f48bf3cc3763bfcd DependenciesID=6a1a7bf63140d7c75df14531fedc990e StaticDependenciesID=677016523bd43cb90bdcbbf471ac367c 
Number of updated asset objects reloaded before import = 0
Number of asset objects unloaded after import = 2
========================================================================
Received Import Request.
  Time of request: 2026-10-09T03:46:33.200481Z
  Time since last request: 0.000167417 seconds.
  importAddress: GUID: 86507321c175292409cc422c5e33d711 - Path: Assets/Course Library/Textures/PolygonPrototype_Texture_Grid_03.png - Importer: PreviewImporter
Importing 'GUID: 86507321c175292409cc422c5e33d711 - Path: Assets/Course Library/Textures/PolygonPrototype_Texture_Grid_03.png - Importer: PreviewImporter' with importer (PreviewImporter)
Imported 'GUID: 86507321c175292409cc422c5e33d711' -> (Import Result ID: 'f5b67b01a928e9ce2c13bfe51584c232') in 0.003 seconds [static and dynamic dependencies]. Details - ImportResultOutputID=f0c0a3691246ebade0a5385a1f39aeb0 DependenciesID=90398505e27227e26aec29942d5f7283 StaticDependenciesID=a5960184b2f61f316140f5cc6cb857ae 
Number of updated asset objects reloaded before import = 0
Number of asset objects unloaded after import = 2
========================================================================
Received Import Request.
  Time of request: 2026-10-09T03:46:33.210531Z
  Time since last request: 0.000161542 seconds.
  importAddress: GUID: 1432e62c10501d147a873c128326f711 - Path: Assets/Course Library/Textures/PolygonPrototype_Texture_Grid_Glass_01.png - Importer: PreviewImporter
Importing 'GUID: 1432e62c10501d147a873c128326f711 - Path: Assets/Course Library/Textures/PolygonPrototype_Texture_Grid_Glass_01.png - Importer: PreviewImporter' with importer (PreviewImporter)
Imported 'GUID: 1432e62c10501d147a873c128326f711' -> (Import Result ID: 'e88b66066ca06d72c3510b99df262403') in 0.003 seconds [static and dynamic dependencies]. Details - ImportResultOutputID=309e4b2487e7a15ee83621c34316ef1e DependenciesID=3053a52f36abb71b80dc729a95f006ce StaticDependenciesID=61b623d96910da12a9c52534eedcc75f 
Number of updated asset objects reloaded before import = 0
Number of asset objects unloaded after import = 2
========================================================================
Received Import Request.
  Time of request: 2026-10-09T03:46:33.22049Z
  Time since last request: 0.000215833 seconds.
  importAddress: GUID: 1d12fa396a3563b41b9ae11b0fb0b986 - Path: Assets/Course Library/Textures/PolygonPrototype_Texture_Grid_08.png - Importer: PreviewImporter
Importing 'GUID: 1d12fa396a3563b41b9ae11b0fb0b986 - Path: Assets/Course Library/Textures/PolygonPrototype_Texture_Grid_08.png - Importer: PreviewImporter' with importer (PreviewImporter)
Imported 'GUID: 1d12fa396a3563b41b9ae11b0fb0b986' -> (Import Result ID: 'c616670fd48b4d92f47c5af6b2bb63d2') in 0.003 seconds [static and dynamic dependencies]. Details - ImportResultOutputID=a15ea9bc1d9b1317637f9b5dbe2b5d4c DependenciesID=62539ef866716c8e74a76ca6b249910e StaticDependenciesID=f9f204c616bf0b40529f3dda5e1b2f67 
Number of updated asset objects reloaded before import = 0
Number of asset objects unloaded after import = 2
========================================================================
Received Prepare
AcceleratorClientConnectionCallback - disconnected - :0
WARNING: Shader Unsupported: 'Universal Render Pipeline/VR/SpatialMapping/Wireframe' - All subshaders removed
WARNING: Shader Did you use #pragma only_renderers and omit this platform?
WARNING: Shader If subshaders removal was intentional, you may have forgotten turning Fallback off?
Shader Hidden/ChartRasterizerHardware is not supported: GPU does not support conservative rasterization
Unloading 24 Unused Serialized files (Serialized files now loaded: 0)
Unloading 24 unused Assets / (2.6 MB). Loaded Objects now: 7317.
Memory consumption went from 175.6 MB to 173.0 MB.
Total: 4.726625 ms (FindLiveObjects: 0.181500 ms CreateObjectMapping: 0.394667 ms MarkObjects: 3.942250 ms  DeleteObjects: 0.207541 ms)

Prepare: number of updated asset objects reloaded= 0
========================================================================
Received Import Request.
  Time of request: 2026-10-09T03:47:48.398711Z
  Time since last request: 75.172729625 seconds.
  importAddress: GUID: bc401cceda31c4155a2b0475550b9d79 - Path: Assets/Course Library/Materials/PolygonPrototype_Texture_Grid_06.mat - Importer: ScriptedImporter/UnityEditor.QuickSearchModule:UnityEditor.Search:ASIAI0B
Importing 'GUID: bc401cceda31c4155a2b0475550b9d79 - Path: Assets/Course Library/Materials/PolygonPrototype_Texture_Grid_06.mat - Importer: ScriptedImporter/UnityEditor.QuickSearchModule:UnityEditor.Search:ASIAI0B' with importer (ScriptedImporter : UnityEditor.QuickSearchModule:UnityEditor.Search:ASIAI0B)
Imported 'GUID: bc401cceda31c4155a2b0475550b9d79' -> (Import Result ID: '107b600c21dc5644e5c34b8541c598c7') in 0.036 seconds [static and dynamic dependencies]. Details - ImportResultOutputID=65da7bd61849366928dab879b33634b8 DependenciesID=38ea73ae2f266e115ea39bc140ae9ca5 StaticDependenciesID=3aab8e0443214246ce04a0add6e41efd 
Number of updated asset objects reloaded before import = 0
Number of asset objects unloaded after import = 3
========================================================================
Received Prepare
AcceleratorClientConnectionCallback - disconnected - :0
WARNING: Shader Unsupported: 'Universal Render Pipeline/VR/SpatialMapping/Wireframe' - All subshaders removed
WARNING: Shader Did you use #pragma only_renderers and omit this platform?
WARNING: Shader If subshaders removal was intentional, you may have forgotten turning Fallback off?
Shader Hidden/ChartRasterizerHardware is not supported: GPU does not support conservative rasterization
Unloading 24 Unused Serialized files (Serialized files now loaded: 0)
Unloading 6420 unused Assets / (4.9 MB). Loaded Objects now: 7318.
Memory consumption went from 177.3 MB to 172.4 MB.
Total: 6.480792 ms (FindLiveObjects: 0.311209 ms CreateObjectMapping: 1.057333 ms MarkObjects: 4.077708 ms  DeleteObjects: 1.034125 ms)

Prepare: number of updated asset objects reloaded= 0
========================================================================
Received Import Request.
  Time of request: 2026-10-09T03:47:54.729637Z
  Time since last request: 6.287949125 seconds.
  importAddress: GUID: b11c18394933342b7bb74eff32f73780 - Path: Assets/Scripts/SumoCameraRoatet.cs - Importer: ScriptedImporter/UnityEditor.QuickSearchModule:UnityEditor.Search:ASIAI0B
Importing 'GUID: b11c18394933342b7bb74eff32f73780 - Path: Assets/Scripts/SumoCameraRoatet.cs - Importer: ScriptedImporter/UnityEditor.QuickSearchModule:UnityEditor.Search:ASIAI0B' with importer (ScriptedImporter : UnityEditor.QuickSearchModule:UnityEditor.Search:ASIAI0B)
Imported 'GUID: b11c18394933342b7bb74eff32f73780' -> (Import Result ID: '9159e05410dd32734b397c21fedc5191') in 0.004 seconds [static and dynamic dependencies]. Details - ImportResultOutputID=5e0e35b377d138fe915b13b2df711c5d DependenciesID=f91482b1e43bc114916d1d994afaaa33 StaticDependenciesID=3b5df66222eb6455cfc672de9d8e6832 
Number of updated asset objects reloaded before import = 0
Number of asset objects unloaded after import = 0
========================================================================
Received Prepare
AcceleratorClientConnectionCallback - disconnected - :0
[Licensing::Client] Successfully resolved entitlement details
Begin MonoManager ReloadAssembly
Thread 0x16c9fb000 may have been prematurely finalized
Native extension for OSXStandalone target not found
Native extension for WebGL target not found
[Package Manager] Failed to launch server process. Reason: Unity was launched with the -noUpm command-line argument
[Package Manager] Unable to send message (not connected to server process).
[Package Manager] Cannot connect to Unity Package Manager local server
[Package Manager] Failed to launch server process. Reason: Unity was launched with the -noUpm command-line argument
[Package Manager] Unable to send message (not connected to server process).
[Package Manager] Cannot connect to Unity Package Manager local server
ScheduleIndexationOnStartup MainProcess:False IndexOnStartup:True
Mono: successfully reloaded assembly
- Finished resetting the current domain, in  0.362 seconds
Domain Reload Profiling: 774ms
	BeginReloadAssembly (108ms)
		DisableScriptedObjects (3ms)
		CreateAndSetChildDomain (36ms)
	RebuildCommonClasses (5ms)
	RebuildNativeTypeToScriptingClass (9ms)
	initialDomainReloadingComplete (19ms)
	LoadAllAssembliesAndSetupDomain (270ms)
		LoadAssemblies (133ms)
		AnalyzeDomain (109ms)
			TypeCache.Refresh (7ms)
			BuildScriptInfoCaches (98ms)
			ResolveRequiredComponents (4ms)
	FinalizeReload (363ms)
		SetupLoadedEditorAssemblies (0ms)
			BeforeProcessingInitializeOnLoad (48ms)
			ProcessInitializeOnLoadAttributes (143ms)
			ProcessInitializeOnLoadMethodAttributes (52ms)
		AwakeInstancesAfterBackupRestoration (10ms)
WARNING: Shader Unsupported: 'Universal Render Pipeline/VR/SpatialMapping/Wireframe' - All subshaders removed
WARNING: Shader Did you use #pragma only_renderers and omit this platform?
WARNING: Shader If subshaders removal was intentional, you may have forgotten turning Fallback off?
Shader Hidden/ChartRasterizerHardware is not supported: GPU does not support conservative rasterization
Unloading 24 Unused Serialized files (Serialized files now loaded: 0)
Unloading 6431 unused Assets / (5.8 MB). Loaded Objects now: 7321.
Memory consumption went from 187.5 MB to 181.7 MB.
Total: 5.606708 ms (FindLiveObjects: 0.263042 ms CreateObjectMapping: 0.963250 ms MarkObjects: 3.386875 ms  DeleteObjects: 0.993250 ms)

Prepare: number of updated asset objects reloaded= 0
========================================================================
Received Import Request.
  Time of request: 2026-10-09T03:47:58.539838Z
  Time since last request: 3.798055792 seconds.
  importAddress: GUID: b11c18394933342b7bb74eff32f73780 - Path: Assets/Scripts/SumoCameraRoatet.cs - Importer: PreviewImporter
Importing 'GUID: b11c18394933342b7bb74eff32f73780 - Path: Assets/Scripts/SumoCameraRoatet.cs - Importer: PreviewImporter' with importer (PreviewImporter)
Imported 'GUID: b11c18394933342b7bb74eff32f73780' -> (Import Result ID: '70c1225bcf86b21e7c156f9755fbcd06') in 0.000 seconds [static and dynamic dependencies]. Details - ImportResultOutputID=5bd9cb970177e34018914947e5b34348 DependenciesID=21fc400967bb2bfbda58a4ba160cebab StaticDependenciesID=1fbdbee746b3edbdd4f9445798845a8b 
Number of updated asset objects reloaded before import = 0
Number of asset objects unloaded after import = 0
========================================================================
Received Prepare
AcceleratorClientConnectionCallback - disconnected - :0
WARNING: Shader Unsupported: 'Universal Render Pipeline/VR/SpatialMapping/Wireframe' - All subshaders removed
WARNING: Shader Did you use #pragma only_renderers and omit this platform?
WARNING: Shader If subshaders removal was intentional, you may have forgotten turning Fallback off?
Shader Hidden/ChartRasterizerHardware is not supported: GPU does not support conservative rasterization
Unloading 24 Unused Serialized files (Serialized files now loaded: 0)
Unloading 6420 unused Assets / (4.9 MB). Loaded Objects now: 7321.
Memory consumption went from 178.1 MB to 173.1 MB.
Total: 5.825583 ms (FindLiveObjects: 0.308333 ms CreateObjectMapping: 1.015917 ms MarkObjects: 3.546875 ms  DeleteObjects: 0.954333 ms)

Prepare: number of updated asset objects reloaded= 0
========================================================================
Received Import Request.
  Time of request: 2026-10-09T03:48:03.644095Z
  Time since last request: 5.096285042 seconds.
  importAddress: GUID: b11c18394933342b7bb74eff32f73780 - Path: Assets/Scripts/SumoCameraRoatte.cs - Importer: PreviewImporter
Importing 'GUID: b11c18394933342b7bb74eff32f73780 - Path: Assets/Scripts/SumoCameraRoatte.cs - Importer: PreviewImporter' with importer (PreviewImporter)
Imported 'GUID: b11c18394933342b7bb74eff32f73780' -> (Import Result ID: 'dc5fbf9d58649f4430ff4c2b9b7d8aa9') in 0.000 seconds [static and dynamic dependencies]. Details - ImportResultOutputID=5bd9cb970177e34018914947e5b34348 DependenciesID=fdb5bec9320b5498e2809a90f26baab2 StaticDependenciesID=70b3bb1371f982c8be6ec07ccb1224e8 
Number of updated asset objects reloaded before import = 0
Number of asset objects unloaded after import = 0
========================================================================
Received Import Request.
  Time of request: 2026-10-09T03:48:03.660584Z
  Time since last request: 0.009089458 seconds.
  importAddress: GUID: b11c18394933342b7bb74eff32f73780 - Path: Assets/Scripts/SumoCameraRoatte.cs - Importer: PreviewImporter
Importing 'GUID: b11c18394933342b7bb74eff32f73780 - Path: Assets/Scripts/SumoCameraRoatte.cs - Importer: PreviewImporter' with importer (PreviewImporter)
Imported 'GUID: b11c18394933342b7bb74eff32f73780' -> (Import Result ID: 'dc5fbf9d58649f4430ff4c2b9b7d8aa9') in 0.000 seconds [static and dynamic dependencies]. Details - ImportResultOutputID=5bd9cb970177e34018914947e5b34348 DependenciesID=fdb5bec9320b5498e2809a90f26baab2 StaticDependenciesID=70b3bb1371f982c8be6ec07ccb1224e8 
Number of updated asset objects reloaded before import = 0
Number of asset objects unloaded after import = 0
========================================================================
Received Import Request.
  Time of request: 2026-10-09T03:48:03.668806Z
  Time since last request: 0.000343958 seconds.
  importAddress: GUID: b11c18394933342b7bb74eff32f73780 - Path: Assets/Scripts/SumoCameraRoatte.cs - Importer: PreviewImporter
Importing 'GUID: b11c18394933342b7bb74eff32f73780 - Path: Assets/Scripts/SumoCameraRoatte.cs - Importer: PreviewImporter' with importer (PreviewImporter)
Imported 'GUID: b11c18394933342b7bb74eff32f73780' -> (Import Result ID: 'dc5fbf9d58649f4430ff4c2b9b7d8aa9') in 0.000 seconds [static and dynamic dependencies]. Details - ImportResultOutputID=5bd9cb970177e34018914947e5b34348 DependenciesID=fdb5bec9320b5498e2809a90f26baab2 StaticDependenciesID=70b3bb1371f982c8be6ec07ccb1224e8 
Number of updated asset objects reloaded before import = 0
Number of asset objects unloaded after import = 0
========================================================================
Received Import Request.
  Time of request: 2026-10-09T03:48:03.677379Z
  Time since last request: 0.000958833 seconds.
  importAddress: GUID: b11c18394933342b7bb74eff32f73780 - Path: Assets/Scripts/SumoCameraRoatte.cs - Importer: PreviewImporter
Importing 'GUID: b11c18394933342b7bb74eff32f73780 - Path: Assets/Scripts/SumoCameraRoatte.cs - Importer: PreviewImporter' with importer (PreviewImporter)
Imported 'GUID: b11c18394933342b7bb74eff32f73780' -> (Import Result ID: 'dc5fbf9d58649f4430ff4c2b9b7d8aa9') in 0.000 seconds [static and dynamic dependencies]. Details - ImportResultOutputID=5bd9cb970177e34018914947e5b34348 DependenciesID=fdb5bec9320b5498e2809a90f26baab2 StaticDependenciesID=70b3bb1371f982c8be6ec07ccb1224e8 
Number of updated asset objects reloaded before import = 0
Number of asset objects unloaded after import = 0
========================================================================
Received Import Request.
  Time of request: 2026-10-09T03:48:03.685519Z
  Time since last request: 0.000534083 seconds.
  importAddress: GUID: b11c18394933342b7bb74eff32f73780 - Path: Assets/Scripts/SumoCameraRoatte.cs - Importer: PreviewImporter
Importing 'GUID: b11c18394933342b7bb74eff32f73780 - Path: Assets/Scripts/SumoCameraRoatte.cs - Importer: PreviewImporter' with importer (PreviewImporter)
Imported 'GUID: b11c18394933342b7bb74eff32f73780' -> (Import Result ID: 'dc5fbf9d58649f4430ff4c2b9b7d8aa9') in 0.000 seconds [static and dynamic dependencies]. Details - ImportResultOutputID=5bd9cb970177e34018914947e5b34348 DependenciesID=fdb5bec9320b5498e2809a90f26baab2 StaticDependenciesID=70b3bb1371f982c8be6ec07ccb1224e8 
Number of updated asset objects reloaded before import = 0
Number of asset objects unloaded after import = 0
========================================================================
Received Import Request.
  Time of request: 2026-10-09T03:48:03.693682Z
  Time since last request: 0.000305542 seconds.
  importAddress: GUID: b11c18394933342b7bb74eff32f73780 - Path: Assets/Scripts/SumoCameraRoatte.cs - Importer: PreviewImporter
Importing 'GUID: b11c18394933342b7bb74eff32f73780 - Path: Assets/Scripts/SumoCameraRoatte.cs - Importer: PreviewImporter' with importer (PreviewImporter)
Imported 'GUID: b11c18394933342b7bb74eff32f73780' -> (Import Result ID: 'dc5fbf9d58649f4430ff4c2b9b7d8aa9') in 0.000 seconds [static and dynamic dependencies]. Details - ImportResultOutputID=5bd9cb970177e34018914947e5b34348 DependenciesID=fdb5bec9320b5498e2809a90f26baab2 StaticDependenciesID=70b3bb1371f982c8be6ec07ccb1224e8 
Number of updated asset objects reloaded before import = 0
Number of asset objects unloaded after import = 0
========================================================================
Received Import Request.
  Time of request: 2026-10-09T03:48:03.701602Z
  Time since last request: 0.000574041 seconds.
  importAddress: GUID: b11c18394933342b7bb74eff32f73780 - Path: Assets/Scripts/SumoCameraRoatte.cs - Importer: PreviewImporter
Importing 'GUID: b11c18394933342b7bb74eff32f73780 - Path: Assets/Scripts/SumoCameraRoatte.cs - Importer: PreviewImporter' with importer (PreviewImporter)
Imported 'GUID: b11c18394933342b7bb74eff32f73780' -> (Import Result ID: 'dc5fbf9d58649f4430ff4c2b9b7d8aa9') in 0.000 seconds [static and dynamic dependencies]. Details - ImportResultOutputID=5bd9cb970177e34018914947e5b34348 DependenciesID=fdb5bec9320b5498e2809a90f26baab2 StaticDependenciesID=70b3bb1371f982c8be6ec07ccb1224e8 
Number of updated asset objects reloaded before import = 0
Number of asset objects unloaded after import = 0
========================================================================
Received Import Request.
  Time of request: 2026-10-09T03:48:03.709856Z
  Time since last request: 0.000557042 seconds.
  importAddress: GUID: b11c18394933342b7bb74eff32f73780 - Path: Assets/Scripts/SumoCameraRoatte.cs - Importer: PreviewImporter
Importing 'GUID: b11c18394933342b7bb74eff32f73780 - Path: Assets/Scripts/SumoCameraRoatte.cs - Importer: PreviewImporter' with importer (PreviewImporter)
Imported 'GUID: b11c18394933342b7bb74eff32f73780' -> (Import Result ID: 'dc5fbf9d58649f4430ff4c2b9b7d8aa9') in 0.000 seconds [static and dynamic dependencies]. Details - ImportResultOutputID=5bd9cb970177e34018914947e5b34348 DependenciesID=fdb5bec9320b5498e2809a90f26baab2 StaticDependenciesID=70b3bb1371f982c8be6ec07ccb1224e8 
Number of updated asset objects reloaded before import = 0
Number of asset objects unloaded after import = 0
========================================================================
Received Import Request.
  Time of request: 2026-10-09T03:48:03.717977Z
  Time since last request: 0.000460584 seconds.
  importAddress: GUID: b11c18394933342b7bb74eff32f73780 - Path: Assets/Scripts/SumoCameraRoatte.cs - Importer: PreviewImporter
Importing 'GUID: b11c18394933342b7bb74eff32f73780 - Path: Assets/Scripts/SumoCameraRoatte.cs - Importer: PreviewImporter' with importer (PreviewImporter)
Imported 'GUID: b11c18394933342b7bb74eff32f73780' -> (Import Result ID: 'dc5fbf9d58649f4430ff4c2b9b7d8aa9') in 0.000 seconds [static and dynamic dependencies]. Details - ImportResultOutputID=5bd9cb970177e34018914947e5b34348 DependenciesID=fdb5bec9320b5498e2809a90f26baab2 StaticDependenciesID=70b3bb1371f982c8be6ec07ccb1224e8 
Number of updated asset objects reloaded before import = 0
Number of asset objects unloaded after import = 0
========================================================================
Received Import Request.
  Time of request: 2026-10-09T03:48:03.726105Z
  Time since last request: 0.001175292 seconds.
  importAddress: GUID: b11c18394933342b7bb74eff32f73780 - Path: Assets/Scripts/SumoCameraRoatte.cs - Importer: PreviewImporter
Importing 'GUID: b11c18394933342b7bb74eff32f73780 - Path: Assets/Scripts/SumoCameraRoatte.cs - Importer: PreviewImporter' with importer (PreviewImporter)
Imported 'GUID: b11c18394933342b7bb74eff32f73780' -> (Import Result ID: 'dc5fbf9d58649f4430ff4c2b9b7d8aa9') in 0.000 seconds [static and dynamic dependencies]. Details - ImportResultOutputID=5bd9cb970177e34018914947e5b34348 DependenciesID=fdb5bec9320b5498e2809a90f26baab2 StaticDependenciesID=70b3bb1371f982c8be6ec07ccb1224e8 
Number of updated asset objects reloaded before import = 0
Number of asset objects unloaded after import = 0
========================================================================
Received Import Request.
  Time of request: 2026-10-09T03:48:03.734076Z
  Time since last request: 0.001047958 seconds.
  importAddress: GUID: b11c18394933342b7bb74eff32f73780 - Path: Assets/Scripts/SumoCameraRoatte.cs - Importer: PreviewImporter
Importing 'GUID: b11c18394933342b7bb74eff32f73780 - Path: Assets/Scripts/SumoCameraRoatte.cs - Importer: PreviewImporter' with importer (PreviewImporter)
Imported 'GUID: b11c18394933342b7bb74eff32f73780' -> (Import Result ID: 'dc5fbf9d58649f4430ff4c2b9b7d8aa9') in 0.000 seconds [static and dynamic dependencies]. Details - ImportResultOutputID=5bd9cb970177e34018914947e5b34348 DependenciesID=fdb5bec9320b5498e2809a90f26baab2 StaticDependenciesID=70b3bb1371f982c8be6ec07ccb1224e8 
Number of updated asset objects reloaded before import = 0
Number of asset objects unloaded after import = 0
========================================================================
Received Import Request.
  Time of request: 2026-10-09T03:48:03.742313Z
  Time since last request: 0.001585042 seconds.
  importAddress: GUID: b11c18394933342b7bb74eff32f73780 - Path: Assets/Scripts/SumoCameraRoatte.cs - Importer: PreviewImporter
Importing 'GUID: b11c18394933342b7bb74eff32f73780 - Path: Assets/Scripts/SumoCameraRoatte.cs - Importer: PreviewImporter' with importer (PreviewImporter)
Imported 'GUID: b11c18394933342b7bb74eff32f73780' -> (Import Result ID: 'dc5fbf9d58649f4430ff4c2b9b7d8aa9') in 0.000 seconds [static and dynamic dependencies]. Details - ImportResultOutputID=5bd9cb970177e34018914947e5b34348 DependenciesID=fdb5bec9320b5498e2809a90f26baab2 StaticDependenciesID=70b3bb1371f982c8be6ec07ccb1224e8 
Number of updated asset objects reloaded before import = 0
Number of asset objects unloaded after import = 0
========================================================================
Received Import Request.
  Time of request: 2026-10-09T03:48:03.750458Z
  Time since last request: 0.000472833 seconds.
  importAddress: GUID: b11c18394933342b7bb74eff32f73780 - Path: Assets/Scripts/SumoCameraRoatte.cs - Importer: PreviewImporter
Importing 'GUID: b11c18394933342b7bb74eff32f73780 - Path: Assets/Scripts/SumoCameraRoatte.cs - Importer: PreviewImporter' with importer (PreviewImporter)
Imported 'GUID: b11c18394933342b7bb74eff32f73780' -> (Import Result ID: 'dc5fbf9d58649f4430ff4c2b9b7d8aa9') in 0.000 seconds [static and dynamic dependencies]. Details - ImportResultOutputID=5bd9cb970177e34018914947e5b34348 DependenciesID=fdb5bec9320b5498e2809a90f26baab2 StaticDependenciesID=70b3bb1371f982c8be6ec07ccb1224e8 
Number of updated asset objects reloaded before import = 0
Number of asset objects unloaded after import = 0
========================================================================
Received Import Request.
  Time of request: 2026-10-09T03:48:03.758788Z
  Time since last request: 0.001256584 seconds.
  importAddress: GUID: b11c18394933342b7bb74eff32f73780 - Path: Assets/Scripts/SumoCameraRoatte.cs - Importer: PreviewImporter
Importing 'GUID: b11c18394933342b7bb74eff32f73780 - Path: Assets/Scripts/SumoCameraRoatte.cs - Importer: PreviewImporter' with importer (PreviewImporter)
Imported 'GUID: b11c18394933342b7bb74eff32f73780' -> (Import Result ID: 'dc5fbf9d58649f4430ff4c2b9b7d8aa9') in 0.000 seconds [static and dynamic dependencies]. Details - ImportResultOutputID=5bd9cb970177e34018914947e5b34348 DependenciesID=fdb5bec9320b5498e2809a90f26baab2 StaticDependenciesID=70b3bb1371f982c8be6ec07ccb1224e8 
Number of updated asset objects reloaded before import = 0
Number of asset objects unloaded after import = 0
========================================================================
Received Import Request.
  Time of request: 2026-10-09T03:48:03.766856Z
  Time since last request: 0.001425917 seconds.
  importAddress: GUID: b11c18394933342b7bb74eff32f73780 - Path: Assets/Scripts/SumoCameraRoatte.cs - Importer: PreviewImporter
Importing 'GUID: b11c18394933342b7bb74eff32f73780 - Path: Assets/Scripts/SumoCameraRoatte.cs - Importer: PreviewImporter' with importer (PreviewImporter)
Imported 'GUID: b11c18394933342b7bb74eff32f73780' -> (Import Result ID: 'dc5fbf9d58649f4430ff4c2b9b7d8aa9') in 0.000 seconds [static and dynamic dependencies]. Details - ImportResultOutputID=5bd9cb970177e34018914947e5b34348 DependenciesID=fdb5bec9320b5498e2809a90f26baab2 StaticDependenciesID=70b3bb1371f982c8be6ec07ccb1224e8 
Number of updated asset objects reloaded before import = 0
Number of asset objects unloaded after import = 0
========================================================================
Received Import Request.
  Time of request: 2026-10-09T03:48:03.774878Z
  Time since last request: 0.000416916 seconds.
  importAddress: GUID: b11c18394933342b7bb74eff32f73780 - Path: Assets/Scripts/SumoCameraRoatte.cs - Importer: PreviewImporter
Importing 'GUID: b11c18394933342b7bb74eff32f73780 - Path: Assets/Scripts/SumoCameraRoatte.cs - Importer: PreviewImporter' with importer (PreviewImporter)
Imported 'GUID: b11c18394933342b7bb74eff32f73780' -> (Import Result ID: 'dc5fbf9d58649f4430ff4c2b9b7d8aa9') in 0.000 seconds [static and dynamic dependencies]. Details - ImportResultOutputID=5bd9cb970177e34018914947e5b34348 DependenciesID=fdb5bec9320b5498e2809a90f26baab2 StaticDependenciesID=70b3bb1371f982c8be6ec07ccb1224e8 
Number of updated asset objects reloaded before import = 0
Number of asset objects unloaded after import = 0
========================================================================
Received Import Request.
  Time of request: 2026-10-09T03:48:03.783045Z
  Time since last request: 0.00071825 seconds.
  importAddress: GUID: b11c18394933342b7bb74eff32f73780 - Path: Assets/Scripts/SumoCameraRoatte.cs - Importer: PreviewImporter
Importing 'GUID: b11c18394933342b7bb74eff32f73780 - Path: Assets/Scripts/SumoCameraRoatte.cs - Importer: PreviewImporter' with importer (PreviewImporter)
Imported 'GUID: b11c18394933342b7bb74eff32f73780' -> (Import Result ID: 'dc5fbf9d58649f4430ff4c2b9b7d8aa9') in 0.000 seconds [static and dynamic dependencies]. Details - ImportResultOutputID=5bd9cb970177e34018914947e5b34348 DependenciesID=fdb5bec9320b5498e2809a90f26baab2 StaticDependenciesID=70b3bb1371f982c8be6ec07ccb1224e8 
Number of updated asset objects reloaded before import = 0
Number of asset objects unloaded after import = 0
========================================================================
Received Import Request.
  Time of request: 2026-10-09T03:48:03.791358Z
  Time since last request: 0.001216041 seconds.
  importAddress: GUID: b11c18394933342b7bb74eff32f73780 - Path: Assets/Scripts/SumoCameraRoatte.cs - Importer: PreviewImporter
Importing 'GUID: b11c18394933342b7bb74eff32f73780 - Path: Assets/Scripts/SumoCameraRoatte.cs - Importer: PreviewImporter' with importer (PreviewImporter)
Imported 'GUID: b11c18394933342b7bb74eff32f73780' -> (Import Result ID: 'dc5fbf9d58649f4430ff4c2b9b7d8aa9') in 0.000 seconds [static and dynamic dependencies]. Details - ImportResultOutputID=5bd9cb970177e34018914947e5b34348 DependenciesID=fdb5bec9320b5498e2809a90f26baab2 StaticDependenciesID=70b3bb1371f982c8be6ec07ccb1224e8 
Number of updated asset objects reloaded before import = 0
Number of asset objects unloaded after import = 0
========================================================================
Received Import Request.
  Time of request: 2026-10-09T03:48:03.799487Z
  Time since last request: 0.000304208 seconds.
  importAddress: GUID: b11c18394933342b7bb74eff32f73780 - Path: Assets/Scripts/SumoCameraRoatte.cs - Importer: PreviewImporter
Importing 'GUID: b11c18394933342b7bb74eff32f73780 - Path: Assets/Scripts/SumoCameraRoatte.cs - Importer: PreviewImporter' with importer (PreviewImporter)
Imported 'GUID: b11c18394933342b7bb74eff32f73780' -> (Import Result ID: 'dc5fbf9d58649f4430ff4c2b9b7d8aa9') in 0.000 seconds [static and dynamic dependencies]. Details - ImportResultOutputID=5bd9cb970177e34018914947e5b34348 DependenciesID=fdb5bec9320b5498e2809a90f26baab2 StaticDependenciesID=70b3bb1371f982c8be6ec07ccb1224e8 
Number of updated asset objects reloaded before import = 0
Number of asset objects unloaded after import = 0
========================================================================
Received Import Request.
  Time of request: 2026-10-09T03:48:03.807732Z
  Time since last request: 0.000947834 seconds.
  importAddress: GUID: b11c18394933342b7bb74eff32f73780 - Path: Assets/Scripts/SumoCameraRoatte.cs - Importer: PreviewImporter
Importing 'GUID: b11c18394933342b7bb74eff32f73780 - Path: Assets/Scripts/SumoCameraRoatte.cs - Importer: PreviewImporter' with importer (PreviewImporter)
Imported 'GUID: b11c18394933342b7bb74eff32f73780' -> (Import Result ID: 'dc5fbf9d58649f4430ff4c2b9b7d8aa9') in 0.000 seconds [static and dynamic dependencies]. Details - ImportResultOutputID=5bd9cb970177e34018914947e5b34348 DependenciesID=fdb5bec9320b5498e2809a90f26baab2 StaticDependenciesID=70b3bb1371f982c8be6ec07ccb1224e8 
Number of updated asset objects reloaded before import = 0
Number of asset objects unloaded after import = 0
========================================================================
Received Import Request.
  Time of request: 2026-10-09T03:48:03.815769Z
  Time since last request: 0.00058525 seconds.
  importAddress: GUID: b11c18394933342b7bb74eff32f73780 - Path: Assets/Scripts/SumoCameraRoatte.cs - Importer: PreviewImporter
Importing 'GUID: b11c18394933342b7bb74eff32f73780 - Path: Assets/Scripts/SumoCameraRoatte.cs - Importer: PreviewImporter' with importer (PreviewImporter)
Imported 'GUID: b11c18394933342b7bb74eff32f73780' -> (Import Result ID: 'dc5fbf9d58649f4430ff4c2b9b7d8aa9') in 0.000 seconds [static and dynamic dependencies]. Details - ImportResultOutputID=5bd9cb970177e34018914947e5b34348 DependenciesID=fdb5bec9320b5498e2809a90f26baab2 StaticDependenciesID=70b3bb1371f982c8be6ec07ccb1224e8 
Number of updated asset objects reloaded before import = 0
Number of asset objects unloaded after import = 0
========================================================================
Received Import Request.
  Time of request: 2026-10-09T03:48:03.824006Z
  Time since last request: 0.00103775 seconds.
  importAddress: GUID: b11c18394933342b7bb74eff32f73780 - Path: Assets/Scripts/SumoCameraRoatte.cs - Importer: PreviewImporter
Importing 'GUID: b11c18394933342b7bb74eff32f73780 - Path: Assets/Scripts/SumoCameraRoatte.cs - Importer: PreviewImporter' with importer (PreviewImporter)
Imported 'GUID: b11c18394933342b7bb74eff32f73780' -> (Import Result ID: 'dc5fbf9d58649f4430ff4c2b9b7d8aa9') in 0.000 seconds [static and dynamic dependencies]. Details - ImportResultOutputID=5bd9cb970177e34018914947e5b34348 DependenciesID=fdb5bec9320b5498e2809a90f26baab2 StaticDependenciesID=70b3bb1371f982c8be6ec07ccb1224e8 
Number of updated asset objects reloaded before import = 0
Number of asset objects unloaded after import = 0
========================================================================
Received Import Request.
  Time of request: 2026-10-09T03:48:03.832123Z
  Time since last request: 0.000279334 seconds.
  importAddress: GUID: b11c18394933342b7bb74eff32f73780 - Path: Assets/Scripts/SumoCameraRoatte.cs - Importer: PreviewImporter
Importing 'GUID: b11c18394933342b7bb74eff32f73780 - Path: Assets/Scripts/SumoCameraRoatte.cs - Importer: PreviewImporter' with importer (PreviewImporter)
Imported 'GUID: b11c18394933342b7bb74eff32f73780' -> (Import Result ID: 'dc5fbf9d58649f4430ff4c2b9b7d8aa9') in 0.000 seconds [static and dynamic dependencies]. Details - ImportResultOutputID=5bd9cb970177e34018914947e5b34348 DependenciesID=fdb5bec9320b5498e2809a90f26baab2 StaticDependenciesID=70b3bb1371f982c8be6ec07ccb1224e8 
Number of updated asset objects reloaded before import = 0
Number of asset objects unloaded after import = 0
========================================================================
Received Import Request.
  Time of request: 2026-10-09T03:48:03.840212Z
  Time since last request: 0.000742291 seconds.
  importAddress: GUID: b11c18394933342b7bb74eff32f73780 - Path: Assets/Scripts/SumoCameraRoatte.cs - Importer: PreviewImporter
Importing 'GUID: b11c18394933342b7bb74eff32f73780 - Path: Assets/Scripts/SumoCameraRoatte.cs - Importer: PreviewImporter' with importer (PreviewImporter)
Imported 'GUID: b11c18394933342b7bb74eff32f73780' -> (Import Result ID: 'dc5fbf9d58649f4430ff4c2b9b7d8aa9') in 0.000 seconds [static and dynamic dependencies]. Details - ImportResultOutputID=5bd9cb970177e34018914947e5b34348 DependenciesID=fdb5bec9320b5498e2809a90f26baab2 StaticDependenciesID=70b3bb1371f982c8be6ec07ccb1224e8 
Number of updated asset objects reloaded before import = 0
Number of asset objects unloaded after import = 0
========================================================================
Received Import Request.
  Time of request: 2026-10-09T03:48:03.848215Z
  Time since last request: 0.000776292 seconds.
  importAddress: GUID: b11c18394933342b7bb74eff32f73780 - Path: Assets/Scripts/SumoCameraRoatte.cs - Importer: PreviewImporter
Importing 'GUID: b11c18394933342b7bb74eff32f73780 - Path: Assets/Scripts/SumoCameraRoatte.cs - Importer: PreviewImporter' with importer (PreviewImporter)
Imported 'GUID: b11c18394933342b7bb74eff32f73780' -> (Import Result ID: 'dc5fbf9d58649f4430ff4c2b9b7d8aa9') in 0.000 seconds [static and dynamic dependencies]. Details - ImportResultOutputID=5bd9cb970177e34018914947e5b34348 DependenciesID=fdb5bec9320b5498e2809a90f26baab2 StaticDependenciesID=70b3bb1371f982c8be6ec07ccb1224e8 
Number of updated asset objects reloaded before import = 0
Number of asset objects unloaded after import = 0
========================================================================
Received Import Request.
  Time of request: 2026-10-09T03:48:03.856339Z
  Time since last request: 0.00059825 seconds.
  importAddress: GUID: b11c18394933342b7bb74eff32f73780 - Path: Assets/Scripts/SumoCameraRoatte.cs - Importer: PreviewImporter
Importing 'GUID: b11c18394933342b7bb74eff32f73780 - Path: Assets/Scripts/SumoCameraRoatte.cs - Importer: PreviewImporter' with importer (PreviewImporter)
Imported 'GUID: b11c18394933342b7bb74eff32f73780' -> (Import Result ID: 'dc5fbf9d58649f4430ff4c2b9b7d8aa9') in 0.000 seconds [static and dynamic dependencies]. Details - ImportResultOutputID=5bd9cb970177e34018914947e5b34348 DependenciesID=fdb5bec9320b5498e2809a90f26baab2 StaticDependenciesID=70b3bb1371f982c8be6ec07ccb1224e8 
Number of updated asset objects reloaded before import = 0
Number of asset objects unloaded after import = 0
========================================================================
Received Import Request.
  Time of request: 2026-10-09T03:48:03.864572Z
  Time since last request: 0.000466416 seconds.
  importAddress: GUID: b11c18394933342b7bb74eff32f73780 - Path: Assets/Scripts/SumoCameraRoatte.cs - Importer: PreviewImporter
Importing 'GUID: b11c18394933342b7bb74eff32f73780 - Path: Assets/Scripts/SumoCameraRoatte.cs - Importer: PreviewImporter' with importer (PreviewImporter)
Imported 'GUID: b11c18394933342b7bb74eff32f73780' -> (Import Result ID: 'dc5fbf9d58649f4430ff4c2b9b7d8aa9') in 0.000 seconds [static and dynamic dependencies]. Details - ImportResultOutputID=5bd9cb970177e34018914947e5b34348 DependenciesID=fdb5bec9320b5498e2809a90f26baab2 StaticDependenciesID=70b3bb1371f982c8be6ec07ccb1224e8 
Number of updated asset objects reloaded before import = 0
Number of asset objects unloaded after import = 0
========================================================================
Received Import Request.
  Time of request: 2026-10-09T03:48:03.872603Z
  Time since last request: 0.000943917 seconds.
  importAddress: GUID: b11c18394933342b7bb74eff32f73780 - Path: Assets/Scripts/SumoCameraRoatte.cs - Importer: PreviewImporter
Importing 'GUID: b11c18394933342b7bb74eff32f73780 - Path: Assets/Scripts/SumoCameraRoatte.cs - Importer: PreviewImporter' with importer (PreviewImporter)
Imported 'GUID: b11c18394933342b7bb74eff32f73780' -> (Import Result ID: 'dc5fbf9d58649f4430ff4c2b9b7d8aa9') in 0.000 seconds [static and dynamic dependencies]. Details - ImportResultOutputID=5bd9cb970177e34018914947e5b34348 DependenciesID=fdb5bec9320b5498e2809a90f26baab2 StaticDependenciesID=70b3bb1371f982c8be6ec07ccb1224e8 
Number of updated asset objects reloaded before import = 0
Number of asset objects unloaded after import = 0
========================================================================
Received Import Request.
  Time of request: 2026-10-09T03:48:03.88197Z
  Time since last request: 0.001952167 seconds.
  importAddress: GUID: b11c18394933342b7bb74eff32f73780 - Path: Assets/Scripts/SumoCameraRoatte.cs - Importer: PreviewImporter
Importing 'GUID: b11c18394933342b7bb74eff32f73780 - Path: Assets/Scripts/SumoCameraRoatte.cs - Importer: PreviewImporter' with importer (PreviewImporter)
Imported 'GUID: b11c18394933342b7bb74eff32f73780' -> (Import Result ID: 'dc5fbf9d58649f4430ff4c2b9b7d8aa9') in 0.000 seconds [static and dynamic dependencies]. Details - ImportResultOutputID=5bd9cb970177e34018914947e5b34348 DependenciesID=fdb5bec9320b5498e2809a90f26baab2 StaticDependenciesID=70b3bb1371f982c8be6ec07ccb1224e8 
Number of updated asset objects reloaded before import = 0
Number of asset objects unloaded after import = 0
========================================================================
Received Import Request.
  Time of request: 2026-10-09T03:48:03.889985Z
  Time since last request: 0.000765292 seconds.
  importAddress: GUID: b11c18394933342b7bb74eff32f73780 - Path: Assets/Scripts/SumoCameraRoatte.cs - Importer: PreviewImporter
Importing 'GUID: b11c18394933342b7bb74eff32f73780 - Path: Assets/Scripts/SumoCameraRoatte.cs - Importer: PreviewImporter' with importer (PreviewImporter)
Imported 'GUID: b11c18394933342b7bb74eff32f73780' -> (Import Result ID: 'dc5fbf9d58649f4430ff4c2b9b7d8aa9') in 0.000 seconds [static and dynamic dependencies]. Details - ImportResultOutputID=5bd9cb970177e34018914947e5b34348 DependenciesID=fdb5bec9320b5498e2809a90f26baab2 StaticDependenciesID=70b3bb1371f982c8be6ec07ccb1224e8 
Number of updated asset objects reloaded before import = 0
Number of asset objects unloaded after import = 0
========================================================================
Received Import Request.
  Time of request: 2026-10-09T03:48:03.902279Z
  Time since last request: 0.004258417 seconds.
  importAddress: GUID: b11c18394933342b7bb74eff32f73780 - Path: Assets/Scripts/SumoCameraRoatte.cs - Importer: PreviewImporter
Importing 'GUID: b11c18394933342b7bb74eff32f73780 - Path: Assets/Scripts/SumoCameraRoatte.cs - Importer: PreviewImporter' with importer (PreviewImporter)
Imported 'GUID: b11c18394933342b7bb74eff32f73780' -> (Import Result ID: 'dc5fbf9d58649f4430ff4c2b9b7d8aa9') in 0.000 seconds [static and dynamic dependencies]. Details - ImportResultOutputID=5bd9cb970177e34018914947e5b34348 DependenciesID=fdb5bec9320b5498e2809a90f26baab2 StaticDependenciesID=70b3bb1371f982c8be6ec07ccb1224e8 
Number of updated asset objects reloaded before import = 0
Number of asset objects unloaded after import = 0
========================================================================
Received Import Request.
  Time of request: 2026-10-09T03:48:03.910125Z
  Time since last request: 0.000406208 seconds.
  importAddress: GUID: b11c18394933342b7bb74eff32f73780 - Path: Assets/Scripts/SumoCameraRoatte.cs - Importer: PreviewImporter
Importing 'GUID: b11c18394933342b7bb74eff32f73780 - Path: Assets/Scripts/SumoCameraRoatte.cs - Importer: PreviewImporter' with importer (PreviewImporter)
Imported 'GUID: b11c18394933342b7bb74eff32f73780' -> (Import Result ID: 'dc5fbf9d58649f4430ff4c2b9b7d8aa9') in 0.000 seconds [static and dynamic dependencies]. Details - ImportResultOutputID=5bd9cb970177e34018914947e5b34348 DependenciesID=fdb5bec9320b5498e2809a90f26baab2 StaticDependenciesID=70b3bb1371f982c8be6ec07ccb1224e8 
Number of updated asset objects reloaded before import = 0
Number of asset objects unloaded after import = 0
========================================================================
Received Import Request.
  Time of request: 2026-10-09T03:48:03.918276Z
  Time since last request: 0.00071425 seconds.
  importAddress: GUID: b11c18394933342b7bb74eff32f73780 - Path: Assets/Scripts/SumoCameraRoatte.cs - Importer: PreviewImporter
Importing 'GUID: b11c18394933342b7bb74eff32f73780 - Path: Assets/Scripts/SumoCameraRoatte.cs - Importer: PreviewImporter' with importer (PreviewImporter)
Imported 'GUID: b11c18394933342b7bb74eff32f73780' -> (Import Result ID: 'dc5fbf9d58649f4430ff4c2b9b7d8aa9') in 0.000 seconds [static and dynamic dependencies]. Details - ImportResultOutputID=5bd9cb970177e34018914947e5b34348 DependenciesID=fdb5bec9320b5498e2809a90f26baab2 StaticDependenciesID=70b3bb1371f982c8be6ec07ccb1224e8 
Number of updated asset objects reloaded before import = 0
Number of asset objects unloaded after import = 0
========================================================================
Received Import Request.
  Time of request: 2026-10-09T03:48:03.92653Z
  Time since last request: 0.000521709 seconds.
  importAddress: GUID: b11c18394933342b7bb74eff32f73780 - Path: Assets/Scripts/SumoCameraRoatte.cs - Importer: PreviewImporter
Importing 'GUID: b11c18394933342b7bb74eff32f73780 - Path: Assets/Scripts/SumoCameraRoatte.cs - Importer: PreviewImporter' with importer (PreviewImporter)
Imported 'GUID: b11c18394933342b7bb74eff32f73780' -> (Import Result ID: 'dc5fbf9d58649f4430ff4c2b9b7d8aa9') in 0.000 seconds [static and dynamic dependencies]. Details - ImportResultOutputID=5bd9cb970177e34018914947e5b34348 DependenciesID=fdb5bec9320b5498e2809a90f26baab2 StaticDependenciesID=70b3bb1371f982c8be6ec07ccb1224e8 
Number of updated asset objects reloaded before import = 0
Number of asset objects unloaded after import = 0
========================================================================
Received Import Request.
  Time of request: 2026-10-09T03:48:03.934708Z
  Time since last request: 0.000525 seconds.
  importAddress: GUID: b11c18394933342b7bb74eff32f73780 - Path: Assets/Scripts/SumoCameraRoatte.cs - Importer: PreviewImporter
Importing 'GUID: b11c18394933342b7bb74eff32f73780 - Path: Assets/Scripts/SumoCameraRoatte.cs - Importer: PreviewImporter' with importer (PreviewImporter)
Imported 'GUID: b11c18394933342b7bb74eff32f73780' -> (Import Result ID: 'dc5fbf9d58649f4430ff4c2b9b7d8aa9') in 0.000 seconds [static and dynamic dependencies]. Details - ImportResultOutputID=5bd9cb970177e34018914947e5b34348 DependenciesID=fdb5bec9320b5498e2809a90f26baab2 StaticDependenciesID=70b3bb1371f982c8be6ec07ccb1224e8 
Number of updated asset objects reloaded before import = 0
Number of asset objects unloaded after import = 0
========================================================================
Received Import Request.
  Time of request: 2026-10-09T03:48:03.942746Z
  Time since last request: 0.000737667 seconds.
  importAddress: GUID: b11c18394933342b7bb74eff32f73780 - Path: Assets/Scripts/SumoCameraRoatte.cs - Importer: PreviewImporter
Importing 'GUID: b11c18394933342b7bb74eff32f73780 - Path: Assets/Scripts/SumoCameraRoatte.cs - Importer: PreviewImporter' with importer (PreviewImporter)
Imported 'GUID: b11c18394933342b7bb74eff32f73780' -> (Import Result ID: 'dc5fbf9d58649f4430ff4c2b9b7d8aa9') in 0.000 seconds [static and dynamic dependencies]. Details - ImportResultOutputID=5bd9cb970177e34018914947e5b34348 DependenciesID=fdb5bec9320b5498e2809a90f26baab2 StaticDependenciesID=70b3bb1371f982c8be6ec07ccb1224e8 
Number of updated asset objects reloaded before import = 0
Number of asset objects unloaded after import = 0
========================================================================
Received Import Request.
  Time of request: 2026-10-09T03:48:03.950857Z
  Time since last request: 0.000778166 seconds.
  importAddress: GUID: b11c18394933342b7bb74eff32f73780 - Path: Assets/Scripts/SumoCameraRoatte.cs - Importer: PreviewImporter
Importing 'GUID: b11c18394933342b7bb74eff32f73780 - Path: Assets/Scripts/SumoCameraRoatte.cs - Importer: PreviewImporter' with importer (PreviewImporter)
Imported 'GUID: b11c18394933342b7bb74eff32f73780' -> (Import Result ID: 'dc5fbf9d58649f4430ff4c2b9b7d8aa9') in 0.000 seconds [static and dynamic dependencies]. Details - ImportResultOutputID=5bd9cb970177e34018914947e5b34348 DependenciesID=fdb5bec9320b5498e2809a90f26baab2 StaticDependenciesID=70b3bb1371f982c8be6ec07ccb1224e8 
Number of updated asset objects reloaded before import = 0
Number of asset objects unloaded after import = 0
========================================================================
Received Import Request.
  Time of request: 2026-10-09T03:48:03.958887Z
  Time since last request: 0.000413875 seconds.
  importAddress: GUID: b11c18394933342b7bb74eff32f73780 - Path: Assets/Scripts/SumoCameraRoatte.cs - Importer: PreviewImporter
Importing 'GUID: b11c18394933342b7bb74eff32f73780 - Path: Assets/Scripts/SumoCameraRoatte.cs - Importer: PreviewImporter' with importer (PreviewImporter)
Imported 'GUID: b11c18394933342b7bb74eff32f73780' -> (Import Result ID: 'dc5fbf9d58649f4430ff4c2b9b7d8aa9') in 0.000 seconds [static and dynamic dependencies]. Details - ImportResultOutputID=5bd9cb970177e34018914947e5b34348 DependenciesID=fdb5bec9320b5498e2809a90f26baab2 StaticDependenciesID=70b3bb1371f982c8be6ec07ccb1224e8 
Number of updated asset objects reloaded before import = 0
Number of asset objects unloaded after import = 0
========================================================================
Received Import Request.
  Time of request: 2026-10-09T03:48:03.96705Z
  Time since last request: 0.000784083 seconds.
  importAddress: GUID: b11c18394933342b7bb74eff32f73780 - Path: Assets/Scripts/SumoCameraRoatte.cs - Importer: PreviewImporter
Importing 'GUID: b11c18394933342b7bb74eff32f73780 - Path: Assets/Scripts/SumoCameraRoatte.cs - Importer: PreviewImporter' with importer (PreviewImporter)
Imported 'GUID: b11c18394933342b7bb74eff32f73780' -> (Import Result ID: 'dc5fbf9d58649f4430ff4c2b9b7d8aa9') in 0.000 seconds [static and dynamic dependencies]. Details - ImportResultOutputID=5bd9cb970177e34018914947e5b34348 DependenciesID=fdb5bec9320b5498e2809a90f26baab2 StaticDependenciesID=70b3bb1371f982c8be6ec07ccb1224e8 
Number of updated asset objects reloaded before import = 0
Number of asset objects unloaded after import = 0
========================================================================
Received Import Request.
  Time of request: 2026-10-09T03:48:03.975122Z
  Time since last request: 0.000555875 seconds.
  importAddress: GUID: b11c18394933342b7bb74eff32f73780 - Path: Assets/Scripts/SumoCameraRoatte.cs - Importer: PreviewImporter
Importing 'GUID: b11c18394933342b7bb74eff32f73780 - Path: Assets/Scripts/SumoCameraRoatte.cs - Importer: PreviewImporter' with importer (PreviewImporter)
Imported 'GUID: b11c18394933342b7bb74eff32f73780' -> (Import Result ID: 'dc5fbf9d58649f4430ff4c2b9b7d8aa9') in 0.000 seconds [static and dynamic dependencies]. Details - ImportResultOutputID=5bd9cb970177e34018914947e5b34348 DependenciesID=fdb5bec9320b5498e2809a90f26baab2 StaticDependenciesID=70b3bb1371f982c8be6ec07ccb1224e8 
Number of updated asset objects reloaded before import = 0
Number of asset objects unloaded after import = 0
========================================================================
Received Import Request.
  Time of request: 2026-10-09T03:48:03.983195Z
  Time since last request: 0.000440167 seconds.
  importAddress: GUID: b11c18394933342b7bb74eff32f73780 - Path: Assets/Scripts/SumoCameraRoatte.cs - Importer: PreviewImporter
Importing 'GUID: b11c18394933342b7bb74eff32f73780 - Path: Assets/Scripts/SumoCameraRoatte.cs - Importer: PreviewImporter' with importer (PreviewImporter)
Imported 'GUID: b11c18394933342b7bb74eff32f73780' -> (Import Result ID: 'dc5fbf9d58649f4430ff4c2b9b7d8aa9') in 0.000 seconds [static and dynamic dependencies]. Details - ImportResultOutputID=5bd9cb970177e34018914947e5b34348 DependenciesID=fdb5bec9320b5498e2809a90f26baab2 StaticDependenciesID=70b3bb1371f982c8be6ec07ccb1224e8 
Number of updated asset objects reloaded before import = 0
Number of asset objects unloaded after import = 0
========================================================================
Received Import Request.
  Time of request: 2026-10-09T03:48:03.991333Z
  Time since last request: 0.000764167 seconds.
  importAddress: GUID: b11c18394933342b7bb74eff32f73780 - Path: Assets/Scripts/SumoCameraRoatte.cs - Importer: PreviewImporter
Importing 'GUID: b11c18394933342b7bb74eff32f73780 - Path: Assets/Scripts/SumoCameraRoatte.cs - Importer: PreviewImporter' with importer (PreviewImporter)
Imported 'GUID: b11c18394933342b7bb74eff32f73780' -> (Import Result ID: 'dc5fbf9d58649f4430ff4c2b9b7d8aa9') in 0.000 seconds [static and dynamic dependencies]. Details - ImportResultOutputID=5bd9cb970177e34018914947e5b34348 DependenciesID=fdb5bec9320b5498e2809a90f26baab2 StaticDependenciesID=70b3bb1371f982c8be6ec07ccb1224e8 
Number of updated asset objects reloaded before import = 0
Number of asset objects unloaded after import = 0
========================================================================
Received Import Request.
  Time of request: 2026-10-09T03:48:03.999507Z
  Time since last request: 0.000547792 seconds.
  importAddress: GUID: b11c18394933342b7bb74eff32f73780 - Path: Assets/Scripts/SumoCameraRoatte.cs - Importer: PreviewImporter
Importing 'GUID: b11c18394933342b7bb74eff32f73780 - Path: Assets/Scripts/SumoCameraRoatte.cs - Importer: PreviewImporter' with importer (PreviewImporter)
Imported 'GUID: b11c18394933342b7bb74eff32f73780' -> (Import Result ID: 'dc5fbf9d58649f4430ff4c2b9b7d8aa9') in 0.000 seconds [static and dynamic dependencies]. Details - ImportResultOutputID=5bd9cb970177e34018914947e5b34348 DependenciesID=fdb5bec9320b5498e2809a90f26baab2 StaticDependenciesID=70b3bb1371f982c8be6ec07ccb1224e8 
Number of updated asset objects reloaded before import = 0
Number of asset objects unloaded after import = 0
========================================================================
Received Import Request.
  Time of request: 2026-10-09T03:48:04.007649Z
  Time since last request: 0.000491417 seconds.
  importAddress: GUID: b11c18394933342b7bb74eff32f73780 - Path: Assets/Scripts/SumoCameraRoatte.cs - Importer: PreviewImporter
Importing 'GUID: b11c18394933342b7bb74eff32f73780 - Path: Assets/Scripts/SumoCameraRoatte.cs - Importer: PreviewImporter' with importer (PreviewImporter)
Imported 'GUID: b11c18394933342b7bb74eff32f73780' -> (Import Result ID: 'dc5fbf9d58649f4430ff4c2b9b7d8aa9') in 0.000 seconds [static and dynamic dependencies]. Details - ImportResultOutputID=5bd9cb970177e34018914947e5b34348 DependenciesID=fdb5bec9320b5498e2809a90f26baab2 StaticDependenciesID=70b3bb1371f982c8be6ec07ccb1224e8 
Number of updated asset objects reloaded before import = 0
Number of asset objects unloaded after import = 0
========================================================================
Received Import Request.
  Time of request: 2026-10-09T03:48:04.015633Z
  Time since last request: 0.000401208 seconds.
  importAddress: GUID: b11c18394933342b7bb74eff32f73780 - Path: Assets/Scripts/SumoCameraRoatte.cs - Importer: PreviewImporter
Importing 'GUID: b11c18394933342b7bb74eff32f73780 - Path: Assets/Scripts/SumoCameraRoatte.cs - Importer: PreviewImporter' with importer (PreviewImporter)
Imported 'GUID: b11c18394933342b7bb74eff32f73780' -> (Import Result ID: 'dc5fbf9d58649f4430ff4c2b9b7d8aa9') in 0.000 seconds [static and dynamic dependencies]. Details - ImportResultOutputID=5bd9cb970177e34018914947e5b34348 DependenciesID=fdb5bec9320b5498e2809a90f26baab2 StaticDependenciesID=70b3bb1371f982c8be6ec07ccb1224e8 
Number of updated asset objects reloaded before import = 0
Number of asset objects unloaded after import = 0
========================================================================
Received Import Request.
  Time of request: 2026-10-09T03:48:04.023832Z
  Time since last request: 0.000643917 seconds.
  importAddress: GUID: b11c18394933342b7bb74eff32f73780 - Path: Assets/Scripts/SumoCameraRoatte.cs - Importer: PreviewImporter
Importing 'GUID: b11c18394933342b7bb74eff32f73780 - Path: Assets/Scripts/SumoCameraRoatte.cs - Importer: PreviewImporter' with importer (PreviewImporter)
Imported 'GUID: b11c18394933342b7bb74eff32f73780' -> (Import Result ID: 'dc5fbf9d58649f4430ff4c2b9b7d8aa9') in 0.000 seconds [static and dynamic dependencies]. Details - ImportResultOutputID=5bd9cb970177e34018914947e5b34348 DependenciesID=fdb5bec9320b5498e2809a90f26baab2 StaticDependenciesID=70b3bb1371f982c8be6ec07ccb1224e8 
Number of updated asset objects reloaded before import = 0
Number of asset objects unloaded after import = 0
========================================================================
Received Import Request.
  Time of request: 2026-10-09T03:48:04.031854Z
  Time since last request: 0.000326375 seconds.
  importAddress: GUID: b11c18394933342b7bb74eff32f73780 - Path: Assets/Scripts/SumoCameraRoatte.cs - Importer: PreviewImporter
Importing 'GUID: b11c18394933342b7bb74eff32f73780 - Path: Assets/Scripts/SumoCameraRoatte.cs - Importer: PreviewImporter' with importer (PreviewImporter)
Imported 'GUID: b11c18394933342b7bb74eff32f73780' -> (Import Result ID: 'dc5fbf9d58649f4430ff4c2b9b7d8aa9') in 0.000 seconds [static and dynamic dependencies]. Details - ImportResultOutputID=5bd9cb970177e34018914947e5b34348 DependenciesID=fdb5bec9320b5498e2809a90f26baab2 StaticDependenciesID=70b3bb1371f982c8be6ec07ccb1224e8 
Number of updated asset objects reloaded before import = 0
Number of asset objects unloaded after import = 0
========================================================================
Received Import Request.
  Time of request: 2026-10-09T03:48:04.039966Z
  Time since last request: 0.0003495 seconds.
  importAddress: GUID: b11c18394933342b7bb74eff32f73780 - Path: Assets/Scripts/SumoCameraRoatte.cs - Importer: PreviewImporter
Importing 'GUID: b11c18394933342b7bb74eff32f73780 - Path: Assets/Scripts/SumoCameraRoatte.cs - Importer: PreviewImporter' with importer (PreviewImporter)
Imported 'GUID: b11c18394933342b7bb74eff32f73780' -> (Import Result ID: 'dc5fbf9d58649f4430ff4c2b9b7d8aa9') in 0.000 seconds [static and dynamic dependencies]. Details - ImportResultOutputID=5bd9cb970177e34018914947e5b34348 DependenciesID=fdb5bec9320b5498e2809a90f26baab2 StaticDependenciesID=70b3bb1371f982c8be6ec07ccb1224e8 
Number of updated asset objects reloaded before import = 0
Number of asset objects unloaded after import = 0
========================================================================
Received Import Request.
  Time of request: 2026-10-09T03:48:04.048152Z
  Time since last request: 0.000419625 seconds.
  importAddress: GUID: b11c18394933342b7bb74eff32f73780 - Path: Assets/Scripts/SumoCameraRoatte.cs - Importer: PreviewImporter
Importing 'GUID: b11c18394933342b7bb74eff32f73780 - Path: Assets/Scripts/SumoCameraRoatte.cs - Importer: PreviewImporter' with importer (PreviewImporter)
Imported 'GUID: b11c18394933342b7bb74eff32f73780' -> (Import Result ID: 'dc5fbf9d58649f4430ff4c2b9b7d8aa9') in 0.000 seconds [static and dynamic dependencies]. Details - ImportResultOutputID=5bd9cb970177e34018914947e5b34348 DependenciesID=fdb5bec9320b5498e2809a90f26baab2 StaticDependenciesID=70b3bb1371f982c8be6ec07ccb1224e8 
Number of updated asset objects reloaded before import = 0
Number of asset objects unloaded after import = 0
========================================================================
Received Import Request.
  Time of request: 2026-10-09T03:48:04.056286Z
  Time since last request: 0.000591792 seconds.
  importAddress: GUID: b11c18394933342b7bb74eff32f73780 - Path: Assets/Scripts/SumoCameraRoatte.cs - Importer: PreviewImporter
Importing 'GUID: b11c18394933342b7bb74eff32f73780 - Path: Assets/Scripts/SumoCameraRoatte.cs - Importer: PreviewImporter' with importer (PreviewImporter)
Imported 'GUID: b11c18394933342b7bb74eff32f73780' -> (Import Result ID: 'dc5fbf9d58649f4430ff4c2b9b7d8aa9') in 0.000 seconds [static and dynamic dependencies]. Details - ImportResultOutputID=5bd9cb970177e34018914947e5b34348 DependenciesID=fdb5bec9320b5498e2809a90f26baab2 StaticDependenciesID=70b3bb1371f982c8be6ec07ccb1224e8 
Number of updated asset objects reloaded before import = 0
Number of asset objects unloaded after import = 0
========================================================================
Received Import Request.
  Time of request: 2026-10-09T03:48:04.064505Z
  Time since last request: 0.000496667 seconds.
  importAddress: GUID: b11c18394933342b7bb74eff32f73780 - Path: Assets/Scripts/SumoCameraRoatte.cs - Importer: PreviewImporter
Importing 'GUID: b11c18394933342b7bb74eff32f73780 - Path: Assets/Scripts/SumoCameraRoatte.cs - Importer: PreviewImporter' with importer (PreviewImporter)
Imported 'GUID: b11c18394933342b7bb74eff32f73780' -> (Import Result ID: 'dc5fbf9d58649f4430ff4c2b9b7d8aa9') in 0.000 seconds [static and dynamic dependencies]. Details - ImportResultOutputID=5bd9cb970177e34018914947e5b34348 DependenciesID=fdb5bec9320b5498e2809a90f26baab2 StaticDependenciesID=70b3bb1371f982c8be6ec07ccb1224e8 
Number of updated asset objects reloaded before import = 0
Number of asset objects unloaded after import = 0
========================================================================
Received Import Request.
  Time of request: 2026-10-09T03:48:04.072311Z
  Time since last request: 0.000758125 seconds.
  importAddress: GUID: b11c18394933342b7bb74eff32f73780 - Path: Assets/Scripts/SumoCameraRoatte.cs - Importer: PreviewImporter
Importing 'GUID: b11c18394933342b7bb74eff32f73780 - Path: Assets/Scripts/SumoCameraRoatte.cs - Importer: PreviewImporter' with importer (PreviewImporter)
Imported 'GUID: b11c18394933342b7bb74eff32f73780' -> (Import Result ID: 'dc5fbf9d58649f4430ff4c2b9b7d8aa9') in 0.000 seconds [static and dynamic dependencies]. Details - ImportResultOutputID=5bd9cb970177e34018914947e5b34348 DependenciesID=fdb5bec9320b5498e2809a90f26baab2 StaticDependenciesID=70b3bb1371f982c8be6ec07ccb1224e8 
Number of updated asset objects reloaded before import = 0
Number of asset objects unloaded after import = 0
========================================================================
Received Import Request.
  Time of request: 2026-10-09T03:48:04.080339Z
  Time since last request: 0.000587834 seconds.
  importAddress: GUID: b11c18394933342b7bb74eff32f73780 - Path: Assets/Scripts/SumoCameraRoatte.cs - Importer: PreviewImporter
Importing 'GUID: b11c18394933342b7bb74eff32f73780 - Path: Assets/Scripts/SumoCameraRoatte.cs - Importer: PreviewImporter' with importer (PreviewImporter)
Imported 'GUID: b11c18394933342b7bb74eff32f73780' -> (Import Result ID: 'dc5fbf9d58649f4430ff4c2b9b7d8aa9') in 0.000 seconds [static and dynamic dependencies]. Details - ImportResultOutputID=5bd9cb970177e34018914947e5b34348 DependenciesID=fdb5bec9320b5498e2809a90f26baab2 StaticDependenciesID=70b3bb1371f982c8be6ec07ccb1224e8 
Number of updated asset objects reloaded before import = 0
Number of asset objects unloaded after import = 0
========================================================================
Received Import Request.
  Time of request: 2026-10-09T03:48:04.088724Z
  Time since last request: 0.001404375 seconds.
  importAddress: GUID: b11c18394933342b7bb74eff32f73780 - Path: Assets/Scripts/SumoCameraRoatte.cs - Importer: PreviewImporter
Importing 'GUID: b11c18394933342b7bb74eff32f73780 - Path: Assets/Scripts/SumoCameraRoatte.cs - Importer: PreviewImporter' with importer (PreviewImporter)
Imported 'GUID: b11c18394933342b7bb74eff32f73780' -> (Import Result ID: 'dc5fbf9d58649f4430ff4c2b9b7d8aa9') in 0.000 seconds [static and dynamic dependencies]. Details - ImportResultOutputID=5bd9cb970177e34018914947e5b34348 DependenciesID=fdb5bec9320b5498e2809a90f26baab2 StaticDependenciesID=70b3bb1371f982c8be6ec07ccb1224e8 
Number of updated asset objects reloaded before import = 0
Number of asset objects unloaded after import = 0
========================================================================
Received Import Request.
  Time of request: 2026-10-09T03:48:04.097091Z
  Time since last request: 0.001236208 seconds.
  importAddress: GUID: b11c18394933342b7bb74eff32f73780 - Path: Assets/Scripts/SumoCameraRoatte.cs - Importer: PreviewImporter
Importing 'GUID: b11c18394933342b7bb74eff32f73780 - Path: Assets/Scripts/SumoCameraRoatte.cs - Importer: PreviewImporter' with importer (PreviewImporter)
Imported 'GUID: b11c18394933342b7bb74eff32f73780' -> (Import Result ID: 'dc5fbf9d58649f4430ff4c2b9b7d8aa9') in 0.000 seconds [static and dynamic dependencies]. Details - ImportResultOutputID=5bd9cb970177e34018914947e5b34348 DependenciesID=fdb5bec9320b5498e2809a90f26baab2 StaticDependenciesID=70b3bb1371f982c8be6ec07ccb1224e8 
Number of updated asset objects reloaded before import = 0
Number of asset objects unloaded after import = 0
========================================================================
Received Import Request.
  Time of request: 2026-10-09T03:48:04.105133Z
  Time since last request: 0.001448042 seconds.
  importAddress: GUID: b11c18394933342b7bb74eff32f73780 - Path: Assets/Scripts/SumoCameraRoatte.cs - Importer: PreviewImporter
Importing 'GUID: b11c18394933342b7bb74eff32f73780 - Path: Assets/Scripts/SumoCameraRoatte.cs - Importer: PreviewImporter' with importer (PreviewImporter)
Imported 'GUID: b11c18394933342b7bb74eff32f73780' -> (Import Result ID: 'dc5fbf9d58649f4430ff4c2b9b7d8aa9') in 0.000 seconds [static and dynamic dependencies]. Details - ImportResultOutputID=5bd9cb970177e34018914947e5b34348 DependenciesID=fdb5bec9320b5498e2809a90f26baab2 StaticDependenciesID=70b3bb1371f982c8be6ec07ccb1224e8 
Number of updated asset objects reloaded before import = 0
Number of asset objects unloaded after import = 0
========================================================================
Received Import Request.
  Time of request: 2026-10-09T03:48:04.113097Z
  Time since last request: 0.001121209 seconds.
  importAddress: GUID: b11c18394933342b7bb74eff32f73780 - Path: Assets/Scripts/SumoCameraRoatte.cs - Importer: PreviewImporter
Importing 'GUID: b11c18394933342b7bb74eff32f73780 - Path: Assets/Scripts/SumoCameraRoatte.cs - Importer: PreviewImporter' with importer (PreviewImporter)
Imported 'GUID: b11c18394933342b7bb74eff32f73780' -> (Import Result ID: 'dc5fbf9d58649f4430ff4c2b9b7d8aa9') in 0.000 seconds [static and dynamic dependencies]. Details - ImportResultOutputID=5bd9cb970177e34018914947e5b34348 DependenciesID=fdb5bec9320b5498e2809a90f26baab2 StaticDependenciesID=70b3bb1371f982c8be6ec07ccb1224e8 
Number of updated asset objects reloaded before import = 0
Number of asset objects unloaded after import = 0
========================================================================
Received Import Request.
  Time of request: 2026-10-09T03:48:04.121425Z
  Time since last request: 0.001471 seconds.
  importAddress: GUID: b11c18394933342b7bb74eff32f73780 - Path: Assets/Scripts/SumoCameraRoatte.cs - Importer: PreviewImporter
Importing 'GUID: b11c18394933342b7bb74eff32f73780 - Path: Assets/Scripts/SumoCameraRoatte.cs - Importer: PreviewImporter' with importer (PreviewImporter)
Imported 'GUID: b11c18394933342b7bb74eff32f73780' -> (Import Result ID: 'dc5fbf9d58649f4430ff4c2b9b7d8aa9') in 0.000 seconds [static and dynamic dependencies]. Details - ImportResultOutputID=5bd9cb970177e34018914947e5b34348 DependenciesID=fdb5bec9320b5498e2809a90f26baab2 StaticDependenciesID=70b3bb1371f982c8be6ec07ccb1224e8 
Number of updated asset objects reloaded before import = 0
Number of asset objects unloaded after import = 0
========================================================================
Received Import Request.
  Time of request: 2026-10-09T03:48:04.129386Z
  Time since last request: 0.001211 seconds.
  importAddress: GUID: b11c18394933342b7bb74eff32f73780 - Path: Assets/Scripts/SumoCameraRoatte.cs - Importer: PreviewImporter
Importing 'GUID: b11c18394933342b7bb74eff32f73780 - Path: Assets/Scripts/SumoCameraRoatte.cs - Importer: PreviewImporter' with importer (PreviewImporter)
Imported 'GUID: b11c18394933342b7bb74eff32f73780' -> (Import Result ID: 'dc5fbf9d58649f4430ff4c2b9b7d8aa9') in 0.000 seconds [static and dynamic dependencies]. Details - ImportResultOutputID=5bd9cb970177e34018914947e5b34348 DependenciesID=fdb5bec9320b5498e2809a90f26baab2 StaticDependenciesID=70b3bb1371f982c8be6ec07ccb1224e8 
Number of updated asset objects reloaded before import = 0
Number of asset objects unloaded after import = 0
========================================================================
Received Import Request.
  Time of request: 2026-10-09T03:48:04.137442Z
  Time since last request: 0.001028833 seconds.
  importAddress: GUID: b11c18394933342b7bb74eff32f73780 - Path: Assets/Scripts/SumoCameraRoatte.cs - Importer: PreviewImporter
Importing 'GUID: b11c18394933342b7bb74eff32f73780 - Path: Assets/Scripts/SumoCameraRoatte.cs - Importer: PreviewImporter' with importer (PreviewImporter)
Imported 'GUID: b11c18394933342b7bb74eff32f73780' -> (Import Result ID: 'dc5fbf9d58649f4430ff4c2b9b7d8aa9') in 0.000 seconds [static and dynamic dependencies]. Details - ImportResultOutputID=5bd9cb970177e34018914947e5b34348 DependenciesID=fdb5bec9320b5498e2809a90f26baab2 StaticDependenciesID=70b3bb1371f982c8be6ec07ccb1224e8 
Number of updated asset objects reloaded before import = 0
Number of asset objects unloaded after import = 0
========================================================================
Received Import Request.
  Time of request: 2026-10-09T03:48:04.145582Z
  Time since last request: 0.000551667 seconds.
  importAddress: GUID: b11c18394933342b7bb74eff32f73780 - Path: Assets/Scripts/SumoCameraRoatte.cs - Importer: PreviewImporter
Importing 'GUID: b11c18394933342b7bb74eff32f73780 - Path: Assets/Scripts/SumoCameraRoatte.cs - Importer: PreviewImporter' with importer (PreviewImporter)
Imported 'GUID: b11c18394933342b7bb74eff32f73780' -> (Import Result ID: 'dc5fbf9d58649f4430ff4c2b9b7d8aa9') in 0.000 seconds [static and dynamic dependencies]. Details - ImportResultOutputID=5bd9cb970177e34018914947e5b34348 DependenciesID=fdb5bec9320b5498e2809a90f26baab2 StaticDependenciesID=70b3bb1371f982c8be6ec07ccb1224e8 
Number of updated asset objects reloaded before import = 0
Number of asset objects unloaded after import = 0
========================================================================
Received Import Request.
  Time of request: 2026-10-09T03:48:04.153685Z
  Time since last request: 0.000637125 seconds.
  importAddress: GUID: b11c18394933342b7bb74eff32f73780 - Path: Assets/Scripts/SumoCameraRoatte.cs - Importer: PreviewImporter
Importing 'GUID: b11c18394933342b7bb74eff32f73780 - Path: Assets/Scripts/SumoCameraRoatte.cs - Importer: PreviewImporter' with importer (PreviewImporter)
Imported 'GUID: b11c18394933342b7bb74eff32f73780' -> (Import Result ID: 'dc5fbf9d58649f4430ff4c2b9b7d8aa9') in 0.000 seconds [static and dynamic dependencies]. Details - ImportResultOutputID=5bd9cb970177e34018914947e5b34348 DependenciesID=fdb5bec9320b5498e2809a90f26baab2 StaticDependenciesID=70b3bb1371f982c8be6ec07ccb1224e8 
Number of updated asset objects reloaded before import = 0
Number of asset objects unloaded after import = 0
========================================================================
Received Import Request.
  Time of request: 2026-10-09T03:48:04.161884Z
  Time since last request: 0.000389584 seconds.
  importAddress: GUID: b11c18394933342b7bb74eff32f73780 - Path: Assets/Scripts/SumoCameraRoatte.cs - Importer: PreviewImporter
Importing 'GUID: b11c18394933342b7bb74eff32f73780 - Path: Assets/Scripts/SumoCameraRoatte.cs - Importer: PreviewImporter' with importer (PreviewImporter)
Imported 'GUID: b11c18394933342b7bb74eff32f73780' -> (Import Result ID: 'dc5fbf9d58649f4430ff4c2b9b7d8aa9') in 0.000 seconds [static and dynamic dependencies]. Details - ImportResultOutputID=5bd9cb970177e34018914947e5b34348 DependenciesID=fdb5bec9320b5498e2809a90f26baab2 StaticDependenciesID=70b3bb1371f982c8be6ec07ccb1224e8 
Number of updated asset objects reloaded before import = 0
Number of asset objects unloaded after import = 0
========================================================================
Received Import Request.
  Time of request: 2026-10-09T03:48:04.169876Z
  Time since last request: 0.000406291 seconds.
  importAddress: GUID: b11c18394933342b7bb74eff32f73780 - Path: Assets/Scripts/SumoCameraRoatte.cs - Importer: PreviewImporter
Importing 'GUID: b11c18394933342b7bb74eff32f73780 - Path: Assets/Scripts/SumoCameraRoatte.cs - Importer: PreviewImporter' with importer (PreviewImporter)
Imported 'GUID: b11c18394933342b7bb74eff32f73780' -> (Import Result ID: 'dc5fbf9d58649f4430ff4c2b9b7d8aa9') in 0.000 seconds [static and dynamic dependencies]. Details - ImportResultOutputID=5bd9cb970177e34018914947e5b34348 DependenciesID=fdb5bec9320b5498e2809a90f26baab2 StaticDependenciesID=70b3bb1371f982c8be6ec07ccb1224e8 
Number of updated asset objects reloaded before import = 0
Number of asset objects unloaded after import = 0
========================================================================
Received Import Request.
  Time of request: 2026-10-09T03:48:04.178012Z
  Time since last request: 0.0010065 seconds.
  importAddress: GUID: b11c18394933342b7bb74eff32f73780 - Path: Assets/Scripts/SumoCameraRoatte.cs - Importer: PreviewImporter
Importing 'GUID: b11c18394933342b7bb74eff32f73780 - Path: Assets/Scripts/SumoCameraRoatte.cs - Importer: PreviewImporter' with importer (PreviewImporter)
Imported 'GUID: b11c18394933342b7bb74eff32f73780' -> (Import Result ID: 'dc5fbf9d58649f4430ff4c2b9b7d8aa9') in 0.000 seconds [static and dynamic dependencies]. Details - ImportResultOutputID=5bd9cb970177e34018914947e5b34348 DependenciesID=fdb5bec9320b5498e2809a90f26baab2 StaticDependenciesID=70b3bb1371f982c8be6ec07ccb1224e8 
Number of updated asset objects reloaded before import = 0
Number of asset objects unloaded after import = 0
========================================================================
Received Import Request.
  Time of request: 2026-10-09T03:48:04.188122Z
  Time since last request: 0.003444334 seconds.
  importAddress: GUID: b11c18394933342b7bb74eff32f73780 - Path: Assets/Scripts/SumoCameraRoatte.cs - Importer: PreviewImporter
Importing 'GUID: b11c18394933342b7bb74eff32f73780 - Path: Assets/Scripts/SumoCameraRoatte.cs - Importer: PreviewImporter' with importer (PreviewImporter)
Imported 'GUID: b11c18394933342b7bb74eff32f73780' -> (Import Result ID: 'dc5fbf9d58649f4430ff4c2b9b7d8aa9') in 0.000 seconds [static and dynamic dependencies]. Details - ImportResultOutputID=5bd9cb970177e34018914947e5b34348 DependenciesID=fdb5bec9320b5498e2809a90f26baab2 StaticDependenciesID=70b3bb1371f982c8be6ec07ccb1224e8 
Number of updated asset objects reloaded before import = 0
Number of asset objects unloaded after import = 0
========================================================================
Received Import Request.
  Time of request: 2026-10-09T03:48:04.19632Z
  Time since last request: 0.001294333 seconds.
  importAddress: GUID: b11c18394933342b7bb74eff32f73780 - Path: Assets/Scripts/SumoCameraRoatte.cs - Importer: PreviewImporter
Importing 'GUID: b11c18394933342b7bb74eff32f73780 - Path: Assets/Scripts/SumoCameraRoatte.cs - Importer: PreviewImporter' with importer (PreviewImporter)
Imported 'GUID: b11c18394933342b7bb74eff32f73780' -> (Import Result ID: 'dc5fbf9d58649f4430ff4c2b9b7d8aa9') in 0.000 seconds [static and dynamic dependencies]. Details - ImportResultOutputID=5bd9cb970177e34018914947e5b34348 DependenciesID=fdb5bec9320b5498e2809a90f26baab2 StaticDependenciesID=70b3bb1371f982c8be6ec07ccb1224e8 
Number of updated asset objects reloaded before import = 0
Number of asset objects unloaded after import = 0
========================================================================
Received Import Request.
  Time of request: 2026-10-09T03:48:04.20436Z
  Time since last request: 0.001048125 seconds.
  importAddress: GUID: b11c18394933342b7bb74eff32f73780 - Path: Assets/Scripts/SumoCameraRoatte.cs - Importer: PreviewImporter
Importing 'GUID: b11c18394933342b7bb74eff32f73780 - Path: Assets/Scripts/SumoCameraRoatte.cs - Importer: PreviewImporter' with importer (PreviewImporter)
Imported 'GUID: b11c18394933342b7bb74eff32f73780' -> (Import Result ID: 'dc5fbf9d58649f4430ff4c2b9b7d8aa9') in 0.000 seconds [static and dynamic dependencies]. Details - ImportResultOutputID=5bd9cb970177e34018914947e5b34348 DependenciesID=fdb5bec9320b5498e2809a90f26baab2 StaticDependenciesID=70b3bb1371f982c8be6ec07ccb1224e8 
Number of updated asset objects reloaded before import = 0
Number of asset objects unloaded after import = 0
========================================================================
Received Import Request.
  Time of request: 2026-10-09T03:48:04.212518Z
  Time since last request: 0.001542834 seconds.
  importAddress: GUID: b11c18394933342b7bb74eff32f73780 - Path: Assets/Scripts/SumoCameraRoatte.cs - Importer: PreviewImporter
Importing 'GUID: b11c18394933342b7bb74eff32f73780 - Path: Assets/Scripts/SumoCameraRoatte.cs - Importer: PreviewImporter' with importer (PreviewImporter)
Imported 'GUID: b11c18394933342b7bb74eff32f73780' -> (Import Result ID: 'dc5fbf9d58649f4430ff4c2b9b7d8aa9') in 0.000 seconds [static and dynamic dependencies]. Details - ImportResultOutputID=5bd9cb970177e34018914947e5b34348 DependenciesID=fdb5bec9320b5498e2809a90f26baab2 StaticDependenciesID=70b3bb1371f982c8be6ec07ccb1224e8 
Number of updated asset objects reloaded before import = 0
Number of asset objects unloaded after import = 0
========================================================================
Received Import Request.
  Time of request: 2026-10-09T03:48:04.220557Z
  Time since last request: 0.000454375 seconds.
  importAddress: GUID: b11c18394933342b7bb74eff32f73780 - Path: Assets/Scripts/SumoCameraRoatte.cs - Importer: PreviewImporter
Importing 'GUID: b11c18394933342b7bb74eff32f73780 - Path: Assets/Scripts/SumoCameraRoatte.cs - Importer: PreviewImporter' with importer (PreviewImporter)
Imported 'GUID: b11c18394933342b7bb74eff32f73780' -> (Import Result ID: 'dc5fbf9d58649f4430ff4c2b9b7d8aa9') in 0.000 seconds [static and dynamic dependencies]. Details - ImportResultOutputID=5bd9cb970177e34018914947e5b34348 DependenciesID=fdb5bec9320b5498e2809a90f26baab2 StaticDependenciesID=70b3bb1371f982c8be6ec07ccb1224e8 
Number of updated asset objects reloaded before import = 0
Number of asset objects unloaded after import = 0
========================================================================
Received Import Request.
  Time of request: 2026-10-09T03:48:04.228755Z
  Time since last request: 0.000586709 seconds.
  importAddress: GUID: b11c18394933342b7bb74eff32f73780 - Path: Assets/Scripts/SumoCameraRoatte.cs - Importer: PreviewImporter
Importing 'GUID: b11c18394933342b7bb74eff32f73780 - Path: Assets/Scripts/SumoCameraRoatte.cs - Importer: PreviewImporter' with importer (PreviewImporter)
Imported 'GUID: b11c18394933342b7bb74eff32f73780' -> (Import Result ID: 'dc5fbf9d58649f4430ff4c2b9b7d8aa9') in 0.000 seconds [static and dynamic dependencies]. Details - ImportResultOutputID=5bd9cb970177e34018914947e5b34348 DependenciesID=fdb5bec9320b5498e2809a90f26baab2 StaticDependenciesID=70b3bb1371f982c8be6ec07ccb1224e8 
Number of updated asset objects reloaded before import = 0
Number of asset objects unloaded after import = 0
========================================================================
Received Import Request.
  Time of request: 2026-10-09T03:48:04.236803Z
  Time since last request: 0.000490667 seconds.
  importAddress: GUID: b11c18394933342b7bb74eff32f73780 - Path: Assets/Scripts/SumoCameraRoatte.cs - Importer: PreviewImporter
Importing 'GUID: b11c18394933342b7bb74eff32f73780 - Path: Assets/Scripts/SumoCameraRoatte.cs - Importer: PreviewImporter' with importer (PreviewImporter)
Imported 'GUID: b11c18394933342b7bb74eff32f73780' -> (Import Result ID: 'dc5fbf9d58649f4430ff4c2b9b7d8aa9') in 0.000 seconds [static and dynamic dependencies]. Details - ImportResultOutputID=5bd9cb970177e34018914947e5b34348 DependenciesID=fdb5bec9320b5498e2809a90f26baab2 StaticDependenciesID=70b3bb1371f982c8be6ec07ccb1224e8 
Number of updated asset objects reloaded before import = 0
Number of asset objects unloaded after import = 0
========================================================================
Received Import Request.
  Time of request: 2026-10-09T03:48:04.244953Z
  Time since last request: 0.000798291 seconds.
  importAddress: GUID: b11c18394933342b7bb74eff32f73780 - Path: Assets/Scripts/SumoCameraRoatte.cs - Importer: PreviewImporter
Importing 'GUID: b11c18394933342b7bb74eff32f73780 - Path: Assets/Scripts/SumoCameraRoatte.cs - Importer: PreviewImporter' with importer (PreviewImporter)
Imported 'GUID: b11c18394933342b7bb74eff32f73780' -> (Import Result ID: 'dc5fbf9d58649f4430ff4c2b9b7d8aa9') in 0.000 seconds [static and dynamic dependencies]. Details - ImportResultOutputID=5bd9cb970177e34018914947e5b34348 DependenciesID=fdb5bec9320b5498e2809a90f26baab2 StaticDependenciesID=70b3bb1371f982c8be6ec07ccb1224e8 
Number of updated asset objects reloaded before import = 0
Number of asset objects unloaded after import = 0
========================================================================
Received Import Request.
  Time of request: 2026-10-09T03:48:04.253241Z
  Time since last request: 0.001255208 seconds.
  importAddress: GUID: b11c18394933342b7bb74eff32f73780 - Path: Assets/Scripts/SumoCameraRoatte.cs - Importer: PreviewImporter
Importing 'GUID: b11c18394933342b7bb74eff32f73780 - Path: Assets/Scripts/SumoCameraRoatte.cs - Importer: PreviewImporter' with importer (PreviewImporter)
Imported 'GUID: b11c18394933342b7bb74eff32f73780' -> (Import Result ID: 'dc5fbf9d58649f4430ff4c2b9b7d8aa9') in 0.000 seconds [static and dynamic dependencies]. Details - ImportResultOutputID=5bd9cb970177e34018914947e5b34348 DependenciesID=fdb5bec9320b5498e2809a90f26baab2 StaticDependenciesID=70b3bb1371f982c8be6ec07ccb1224e8 
Number of updated asset objects reloaded before import = 0
Number of asset objects unloaded after import = 0
========================================================================
Received Import Request.
  Time of request: 2026-10-09T03:48:04.263455Z
  Time since last request: 0.002392583 seconds.
  importAddress: GUID: b11c18394933342b7bb74eff32f73780 - Path: Assets/Scripts/SumoCameraRoatte.cs - Importer: PreviewImporter
Importing 'GUID: b11c18394933342b7bb74eff32f73780 - Path: Assets/Scripts/SumoCameraRoatte.cs - Importer: PreviewImporter' with importer (PreviewImporter)
Imported 'GUID: b11c18394933342b7bb74eff32f73780' -> (Import Result ID: 'dc5fbf9d58649f4430ff4c2b9b7d8aa9') in 0.000 seconds [static and dynamic dependencies]. Details - ImportResultOutputID=5bd9cb970177e34018914947e5b34348 DependenciesID=fdb5bec9320b5498e2809a90f26baab2 StaticDependenciesID=70b3bb1371f982c8be6ec07ccb1224e8 
Number of updated asset objects reloaded before import = 0
Number of asset objects unloaded after import = 0
========================================================================
Received Import Request.
  Time of request: 2026-10-09T03:48:04.271602Z
  Time since last request: 0.001047417 seconds.
  importAddress: GUID: b11c18394933342b7bb74eff32f73780 - Path: Assets/Scripts/SumoCameraRoatte.cs - Importer: PreviewImporter
Importing 'GUID: b11c18394933342b7bb74eff32f73780 - Path: Assets/Scripts/SumoCameraRoatte.cs - Importer: PreviewImporter' with importer (PreviewImporter)
Imported 'GUID: b11c18394933342b7bb74eff32f73780' -> (Import Result ID: 'dc5fbf9d58649f4430ff4c2b9b7d8aa9') in 0.000 seconds [static and dynamic dependencies]. Details - ImportResultOutputID=5bd9cb970177e34018914947e5b34348 DependenciesID=fdb5bec9320b5498e2809a90f26baab2 StaticDependenciesID=70b3bb1371f982c8be6ec07ccb1224e8 
Number of updated asset objects reloaded before import = 0
Number of asset objects unloaded after import = 0
========================================================================
Received Import Request.
  Time of request: 2026-10-09T03:48:04.279912Z
  Time since last request: 0.001333958 seconds.
  importAddress: GUID: b11c18394933342b7bb74eff32f73780 - Path: Assets/Scripts/SumoCameraRoatte.cs - Importer: PreviewImporter
Importing 'GUID: b11c18394933342b7bb74eff32f73780 - Path: Assets/Scripts/SumoCameraRoatte.cs - Importer: PreviewImporter' with importer (PreviewImporter)
Imported 'GUID: b11c18394933342b7bb74eff32f73780' -> (Import Result ID: 'dc5fbf9d58649f4430ff4c2b9b7d8aa9') in 0.000 seconds [static and dynamic dependencies]. Details - ImportResultOutputID=5bd9cb970177e34018914947e5b34348 DependenciesID=fdb5bec9320b5498e2809a90f26baab2 StaticDependenciesID=70b3bb1371f982c8be6ec07ccb1224e8 
Number of updated asset objects reloaded before import = 0
Number of asset objects unloaded after import = 0
========================================================================
Received Import Request.
  Time of request: 2026-10-09T03:48:04.287802Z
  Time since last request: 0.001044 seconds.
  importAddress: GUID: b11c18394933342b7bb74eff32f73780 - Path: Assets/Scripts/SumoCameraRoatte.cs - Importer: PreviewImporter
Importing 'GUID: b11c18394933342b7bb74eff32f73780 - Path: Assets/Scripts/SumoCameraRoatte.cs - Importer: PreviewImporter' with importer (PreviewImporter)
Imported 'GUID: b11c18394933342b7bb74eff32f73780' -> (Import Result ID: 'dc5fbf9d58649f4430ff4c2b9b7d8aa9') in 0.000 seconds [static and dynamic dependencies]. Details - ImportResultOutputID=5bd9cb970177e34018914947e5b34348 DependenciesID=fdb5bec9320b5498e2809a90f26baab2 StaticDependenciesID=70b3bb1371f982c8be6ec07ccb1224e8 
Number of updated asset objects reloaded before import = 0
Number of asset objects unloaded after import = 0
========================================================================
Received Import Request.
  Time of request: 2026-10-09T03:48:04.295896Z
  Time since last request: 0.0002585 seconds.
  importAddress: GUID: b11c18394933342b7bb74eff32f73780 - Path: Assets/Scripts/SumoCameraRoatte.cs - Importer: PreviewImporter
Importing 'GUID: b11c18394933342b7bb74eff32f73780 - Path: Assets/Scripts/SumoCameraRoatte.cs - Importer: PreviewImporter' with importer (PreviewImporter)
Imported 'GUID: b11c18394933342b7bb74eff32f73780' -> (Import Result ID: 'dc5fbf9d58649f4430ff4c2b9b7d8aa9') in 0.000 seconds [static and dynamic dependencies]. Details - ImportResultOutputID=5bd9cb970177e34018914947e5b34348 DependenciesID=fdb5bec9320b5498e2809a90f26baab2 StaticDependenciesID=70b3bb1371f982c8be6ec07ccb1224e8 
Number of updated asset objects reloaded before import = 0
Number of asset objects unloaded after import = 0
========================================================================
Received Import Request.
  Time of request: 2026-10-09T03:48:04.303988Z
  Time since last request: 0.000587083 seconds.
  importAddress: GUID: b11c18394933342b7bb74eff32f73780 - Path: Assets/Scripts/SumoCameraRoatte.cs - Importer: PreviewImporter
Importing 'GUID: b11c18394933342b7bb74eff32f73780 - Path: Assets/Scripts/SumoCameraRoatte.cs - Importer: PreviewImporter' with importer (PreviewImporter)
Imported 'GUID: b11c18394933342b7bb74eff32f73780' -> (Import Result ID: 'dc5fbf9d58649f4430ff4c2b9b7d8aa9') in 0.000 seconds [static and dynamic dependencies]. Details - ImportResultOutputID=5bd9cb970177e34018914947e5b34348 DependenciesID=fdb5bec9320b5498e2809a90f26baab2 StaticDependenciesID=70b3bb1371f982c8be6ec07ccb1224e8 
Number of updated asset objects reloaded before import = 0
Number of asset objects unloaded after import = 0
========================================================================
Received Import Request.
  Time of request: 2026-10-09T03:48:04.31197Z
  Time since last request: 0.000345834 seconds.
  importAddress: GUID: b11c18394933342b7bb74eff32f73780 - Path: Assets/Scripts/SumoCameraRoatte.cs - Importer: PreviewImporter
Importing 'GUID: b11c18394933342b7bb74eff32f73780 - Path: Assets/Scripts/SumoCameraRoatte.cs - Importer: PreviewImporter' with importer (PreviewImporter)
Imported 'GUID: b11c18394933342b7bb74eff32f73780' -> (Import Result ID: 'dc5fbf9d58649f4430ff4c2b9b7d8aa9') in 0.000 seconds [static and dynamic dependencies]. Details - ImportResultOutputID=5bd9cb970177e34018914947e5b34348 DependenciesID=fdb5bec9320b5498e2809a90f26baab2 StaticDependenciesID=70b3bb1371f982c8be6ec07ccb1224e8 
Number of updated asset objects reloaded before import = 0
Number of asset objects unloaded after import = 0
========================================================================
Received Import Request.
  Time of request: 2026-10-09T03:48:04.320105Z
  Time since last request: 0.000748875 seconds.
  importAddress: GUID: b11c18394933342b7bb74eff32f73780 - Path: Assets/Scripts/SumoCameraRoatte.cs - Importer: PreviewImporter
Importing 'GUID: b11c18394933342b7bb74eff32f73780 - Path: Assets/Scripts/SumoCameraRoatte.cs - Importer: PreviewImporter' with importer (PreviewImporter)
Imported 'GUID: b11c18394933342b7bb74eff32f73780' -> (Import Result ID: 'dc5fbf9d58649f4430ff4c2b9b7d8aa9') in 0.000 seconds [static and dynamic dependencies]. Details - ImportResultOutputID=5bd9cb970177e34018914947e5b34348 DependenciesID=fdb5bec9320b5498e2809a90f26baab2 StaticDependenciesID=70b3bb1371f982c8be6ec07ccb1224e8 
Number of updated asset objects reloaded before import = 0
Number of asset objects unloaded after import = 0
========================================================================
Received Import Request.
  Time of request: 2026-10-09T03:48:04.32816Z
  Time since last request: 0.001241541 seconds.
  importAddress: GUID: b11c18394933342b7bb74eff32f73780 - Path: Assets/Scripts/SumoCameraRoatte.cs - Importer: PreviewImporter
Importing 'GUID: b11c18394933342b7bb74eff32f73780 - Path: Assets/Scripts/SumoCameraRoatte.cs - Importer: PreviewImporter' with importer (PreviewImporter)
Imported 'GUID: b11c18394933342b7bb74eff32f73780' -> (Import Result ID: 'dc5fbf9d58649f4430ff4c2b9b7d8aa9') in 0.000 seconds [static and dynamic dependencies]. Details - ImportResultOutputID=5bd9cb970177e34018914947e5b34348 DependenciesID=fdb5bec9320b5498e2809a90f26baab2 StaticDependenciesID=70b3bb1371f982c8be6ec07ccb1224e8 
Number of updated asset objects reloaded before import = 0
Number of asset objects unloaded after import = 0
========================================================================
Received Import Request.
  Time of request: 2026-10-09T03:48:04.338674Z
  Time since last request: 0.003499542 seconds.
  importAddress: GUID: b11c18394933342b7bb74eff32f73780 - Path: Assets/Scripts/SumoCameraRoatte.cs - Importer: PreviewImporter
Importing 'GUID: b11c18394933342b7bb74eff32f73780 - Path: Assets/Scripts/SumoCameraRoatte.cs - Importer: PreviewImporter' with importer (PreviewImporter)
Imported 'GUID: b11c18394933342b7bb74eff32f73780' -> (Import Result ID: 'dc5fbf9d58649f4430ff4c2b9b7d8aa9') in 0.000 seconds [static and dynamic dependencies]. Details - ImportResultOutputID=5bd9cb970177e34018914947e5b34348 DependenciesID=fdb5bec9320b5498e2809a90f26baab2 StaticDependenciesID=70b3bb1371f982c8be6ec07ccb1224e8 
Number of updated asset objects reloaded before import = 0
Number of asset objects unloaded after import = 0
========================================================================
Received Import Request.
  Time of request: 2026-10-09T03:48:04.346909Z
  Time since last request: 0.000670208 seconds.
  importAddress: GUID: b11c18394933342b7bb74eff32f73780 - Path: Assets/Scripts/SumoCameraRoatte.cs - Importer: PreviewImporter
Importing 'GUID: b11c18394933342b7bb74eff32f73780 - Path: Assets/Scripts/SumoCameraRoatte.cs - Importer: PreviewImporter' with importer (PreviewImporter)
Imported 'GUID: b11c18394933342b7bb74eff32f73780' -> (Import Result ID: 'dc5fbf9d58649f4430ff4c2b9b7d8aa9') in 0.000 seconds [static and dynamic dependencies]. Details - ImportResultOutputID=5bd9cb970177e34018914947e5b34348 DependenciesID=fdb5bec9320b5498e2809a90f26baab2 StaticDependenciesID=70b3bb1371f982c8be6ec07ccb1224e8 
Number of updated asset objects reloaded before import = 0
Number of asset objects unloaded after import = 0
========================================================================
Received Import Request.
  Time of request: 2026-10-09T03:48:04.358518Z
  Time since last request: 0.004654791 seconds.
  importAddress: GUID: b11c18394933342b7bb74eff32f73780 - Path: Assets/Scripts/SumoCameraRoatte.cs - Importer: ScriptedImporter/UnityEditor.QuickSearchModule:UnityEditor.Search:ASIAI0B
Importing 'GUID: b11c18394933342b7bb74eff32f73780 - Path: Assets/Scripts/SumoCameraRoatte.cs - Importer: ScriptedImporter/UnityEditor.QuickSearchModule:UnityEditor.Search:ASIAI0B' with importer (ScriptedImporter : UnityEditor.QuickSearchModule:UnityEditor.Search:ASIAI0B)
Imported 'GUID: b11c18394933342b7bb74eff32f73780' -> (Import Result ID: '14911f5f02d50e2482ade65f21e73dd7') in 0.030 seconds [static and dynamic dependencies]. Details - ImportResultOutputID=63b0a229870acea42f153870d108fc63 DependenciesID=60036ea4cff6b54ce088c86506524402 StaticDependenciesID=b991512d8a7ab071c714527bd39697eb 
Number of updated asset objects reloaded before import = 0
Number of asset objects unloaded after import = 0
========================================================================
Received Import Request.
  Time of request: 2026-10-09T03:48:04.408646Z
  Time since last request: 0.012533834 seconds.
  importAddress: GUID: b11c18394933342b7bb74eff32f73780 - Path: Assets/Scripts/SumoCameraRoatte.cs - Importer: PreviewImporter
Importing 'GUID: b11c18394933342b7bb74eff32f73780 - Path: Assets/Scripts/SumoCameraRoatte.cs - Importer: PreviewImporter' with importer (PreviewImporter)
Imported 'GUID: b11c18394933342b7bb74eff32f73780' -> (Import Result ID: 'dc5fbf9d58649f4430ff4c2b9b7d8aa9') in 0.000 seconds [static and dynamic dependencies]. Details - ImportResultOutputID=5bd9cb970177e34018914947e5b34348 DependenciesID=fdb5bec9320b5498e2809a90f26baab2 StaticDependenciesID=70b3bb1371f982c8be6ec07ccb1224e8 
Number of updated asset objects reloaded before import = 0
Number of asset objects unloaded after import = 0
========================================================================
Received Import Request.
  Time of request: 2026-10-09T03:48:04.417268Z
  Time since last request: 0.000937333 seconds.
  importAddress: GUID: b11c18394933342b7bb74eff32f73780 - Path: Assets/Scripts/SumoCameraRoatte.cs - Importer: PreviewImporter
Importing 'GUID: b11c18394933342b7bb74eff32f73780 - Path: Assets/Scripts/SumoCameraRoatte.cs - Importer: PreviewImporter' with importer (PreviewImporter)
Imported 'GUID: b11c18394933342b7bb74eff32f73780' -> (Import Result ID: 'dc5fbf9d58649f4430ff4c2b9b7d8aa9') in 0.000 seconds [static and dynamic dependencies]. Details - ImportResultOutputID=5bd9cb970177e34018914947e5b34348 DependenciesID=fdb5bec9320b5498e2809a90f26baab2 StaticDependenciesID=70b3bb1371f982c8be6ec07ccb1224e8 
Number of updated asset objects reloaded before import = 0
Number of asset objects unloaded after import = 0
========================================================================
Received Import Request.
  Time of request: 2026-10-09T03:48:04.450439Z
  Time since last request: 0.026054709 seconds.
  importAddress: GUID: b11c18394933342b7bb74eff32f73780 - Path: Assets/Scripts/SumoCameraRoatte.cs - Importer: PreviewImporter
Importing 'GUID: b11c18394933342b7bb74eff32f73780 - Path: Assets/Scripts/SumoCameraRoatte.cs - Importer: PreviewImporter' with importer (PreviewImporter)
Imported 'GUID: b11c18394933342b7bb74eff32f73780' -> (Import Result ID: 'dc5fbf9d58649f4430ff4c2b9b7d8aa9') in 0.000 seconds [static and dynamic dependencies]. Details - ImportResultOutputID=5bd9cb970177e34018914947e5b34348 DependenciesID=fdb5bec9320b5498e2809a90f26baab2 StaticDependenciesID=70b3bb1371f982c8be6ec07ccb1224e8 
Number of updated asset objects reloaded before import = 0
Number of asset objects unloaded after import = 0
========================================================================
Received Import Request.
  Time of request: 2026-10-09T03:48:04.522464Z
  Time since last request: 0.064204 seconds.
  importAddress: GUID: b11c18394933342b7bb74eff32f73780 - Path: Assets/Scripts/SumoCameraRoatte.cs - Importer: PreviewImporter
Importing 'GUID: b11c18394933342b7bb74eff32f73780 - Path: Assets/Scripts/SumoCameraRoatte.cs - Importer: PreviewImporter' with importer (PreviewImporter)
Imported 'GUID: b11c18394933342b7bb74eff32f73780' -> (Import Result ID: 'dc5fbf9d58649f4430ff4c2b9b7d8aa9') in 0.000 seconds [static and dynamic dependencies]. Details - ImportResultOutputID=5bd9cb970177e34018914947e5b34348 DependenciesID=fdb5bec9320b5498e2809a90f26baab2 StaticDependenciesID=70b3bb1371f982c8be6ec07ccb1224e8 
Number of updated asset objects reloaded before import = 0
Number of asset objects unloaded after import = 0
========================================================================
Received Import Request.
  Time of request: 2026-10-09T03:48:04.533081Z
  Time since last request: 0.002877667 seconds.
  importAddress: GUID: b11c18394933342b7bb74eff32f73780 - Path: Assets/Scripts/SumoCameraRoatte.cs - Importer: PreviewImporter
Importing 'GUID: b11c18394933342b7bb74eff32f73780 - Path: Assets/Scripts/SumoCameraRoatte.cs - Importer: PreviewImporter' with importer (PreviewImporter)
Imported 'GUID: b11c18394933342b7bb74eff32f73780' -> (Import Result ID: 'dc5fbf9d58649f4430ff4c2b9b7d8aa9') in 0.000 seconds [static and dynamic dependencies]. Details - ImportResultOutputID=5bd9cb970177e34018914947e5b34348 DependenciesID=fdb5bec9320b5498e2809a90f26baab2 StaticDependenciesID=70b3bb1371f982c8be6ec07ccb1224e8 
Number of updated asset objects reloaded before import = 0
Number of asset objects unloaded after import = 0
========================================================================
Received Import Request.
  Time of request: 2026-10-09T03:48:04.541161Z
  Time since last request: 0.001427375 seconds.
  importAddress: GUID: b11c18394933342b7bb74eff32f73780 - Path: Assets/Scripts/SumoCameraRoatte.cs - Importer: PreviewImporter
Importing 'GUID: b11c18394933342b7bb74eff32f73780 - Path: Assets/Scripts/SumoCameraRoatte.cs - Importer: PreviewImporter' with importer (PreviewImporter)
Imported 'GUID: b11c18394933342b7bb74eff32f73780' -> (Import Result ID: 'dc5fbf9d58649f4430ff4c2b9b7d8aa9') in 0.000 seconds [static and dynamic dependencies]. Details - ImportResultOutputID=5bd9cb970177e34018914947e5b34348 DependenciesID=fdb5bec9320b5498e2809a90f26baab2 StaticDependenciesID=70b3bb1371f982c8be6ec07ccb1224e8 
Number of updated asset objects reloaded before import = 0
Number of asset objects unloaded after import = 0
========================================================================
Received Import Request.
  Time of request: 2026-10-09T03:48:04.549726Z
  Time since last request: 0.000934708 seconds.
  importAddress: GUID: b11c18394933342b7bb74eff32f73780 - Path: Assets/Scripts/SumoCameraRoatte.cs - Importer: PreviewImporter
Importing 'GUID: b11c18394933342b7bb74eff32f73780 - Path: Assets/Scripts/SumoCameraRoatte.cs - Importer: PreviewImporter' with importer (PreviewImporter)
Imported 'GUID: b11c18394933342b7bb74eff32f73780' -> (Import Result ID: 'dc5fbf9d58649f4430ff4c2b9b7d8aa9') in 0.000 seconds [static and dynamic dependencies]. Details - ImportResultOutputID=5bd9cb970177e34018914947e5b34348 DependenciesID=fdb5bec9320b5498e2809a90f26baab2 StaticDependenciesID=70b3bb1371f982c8be6ec07ccb1224e8 
Number of updated asset objects reloaded before import = 0
Number of asset objects unloaded after import = 0
========================================================================
Received Import Request.
  Time of request: 2026-10-09T03:48:04.557885Z
  Time since last request: 0.00051375 seconds.
  importAddress: GUID: b11c18394933342b7bb74eff32f73780 - Path: Assets/Scripts/SumoCameraRoatte.cs - Importer: PreviewImporter
Importing 'GUID: b11c18394933342b7bb74eff32f73780 - Path: Assets/Scripts/SumoCameraRoatte.cs - Importer: PreviewImporter' with importer (PreviewImporter)
Imported 'GUID: b11c18394933342b7bb74eff32f73780' -> (Import Result ID: 'dc5fbf9d58649f4430ff4c2b9b7d8aa9') in 0.000 seconds [static and dynamic dependencies]. Details - ImportResultOutputID=5bd9cb970177e34018914947e5b34348 DependenciesID=fdb5bec9320b5498e2809a90f26baab2 StaticDependenciesID=70b3bb1371f982c8be6ec07ccb1224e8 
Number of updated asset objects reloaded before import = 0
Number of asset objects unloaded after import = 0
========================================================================
Received Import Request.
  Time of request: 2026-10-09T03:48:04.565888Z
  Time since last request: 0.001230458 seconds.
  importAddress: GUID: b11c18394933342b7bb74eff32f73780 - Path: Assets/Scripts/SumoCameraRoatte.cs - Importer: PreviewImporter
Importing 'GUID: b11c18394933342b7bb74eff32f73780 - Path: Assets/Scripts/SumoCameraRoatte.cs - Importer: PreviewImporter' with importer (PreviewImporter)
Imported 'GUID: b11c18394933342b7bb74eff32f73780' -> (Import Result ID: 'dc5fbf9d58649f4430ff4c2b9b7d8aa9') in 0.000 seconds [static and dynamic dependencies]. Details - ImportResultOutputID=5bd9cb970177e34018914947e5b34348 DependenciesID=fdb5bec9320b5498e2809a90f26baab2 StaticDependenciesID=70b3bb1371f982c8be6ec07ccb1224e8 
Number of updated asset objects reloaded before import = 0
Number of asset objects unloaded after import = 0
========================================================================
Received Import Request.
  Time of request: 2026-10-09T03:48:04.575705Z
  Time since last request: 0.002450583 seconds.
  importAddress: GUID: b11c18394933342b7bb74eff32f73780 - Path: Assets/Scripts/SumoCameraRoatte.cs - Importer: PreviewImporter
Importing 'GUID: b11c18394933342b7bb74eff32f73780 - Path: Assets/Scripts/SumoCameraRoatte.cs - Importer: PreviewImporter' with importer (PreviewImporter)
Imported 'GUID: b11c18394933342b7bb74eff32f73780' -> (Import Result ID: 'dc5fbf9d58649f4430ff4c2b9b7d8aa9') in 0.000 seconds [static and dynamic dependencies]. Details - ImportResultOutputID=5bd9cb970177e34018914947e5b34348 DependenciesID=fdb5bec9320b5498e2809a90f26baab2 StaticDependenciesID=70b3bb1371f982c8be6ec07ccb1224e8 
Number of updated asset objects reloaded before import = 0
Number of asset objects unloaded after import = 0
========================================================================
Received Import Request.
  Time of request: 2026-10-09T03:48:04.584105Z
  Time since last request: 0.001047625 seconds.
  importAddress: GUID: b11c18394933342b7bb74eff32f73780 - Path: Assets/Scripts/SumoCameraRoatte.cs - Importer: PreviewImporter
Importing 'GUID: b11c18394933342b7bb74eff32f73780 - Path: Assets/Scripts/SumoCameraRoatte.cs - Importer: PreviewImporter' with importer (PreviewImporter)
Imported 'GUID: b11c18394933342b7bb74eff32f73780' -> (Import Result ID: 'dc5fbf9d58649f4430ff4c2b9b7d8aa9') in 0.000 seconds [static and dynamic dependencies]. Details - ImportResultOutputID=5bd9cb970177e34018914947e5b34348 DependenciesID=fdb5bec9320b5498e2809a90f26baab2 StaticDependenciesID=70b3bb1371f982c8be6ec07ccb1224e8 
Number of updated asset objects reloaded before import = 0
Number of asset objects unloaded after import = 0
========================================================================
Received Import Request.
  Time of request: 2026-10-09T03:48:04.592262Z
  Time since last request: 0.000298125 seconds.
  importAddress: GUID: b11c18394933342b7bb74eff32f73780 - Path: Assets/Scripts/SumoCameraRoatte.cs - Importer: PreviewImporter
Importing 'GUID: b11c18394933342b7bb74eff32f73780 - Path: Assets/Scripts/SumoCameraRoatte.cs - Importer: PreviewImporter' with importer (PreviewImporter)
Imported 'GUID: b11c18394933342b7bb74eff32f73780' -> (Import Result ID: 'dc5fbf9d58649f4430ff4c2b9b7d8aa9') in 0.000 seconds [static and dynamic dependencies]. Details - ImportResultOutputID=5bd9cb970177e34018914947e5b34348 DependenciesID=fdb5bec9320b5498e2809a90f26baab2 StaticDependenciesID=70b3bb1371f982c8be6ec07ccb1224e8 
Number of updated asset objects reloaded before import = 0
Number of asset objects unloaded after import = 0
========================================================================
Received Import Request.
  Time of request: 2026-10-09T03:48:04.600157Z
  Time since last request: 0.000426209 seconds.
  importAddress: GUID: b11c18394933342b7bb74eff32f73780 - Path: Assets/Scripts/SumoCameraRoatte.cs - Importer: PreviewImporter
Importing 'GUID: b11c18394933342b7bb74eff32f73780 - Path: Assets/Scripts/SumoCameraRoatte.cs - Importer: PreviewImporter' with importer (PreviewImporter)
Imported 'GUID: b11c18394933342b7bb74eff32f73780' -> (Import Result ID: 'dc5fbf9d58649f4430ff4c2b9b7d8aa9') in 0.000 seconds [static and dynamic dependencies]. Details - ImportResultOutputID=5bd9cb970177e34018914947e5b34348 DependenciesID=fdb5bec9320b5498e2809a90f26baab2 StaticDependenciesID=70b3bb1371f982c8be6ec07ccb1224e8 
Number of updated asset objects reloaded before import = 0
Number of asset objects unloaded after import = 0
========================================================================
Received Import Request.
  Time of request: 2026-10-09T03:48:04.608729Z
  Time since last request: 0.001364667 seconds.
  importAddress: GUID: b11c18394933342b7bb74eff32f73780 - Path: Assets/Scripts/SumoCameraRoatte.cs - Importer: PreviewImporter
Importing 'GUID: b11c18394933342b7bb74eff32f73780 - Path: Assets/Scripts/SumoCameraRoatte.cs - Importer: PreviewImporter' with importer (PreviewImporter)
Imported 'GUID: b11c18394933342b7bb74eff32f73780' -> (Import Result ID: 'dc5fbf9d58649f4430ff4c2b9b7d8aa9') in 0.000 seconds [static and dynamic dependencies]. Details - ImportResultOutputID=5bd9cb970177e34018914947e5b34348 DependenciesID=fdb5bec9320b5498e2809a90f26baab2 StaticDependenciesID=70b3bb1371f982c8be6ec07ccb1224e8 
Number of updated asset objects reloaded before import = 0
Number of asset objects unloaded after import = 0
========================================================================
Received Import Request.
  Time of request: 2026-10-09T03:48:04.620398Z
  Time since last request: 0.003768625 seconds.
  importAddress: GUID: b11c18394933342b7bb74eff32f73780 - Path: Assets/Scripts/SumoCameraRoatte.cs - Importer: PreviewImporter
Importing 'GUID: b11c18394933342b7bb74eff32f73780 - Path: Assets/Scripts/SumoCameraRoatte.cs - Importer: PreviewImporter' with importer (PreviewImporter)
Imported 'GUID: b11c18394933342b7bb74eff32f73780' -> (Import Result ID: 'dc5fbf9d58649f4430ff4c2b9b7d8aa9') in 0.000 seconds [static and dynamic dependencies]. Details - ImportResultOutputID=5bd9cb970177e34018914947e5b34348 DependenciesID=fdb5bec9320b5498e2809a90f26baab2 StaticDependenciesID=70b3bb1371f982c8be6ec07ccb1224e8 
Number of updated asset objects reloaded before import = 0
Number of asset objects unloaded after import = 0
========================================================================
Received Import Request.
  Time of request: 2026-10-09T03:48:04.629496Z
  Time since last request: 0.001021042 seconds.
  importAddress: GUID: b11c18394933342b7bb74eff32f73780 - Path: Assets/Scripts/SumoCameraRoatte.cs - Importer: PreviewImporter
Importing 'GUID: b11c18394933342b7bb74eff32f73780 - Path: Assets/Scripts/SumoCameraRoatte.cs - Importer: PreviewImporter' with importer (PreviewImporter)
Imported 'GUID: b11c18394933342b7bb74eff32f73780' -> (Import Result ID: 'dc5fbf9d58649f4430ff4c2b9b7d8aa9') in 0.000 seconds [static and dynamic dependencies]. Details - ImportResultOutputID=5bd9cb970177e34018914947e5b34348 DependenciesID=fdb5bec9320b5498e2809a90f26baab2 StaticDependenciesID=70b3bb1371f982c8be6ec07ccb1224e8 
Number of updated asset objects reloaded before import = 0
Number of asset objects unloaded after import = 0
========================================================================
Received Import Request.
  Time of request: 2026-10-09T03:48:04.637674Z
  Time since last request: 0.001203291 seconds.
  importAddress: GUID: b11c18394933342b7bb74eff32f73780 - Path: Assets/Scripts/SumoCameraRoatte.cs - Importer: PreviewImporter
Importing 'GUID: b11c18394933342b7bb74eff32f73780 - Path: Assets/Scripts/SumoCameraRoatte.cs - Importer: PreviewImporter' with importer (PreviewImporter)
Imported 'GUID: b11c18394933342b7bb74eff32f73780' -> (Import Result ID: 'dc5fbf9d58649f4430ff4c2b9b7d8aa9') in 0.000 seconds [static and dynamic dependencies]. Details - ImportResultOutputID=5bd9cb970177e34018914947e5b34348 DependenciesID=fdb5bec9320b5498e2809a90f26baab2 StaticDependenciesID=70b3bb1371f982c8be6ec07ccb1224e8 
Number of updated asset objects reloaded before import = 0
Number of asset objects unloaded after import = 0
========================================================================
Received Import Request.
  Time of request: 2026-10-09T03:48:04.646042Z
  Time since last request: 0.000524 seconds.
  importAddress: GUID: b11c18394933342b7bb74eff32f73780 - Path: Assets/Scripts/SumoCameraRoatte.cs - Importer: PreviewImporter
Importing 'GUID: b11c18394933342b7bb74eff32f73780 - Path: Assets/Scripts/SumoCameraRoatte.cs - Importer: PreviewImporter' with importer (PreviewImporter)
Imported 'GUID: b11c18394933342b7bb74eff32f73780' -> (Import Result ID: 'dc5fbf9d58649f4430ff4c2b9b7d8aa9') in 0.000 seconds [static and dynamic dependencies]. Details - ImportResultOutputID=5bd9cb970177e34018914947e5b34348 DependenciesID=fdb5bec9320b5498e2809a90f26baab2 StaticDependenciesID=70b3bb1371f982c8be6ec07ccb1224e8 
Number of updated asset objects reloaded before import = 0
Number of asset objects unloaded after import = 0
========================================================================
Received Import Request.
  Time of request: 2026-10-09T03:48:04.658102Z
  Time since last request: 0.004005167 seconds.
  importAddress: GUID: b11c18394933342b7bb74eff32f73780 - Path: Assets/Scripts/SumoCameraRoatte.cs - Importer: PreviewImporter
Importing 'GUID: b11c18394933342b7bb74eff32f73780 - Path: Assets/Scripts/SumoCameraRoatte.cs - Importer: PreviewImporter' with importer (PreviewImporter)
Imported 'GUID: b11c18394933342b7bb74eff32f73780' -> (Import Result ID: 'dc5fbf9d58649f4430ff4c2b9b7d8aa9') in 0.000 seconds [static and dynamic dependencies]. Details - ImportResultOutputID=5bd9cb970177e34018914947e5b34348 DependenciesID=fdb5bec9320b5498e2809a90f26baab2 StaticDependenciesID=70b3bb1371f982c8be6ec07ccb1224e8 
Number of updated asset objects reloaded before import = 0
Number of asset objects unloaded after import = 0
========================================================================
Received Import Request.
  Time of request: 2026-10-09T03:48:04.670314Z
  Time since last request: 0.003950084 seconds.
  importAddress: GUID: b11c18394933342b7bb74eff32f73780 - Path: Assets/Scripts/SumoCameraRoatte.cs - Importer: PreviewImporter
Importing 'GUID: b11c18394933342b7bb74eff32f73780 - Path: Assets/Scripts/SumoCameraRoatte.cs - Importer: PreviewImporter' with importer (PreviewImporter)
Imported 'GUID: b11c18394933342b7bb74eff32f73780' -> (Import Result ID: 'dc5fbf9d58649f4430ff4c2b9b7d8aa9') in 0.000 seconds [static and dynamic dependencies]. Details - ImportResultOutputID=5bd9cb970177e34018914947e5b34348 DependenciesID=fdb5bec9320b5498e2809a90f26baab2 StaticDependenciesID=70b3bb1371f982c8be6ec07ccb1224e8 
Number of updated asset objects reloaded before import = 0
Number of asset objects unloaded after import = 0
========================================================================
Received Import Request.
  Time of request: 2026-10-09T03:48:04.678662Z
  Time since last request: 0.000524416 seconds.
  importAddress: GUID: b11c18394933342b7bb74eff32f73780 - Path: Assets/Scripts/SumoCameraRoatte.cs - Importer: PreviewImporter
Importing 'GUID: b11c18394933342b7bb74eff32f73780 - Path: Assets/Scripts/SumoCameraRoatte.cs - Importer: PreviewImporter' with importer (PreviewImporter)
Imported 'GUID: b11c18394933342b7bb74eff32f73780' -> (Import Result ID: 'dc5fbf9d58649f4430ff4c2b9b7d8aa9') in 0.000 seconds [static and dynamic dependencies]. Details - ImportResultOutputID=5bd9cb970177e34018914947e5b34348 DependenciesID=fdb5bec9320b5498e2809a90f26baab2 StaticDependenciesID=70b3bb1371f982c8be6ec07ccb1224e8 
Number of updated asset objects reloaded before import = 0
Number of asset objects unloaded after import = 0
========================================================================
Received Import Request.
  Time of request: 2026-10-09T03:48:04.686634Z
  Time since last request: 0.000733083 seconds.
  importAddress: GUID: b11c18394933342b7bb74eff32f73780 - Path: Assets/Scripts/SumoCameraRoatte.cs - Importer: PreviewImporter
Importing 'GUID: b11c18394933342b7bb74eff32f73780 - Path: Assets/Scripts/SumoCameraRoatte.cs - Importer: PreviewImporter' with importer (PreviewImporter)
Imported 'GUID: b11c18394933342b7bb74eff32f73780' -> (Import Result ID: 'dc5fbf9d58649f4430ff4c2b9b7d8aa9') in 0.000 seconds [static and dynamic dependencies]. Details - ImportResultOutputID=5bd9cb970177e34018914947e5b34348 DependenciesID=fdb5bec9320b5498e2809a90f26baab2 StaticDependenciesID=70b3bb1371f982c8be6ec07ccb1224e8 
Number of updated asset objects reloaded before import = 0
Number of asset objects unloaded after import = 0
========================================================================
Received Import Request.
  Time of request: 2026-10-09T03:48:04.695756Z
  Time since last request: 0.001416959 seconds.
  importAddress: GUID: b11c18394933342b7bb74eff32f73780 - Path: Assets/Scripts/SumoCameraRoatte.cs - Importer: PreviewImporter
Importing 'GUID: b11c18394933342b7bb74eff32f73780 - Path: Assets/Scripts/SumoCameraRoatte.cs - Importer: PreviewImporter' with importer (PreviewImporter)
Imported 'GUID: b11c18394933342b7bb74eff32f73780' -> (Import Result ID: 'dc5fbf9d58649f4430ff4c2b9b7d8aa9') in 0.000 seconds [static and dynamic dependencies]. Details - ImportResultOutputID=5bd9cb970177e34018914947e5b34348 DependenciesID=fdb5bec9320b5498e2809a90f26baab2 StaticDependenciesID=70b3bb1371f982c8be6ec07ccb1224e8 
Number of updated asset objects reloaded before import = 0
Number of asset objects unloaded after import = 0
========================================================================
Received Import Request.
  Time of request: 2026-10-09T03:48:04.706525Z
  Time since last request: 0.003055167 seconds.
  importAddress: GUID: b11c18394933342b7bb74eff32f73780 - Path: Assets/Scripts/SumoCameraRoatte.cs - Importer: PreviewImporter
Importing 'GUID: b11c18394933342b7bb74eff32f73780 - Path: Assets/Scripts/SumoCameraRoatte.cs - Importer: PreviewImporter' with importer (PreviewImporter)
Imported 'GUID: b11c18394933342b7bb74eff32f73780' -> (Import Result ID: 'dc5fbf9d58649f4430ff4c2b9b7d8aa9') in 0.000 seconds [static and dynamic dependencies]. Details - ImportResultOutputID=5bd9cb970177e34018914947e5b34348 DependenciesID=fdb5bec9320b5498e2809a90f26baab2 StaticDependenciesID=70b3bb1371f982c8be6ec07ccb1224e8 
Number of updated asset objects reloaded before import = 0
Number of asset objects unloaded after import = 0
========================================================================
Received Import Request.
  Time of request: 2026-10-09T03:48:04.714602Z
  Time since last request: 0.000306541 seconds.
  importAddress: GUID: b11c18394933342b7bb74eff32f73780 - Path: Assets/Scripts/SumoCameraRoatte.cs - Importer: PreviewImporter
Importing 'GUID: b11c18394933342b7bb74eff32f73780 - Path: Assets/Scripts/SumoCameraRoatte.cs - Importer: PreviewImporter' with importer (PreviewImporter)
Imported 'GUID: b11c18394933342b7bb74eff32f73780' -> (Import Result ID: 'dc5fbf9d58649f4430ff4c2b9b7d8aa9') in 0.000 seconds [static and dynamic dependencies]. Details - ImportResultOutputID=5bd9cb970177e34018914947e5b34348 DependenciesID=fdb5bec9320b5498e2809a90f26baab2 StaticDependenciesID=70b3bb1371f982c8be6ec07ccb1224e8 
Number of updated asset objects reloaded before import = 0
Number of asset objects unloaded after import = 0
========================================================================
Received Import Request.
  Time of request: 2026-10-09T03:48:04.723418Z
  Time since last request: 0.00177275 seconds.
  importAddress: GUID: b11c18394933342b7bb74eff32f73780 - Path: Assets/Scripts/SumoCameraRoatte.cs - Importer: PreviewImporter
Importing 'GUID: b11c18394933342b7bb74eff32f73780 - Path: Assets/Scripts/SumoCameraRoatte.cs - Importer: PreviewImporter' with importer (PreviewImporter)
Imported 'GUID: b11c18394933342b7bb74eff32f73780' -> (Import Result ID: 'dc5fbf9d58649f4430ff4c2b9b7d8aa9') in 0.000 seconds [static and dynamic dependencies]. Details - ImportResultOutputID=5bd9cb970177e34018914947e5b34348 DependenciesID=fdb5bec9320b5498e2809a90f26baab2 StaticDependenciesID=70b3bb1371f982c8be6ec07ccb1224e8 
Number of updated asset objects reloaded before import = 0
Number of asset objects unloaded after import = 0
========================================================================
Received Import Request.
  Time of request: 2026-10-09T03:48:04.732269Z
  Time since last request: 0.000947125 seconds.
  importAddress: GUID: b11c18394933342b7bb74eff32f73780 - Path: Assets/Scripts/SumoCameraRoatte.cs - Importer: PreviewImporter
Importing 'GUID: b11c18394933342b7bb74eff32f73780 - Path: Assets/Scripts/SumoCameraRoatte.cs - Importer: PreviewImporter' with importer (PreviewImporter)
Imported 'GUID: b11c18394933342b7bb74eff32f73780' -> (Import Result ID: 'dc5fbf9d58649f4430ff4c2b9b7d8aa9') in 0.000 seconds [static and dynamic dependencies]. Details - ImportResultOutputID=5bd9cb970177e34018914947e5b34348 DependenciesID=fdb5bec9320b5498e2809a90f26baab2 StaticDependenciesID=70b3bb1371f982c8be6ec07ccb1224e8 
Number of updated asset objects reloaded before import = 0
Number of asset objects unloaded after import = 0
========================================================================
Received Import Request.
  Time of request: 2026-10-09T03:48:04.74033Z
  Time since last request: 0.000492375 seconds.
  importAddress: GUID: b11c18394933342b7bb74eff32f73780 - Path: Assets/Scripts/SumoCameraRoatte.cs - Importer: PreviewImporter
Importing 'GUID: b11c18394933342b7bb74eff32f73780 - Path: Assets/Scripts/SumoCameraRoatte.cs - Importer: PreviewImporter' with importer (PreviewImporter)
Imported 'GUID: b11c18394933342b7bb74eff32f73780' -> (Import Result ID: 'dc5fbf9d58649f4430ff4c2b9b7d8aa9') in 0.000 seconds [static and dynamic dependencies]. Details - ImportResultOutputID=5bd9cb970177e34018914947e5b34348 DependenciesID=fdb5bec9320b5498e2809a90f26baab2 StaticDependenciesID=70b3bb1371f982c8be6ec07ccb1224e8 
Number of updated asset objects reloaded before import = 0
Number of asset objects unloaded after import = 0
========================================================================
Received Import Request.
  Time of request: 2026-10-09T03:48:04.748647Z
  Time since last request: 0.000336583 seconds.
  importAddress: GUID: b11c18394933342b7bb74eff32f73780 - Path: Assets/Scripts/SumoCameraRoatte.cs - Importer: PreviewImporter
Importing 'GUID: b11c18394933342b7bb74eff32f73780 - Path: Assets/Scripts/SumoCameraRoatte.cs - Importer: PreviewImporter' with importer (PreviewImporter)
Imported 'GUID: b11c18394933342b7bb74eff32f73780' -> (Import Result ID: 'dc5fbf9d58649f4430ff4c2b9b7d8aa9') in 0.000 seconds [static and dynamic dependencies]. Details - ImportResultOutputID=5bd9cb970177e34018914947e5b34348 DependenciesID=fdb5bec9320b5498e2809a90f26baab2 StaticDependenciesID=70b3bb1371f982c8be6ec07ccb1224e8 
Number of updated asset objects reloaded before import = 0
Number of asset objects unloaded after import = 0
========================================================================
Received Import Request.
  Time of request: 2026-10-09T03:48:04.757564Z
  Time since last request: 0.000710375 seconds.
  importAddress: GUID: b11c18394933342b7bb74eff32f73780 - Path: Assets/Scripts/SumoCameraRoatte.cs - Importer: PreviewImporter
Importing 'GUID: b11c18394933342b7bb74eff32f73780 - Path: Assets/Scripts/SumoCameraRoatte.cs - Importer: PreviewImporter' with importer (PreviewImporter)
Imported 'GUID: b11c18394933342b7bb74eff32f73780' -> (Import Result ID: 'dc5fbf9d58649f4430ff4c2b9b7d8aa9') in 0.000 seconds [static and dynamic dependencies]. Details - ImportResultOutputID=5bd9cb970177e34018914947e5b34348 DependenciesID=fdb5bec9320b5498e2809a90f26baab2 StaticDependenciesID=70b3bb1371f982c8be6ec07ccb1224e8 
Number of updated asset objects reloaded before import = 0
Number of asset objects unloaded after import = 0
========================================================================
Received Import Request.
  Time of request: 2026-10-09T03:48:04.766297Z
  Time since last request: 0.000628792 seconds.
  importAddress: GUID: b11c18394933342b7bb74eff32f73780 - Path: Assets/Scripts/SumoCameraRoatte.cs - Importer: PreviewImporter
Importing 'GUID: b11c18394933342b7bb74eff32f73780 - Path: Assets/Scripts/SumoCameraRoatte.cs - Importer: PreviewImporter' with importer (PreviewImporter)
Imported 'GUID: b11c18394933342b7bb74eff32f73780' -> (Import Result ID: 'dc5fbf9d58649f4430ff4c2b9b7d8aa9') in 0.000 seconds [static and dynamic dependencies]. Details - ImportResultOutputID=5bd9cb970177e34018914947e5b34348 DependenciesID=fdb5bec9320b5498e2809a90f26baab2 StaticDependenciesID=70b3bb1371f982c8be6ec07ccb1224e8 
Number of updated asset objects reloaded before import = 0
Number of asset objects unloaded after import = 0
========================================================================
Received Import Request.
  Time of request: 2026-10-09T03:48:04.775945Z
  Time since last request: 0.001723083 seconds.
  importAddress: GUID: b11c18394933342b7bb74eff32f73780 - Path: Assets/Scripts/SumoCameraRoatte.cs - Importer: PreviewImporter
Importing 'GUID: b11c18394933342b7bb74eff32f73780 - Path: Assets/Scripts/SumoCameraRoatte.cs - Importer: PreviewImporter' with importer (PreviewImporter)
Imported 'GUID: b11c18394933342b7bb74eff32f73780' -> (Import Result ID: 'dc5fbf9d58649f4430ff4c2b9b7d8aa9') in 0.000 seconds [static and dynamic dependencies]. Details - ImportResultOutputID=5bd9cb970177e34018914947e5b34348 DependenciesID=fdb5bec9320b5498e2809a90f26baab2 StaticDependenciesID=70b3bb1371f982c8be6ec07ccb1224e8 
Number of updated asset objects reloaded before import = 0
Number of asset objects unloaded after import = 0
========================================================================
Received Import Request.
  Time of request: 2026-10-09T03:48:04.783785Z
  Time since last request: 0.000251083 seconds.
  importAddress: GUID: b11c18394933342b7bb74eff32f73780 - Path: Assets/Scripts/SumoCameraRoatte.cs - Importer: PreviewImporter
Importing 'GUID: b11c18394933342b7bb74eff32f73780 - Path: Assets/Scripts/SumoCameraRoatte.cs - Importer: PreviewImporter' with importer (PreviewImporter)
Imported 'GUID: b11c18394933342b7bb74eff32f73780' -> (Import Result ID: 'dc5fbf9d58649f4430ff4c2b9b7d8aa9') in 0.000 seconds [static and dynamic dependencies]. Details - ImportResultOutputID=5bd9cb970177e34018914947e5b34348 DependenciesID=fdb5bec9320b5498e2809a90f26baab2 StaticDependenciesID=70b3bb1371f982c8be6ec07ccb1224e8 
Number of updated asset objects reloaded before import = 0
Number of asset objects unloaded after import = 0
========================================================================
Received Import Request.
  Time of request: 2026-10-09T03:48:04.794773Z
  Time since last request: 0.003460167 seconds.
  importAddress: GUID: b11c18394933342b7bb74eff32f73780 - Path: Assets/Scripts/SumoCameraRoatte.cs - Importer: PreviewImporter
Importing 'GUID: b11c18394933342b7bb74eff32f73780 - Path: Assets/Scripts/SumoCameraRoatte.cs - Importer: PreviewImporter' with importer (PreviewImporter)
Imported 'GUID: b11c18394933342b7bb74eff32f73780' -> (Import Result ID: 'dc5fbf9d58649f4430ff4c2b9b7d8aa9') in 0.000 seconds [static and dynamic dependencies]. Details - ImportResultOutputID=5bd9cb970177e34018914947e5b34348 DependenciesID=fdb5bec9320b5498e2809a90f26baab2 StaticDependenciesID=70b3bb1371f982c8be6ec07ccb1224e8 
Number of updated asset objects reloaded before import = 0
Number of asset objects unloaded after import = 0
========================================================================
Received Import Request.
  Time of request: 2026-10-09T03:48:04.805356Z
  Time since last request: 0.002890333 seconds.
  importAddress: GUID: b11c18394933342b7bb74eff32f73780 - Path: Assets/Scripts/SumoCameraRoatte.cs - Importer: PreviewImporter
Importing 'GUID: b11c18394933342b7bb74eff32f73780 - Path: Assets/Scripts/SumoCameraRoatte.cs - Importer: PreviewImporter' with importer (PreviewImporter)
Imported 'GUID: b11c18394933342b7bb74eff32f73780' -> (Import Result ID: 'dc5fbf9d58649f4430ff4c2b9b7d8aa9') in 0.000 seconds [static and dynamic dependencies]. Details - ImportResultOutputID=5bd9cb970177e34018914947e5b34348 DependenciesID=fdb5bec9320b5498e2809a90f26baab2 StaticDependenciesID=70b3bb1371f982c8be6ec07ccb1224e8 
Number of updated asset objects reloaded before import = 0
Number of asset objects unloaded after import = 0
========================================================================
Received Import Request.
  Time of request: 2026-10-09T03:48:04.813496Z
  Time since last request: 0.000313791 seconds.
  importAddress: GUID: b11c18394933342b7bb74eff32f73780 - Path: Assets/Scripts/SumoCameraRoatte.cs - Importer: PreviewImporter
Importing 'GUID: b11c18394933342b7bb74eff32f73780 - Path: Assets/Scripts/SumoCameraRoatte.cs - Importer: PreviewImporter' with importer (PreviewImporter)
Imported 'GUID: b11c18394933342b7bb74eff32f73780' -> (Import Result ID: 'dc5fbf9d58649f4430ff4c2b9b7d8aa9') in 0.000 seconds [static and dynamic dependencies]. Details - ImportResultOutputID=5bd9cb970177e34018914947e5b34348 DependenciesID=fdb5bec9320b5498e2809a90f26baab2 StaticDependenciesID=70b3bb1371f982c8be6ec07ccb1224e8 
Number of updated asset objects reloaded before import = 0
Number of asset objects unloaded after import = 0
========================================================================
Received Import Request.
  Time of request: 2026-10-09T03:48:04.821657Z
  Time since last request: 0.000299917 seconds.
  importAddress: GUID: b11c18394933342b7bb74eff32f73780 - Path: Assets/Scripts/SumoCameraRoatte.cs - Importer: PreviewImporter
Importing 'GUID: b11c18394933342b7bb74eff32f73780 - Path: Assets/Scripts/SumoCameraRoatte.cs - Importer: PreviewImporter' with importer (PreviewImporter)
Imported 'GUID: b11c18394933342b7bb74eff32f73780' -> (Import Result ID: 'dc5fbf9d58649f4430ff4c2b9b7d8aa9') in 0.000 seconds [static and dynamic dependencies]. Details - ImportResultOutputID=5bd9cb970177e34018914947e5b34348 DependenciesID=fdb5bec9320b5498e2809a90f26baab2 StaticDependenciesID=70b3bb1371f982c8be6ec07ccb1224e8 
Number of updated asset objects reloaded before import = 0
Number of asset objects unloaded after import = 0
========================================================================
Received Import Request.
  Time of request: 2026-10-09T03:48:04.833857Z
  Time since last request: 0.004239166 seconds.
  importAddress: GUID: b11c18394933342b7bb74eff32f73780 - Path: Assets/Scripts/SumoCameraRoatte.cs - Importer: PreviewImporter
Importing 'GUID: b11c18394933342b7bb74eff32f73780 - Path: Assets/Scripts/SumoCameraRoatte.cs - Importer: PreviewImporter' with importer (PreviewImporter)
Imported 'GUID: b11c18394933342b7bb74eff32f73780' -> (Import Result ID: 'dc5fbf9d58649f4430ff4c2b9b7d8aa9') in 0.000 seconds [static and dynamic dependencies]. Details - ImportResultOutputID=5bd9cb970177e34018914947e5b34348 DependenciesID=fdb5bec9320b5498e2809a90f26baab2 StaticDependenciesID=70b3bb1371f982c8be6ec07ccb1224e8 
Number of updated asset objects reloaded before import = 0
Number of asset objects unloaded after import = 0
========================================================================
Received Import Request.
  Time of request: 2026-10-09T03:48:04.842182Z
  Time since last request: 0.000514458 seconds.
  importAddress: GUID: b11c18394933342b7bb74eff32f73780 - Path: Assets/Scripts/SumoCameraRoatte.cs - Importer: PreviewImporter
Importing 'GUID: b11c18394933342b7bb74eff32f73780 - Path: Assets/Scripts/SumoCameraRoatte.cs - Importer: PreviewImporter' with importer (PreviewImporter)
Imported 'GUID: b11c18394933342b7bb74eff32f73780' -> (Import Result ID: 'dc5fbf9d58649f4430ff4c2b9b7d8aa9') in 0.000 seconds [static and dynamic dependencies]. Details - ImportResultOutputID=5bd9cb970177e34018914947e5b34348 DependenciesID=fdb5bec9320b5498e2809a90f26baab2 StaticDependenciesID=70b3bb1371f982c8be6ec07ccb1224e8 
Number of updated asset objects reloaded before import = 0
Number of asset objects unloaded after import = 0
========================================================================
Received Import Request.
  Time of request: 2026-10-09T03:48:04.850668Z
  Time since last request: 0.000601125 seconds.
  importAddress: GUID: b11c18394933342b7bb74eff32f73780 - Path: Assets/Scripts/SumoCameraRoatte.cs - Importer: PreviewImporter
Importing 'GUID: b11c18394933342b7bb74eff32f73780 - Path: Assets/Scripts/SumoCameraRoatte.cs - Importer: PreviewImporter' with importer (PreviewImporter)
Imported 'GUID: b11c18394933342b7bb74eff32f73780' -> (Import Result ID: 'dc5fbf9d58649f4430ff4c2b9b7d8aa9') in 0.000 seconds [static and dynamic dependencies]. Details - ImportResultOutputID=5bd9cb970177e34018914947e5b34348 DependenciesID=fdb5bec9320b5498e2809a90f26baab2 StaticDependenciesID=70b3bb1371f982c8be6ec07ccb1224e8 
Number of updated asset objects reloaded before import = 0
Number of asset objects unloaded after import = 0
========================================================================
Received Import Request.
  Time of request: 2026-10-09T03:48:04.858888Z
  Time since last request: 0.00042675 seconds.
  importAddress: GUID: b11c18394933342b7bb74eff32f73780 - Path: Assets/Scripts/SumoCameraRoatte.cs - Importer: PreviewImporter
Importing 'GUID: b11c18394933342b7bb74eff32f73780 - Path: Assets/Scripts/SumoCameraRoatte.cs - Importer: PreviewImporter' with importer (PreviewImporter)
Imported 'GUID: b11c18394933342b7bb74eff32f73780' -> (Import Result ID: 'dc5fbf9d58649f4430ff4c2b9b7d8aa9') in 0.000 seconds [static and dynamic dependencies]. Details - ImportResultOutputID=5bd9cb970177e34018914947e5b34348 DependenciesID=fdb5bec9320b5498e2809a90f26baab2 StaticDependenciesID=70b3bb1371f982c8be6ec07ccb1224e8 
Number of updated asset objects reloaded before import = 0
Number of asset objects unloaded after import = 0
========================================================================
Received Import Request.
  Time of request: 2026-10-09T03:48:04.867204Z
  Time since last request: 0.000265834 seconds.
  importAddress: GUID: b11c18394933342b7bb74eff32f73780 - Path: Assets/Scripts/SumoCameraRoatte.cs - Importer: PreviewImporter
Importing 'GUID: b11c18394933342b7bb74eff32f73780 - Path: Assets/Scripts/SumoCameraRoatte.cs - Importer: PreviewImporter' with importer (PreviewImporter)
Imported 'GUID: b11c18394933342b7bb74eff32f73780' -> (Import Result ID: 'dc5fbf9d58649f4430ff4c2b9b7d8aa9') in 0.000 seconds [static and dynamic dependencies]. Details - ImportResultOutputID=5bd9cb970177e34018914947e5b34348 DependenciesID=fdb5bec9320b5498e2809a90f26baab2 StaticDependenciesID=70b3bb1371f982c8be6ec07ccb1224e8 
Number of updated asset objects reloaded before import = 0
Number of asset objects unloaded after import = 0
========================================================================
Received Import Request.
  Time of request: 2026-10-09T03:48:04.875375Z
  Time since last request: 0.00024775 seconds.
  importAddress: GUID: b11c18394933342b7bb74eff32f73780 - Path: Assets/Scripts/SumoCameraRoatte.cs - Importer: PreviewImporter
Importing 'GUID: b11c18394933342b7bb74eff32f73780 - Path: Assets/Scripts/SumoCameraRoatte.cs - Importer: PreviewImporter' with importer (PreviewImporter)
Imported 'GUID: b11c18394933342b7bb74eff32f73780' -> (Import Result ID: 'dc5fbf9d58649f4430ff4c2b9b7d8aa9') in 0.000 seconds [static and dynamic dependencies]. Details - ImportResultOutputID=5bd9cb970177e34018914947e5b34348 DependenciesID=fdb5bec9320b5498e2809a90f26baab2 StaticDependenciesID=70b3bb1371f982c8be6ec07ccb1224e8 
Number of updated asset objects reloaded before import = 0
Number of asset objects unloaded after import = 0
========================================================================
Received Import Request.
  Time of request: 2026-10-09T03:48:04.883764Z
  Time since last request: 0.000762458 seconds.
  importAddress: GUID: b11c18394933342b7bb74eff32f73780 - Path: Assets/Scripts/SumoCameraRoatte.cs - Importer: PreviewImporter
Importing 'GUID: b11c18394933342b7bb74eff32f73780 - Path: Assets/Scripts/SumoCameraRoatte.cs - Importer: PreviewImporter' with importer (PreviewImporter)
Imported 'GUID: b11c18394933342b7bb74eff32f73780' -> (Import Result ID: 'dc5fbf9d58649f4430ff4c2b9b7d8aa9') in 0.000 seconds [static and dynamic dependencies]. Details - ImportResultOutputID=5bd9cb970177e34018914947e5b34348 DependenciesID=fdb5bec9320b5498e2809a90f26baab2 StaticDependenciesID=70b3bb1371f982c8be6ec07ccb1224e8 
Number of updated asset objects reloaded before import = 0
Number of asset objects unloaded after import = 0
========================================================================
Received Import Request.
  Time of request: 2026-10-09T03:48:04.891888Z
  Time since last request: 0.000285667 seconds.
  importAddress: GUID: b11c18394933342b7bb74eff32f73780 - Path: Assets/Scripts/SumoCameraRoatte.cs - Importer: PreviewImporter
Importing 'GUID: b11c18394933342b7bb74eff32f73780 - Path: Assets/Scripts/SumoCameraRoatte.cs - Importer: PreviewImporter' with importer (PreviewImporter)
Imported 'GUID: b11c18394933342b7bb74eff32f73780' -> (Import Result ID: 'dc5fbf9d58649f4430ff4c2b9b7d8aa9') in 0.000 seconds [static and dynamic dependencies]. Details - ImportResultOutputID=5bd9cb970177e34018914947e5b34348 DependenciesID=fdb5bec9320b5498e2809a90f26baab2 StaticDependenciesID=70b3bb1371f982c8be6ec07ccb1224e8 
Number of updated asset objects reloaded before import = 0
Number of asset objects unloaded after import = 0
========================================================================
Received Import Request.
  Time of request: 2026-10-09T03:48:04.900078Z
  Time since last request: 0.000281917 seconds.
  importAddress: GUID: b11c18394933342b7bb74eff32f73780 - Path: Assets/Scripts/SumoCameraRoatte.cs - Importer: PreviewImporter
Importing 'GUID: b11c18394933342b7bb74eff32f73780 - Path: Assets/Scripts/SumoCameraRoatte.cs - Importer: PreviewImporter' with importer (PreviewImporter)
Imported 'GUID: b11c18394933342b7bb74eff32f73780' -> (Import Result ID: 'dc5fbf9d58649f4430ff4c2b9b7d8aa9') in 0.000 seconds [static and dynamic dependencies]. Details - ImportResultOutputID=5bd9cb970177e34018914947e5b34348 DependenciesID=fdb5bec9320b5498e2809a90f26baab2 StaticDependenciesID=70b3bb1371f982c8be6ec07ccb1224e8 
Number of updated asset objects reloaded before import = 0
Number of asset objects unloaded after import = 0
========================================================================
Received Import Request.
  Time of request: 2026-10-09T03:48:04.908197Z
  Time since last request: 0.00048325 seconds.
  importAddress: GUID: b11c18394933342b7bb74eff32f73780 - Path: Assets/Scripts/SumoCameraRoatte.cs - Importer: PreviewImporter
Importing 'GUID: b11c18394933342b7bb74eff32f73780 - Path: Assets/Scripts/SumoCameraRoatte.cs - Importer: PreviewImporter' with importer (PreviewImporter)
Imported 'GUID: b11c18394933342b7bb74eff32f73780' -> (Import Result ID: 'dc5fbf9d58649f4430ff4c2b9b7d8aa9') in 0.000 seconds [static and dynamic dependencies]. Details - ImportResultOutputID=5bd9cb970177e34018914947e5b34348 DependenciesID=fdb5bec9320b5498e2809a90f26baab2 StaticDependenciesID=70b3bb1371f982c8be6ec07ccb1224e8 
Number of updated asset objects reloaded before import = 0
Number of asset objects unloaded after import = 0
========================================================================
Received Import Request.
  Time of request: 2026-10-09T03:48:04.916504Z
  Time since last request: 0.000561667 seconds.
  importAddress: GUID: b11c18394933342b7bb74eff32f73780 - Path: Assets/Scripts/SumoCameraRoatte.cs - Importer: PreviewImporter
Importing 'GUID: b11c18394933342b7bb74eff32f73780 - Path: Assets/Scripts/SumoCameraRoatte.cs - Importer: PreviewImporter' with importer (PreviewImporter)
Imported 'GUID: b11c18394933342b7bb74eff32f73780' -> (Import Result ID: 'dc5fbf9d58649f4430ff4c2b9b7d8aa9') in 0.000 seconds [static and dynamic dependencies]. Details - ImportResultOutputID=5bd9cb970177e34018914947e5b34348 DependenciesID=fdb5bec9320b5498e2809a90f26baab2 StaticDependenciesID=70b3bb1371f982c8be6ec07ccb1224e8 
Number of updated asset objects reloaded before import = 0
Number of asset objects unloaded after import = 0
========================================================================
Received Import Request.
  Time of request: 2026-10-09T03:48:04.925223Z
  Time since last request: 0.000844083 seconds.
  importAddress: GUID: b11c18394933342b7bb74eff32f73780 - Path: Assets/Scripts/SumoCameraRoatte.cs - Importer: PreviewImporter
Importing 'GUID: b11c18394933342b7bb74eff32f73780 - Path: Assets/Scripts/SumoCameraRoatte.cs - Importer: PreviewImporter' with importer (PreviewImporter)
Imported 'GUID: b11c18394933342b7bb74eff32f73780' -> (Import Result ID: 'dc5fbf9d58649f4430ff4c2b9b7d8aa9') in 0.000 seconds [static and dynamic dependencies]. Details - ImportResultOutputID=5bd9cb970177e34018914947e5b34348 DependenciesID=fdb5bec9320b5498e2809a90f26baab2 StaticDependenciesID=70b3bb1371f982c8be6ec07ccb1224e8 
Number of updated asset objects reloaded before import = 0
Number of asset objects unloaded after import = 0
========================================================================
Received Import Request.
  Time of request: 2026-10-09T03:48:04.933666Z
  Time since last request: 0.000422375 seconds.
  importAddress: GUID: b11c18394933342b7bb74eff32f73780 - Path: Assets/Scripts/SumoCameraRoatte.cs - Importer: PreviewImporter
Importing 'GUID: b11c18394933342b7bb74eff32f73780 - Path: Assets/Scripts/SumoCameraRoatte.cs - Importer: PreviewImporter' with importer (PreviewImporter)
Imported 'GUID: b11c18394933342b7bb74eff32f73780' -> (Import Result ID: 'dc5fbf9d58649f4430ff4c2b9b7d8aa9') in 0.000 seconds [static and dynamic dependencies]. Details - ImportResultOutputID=5bd9cb970177e34018914947e5b34348 DependenciesID=fdb5bec9320b5498e2809a90f26baab2 StaticDependenciesID=70b3bb1371f982c8be6ec07ccb1224e8 
Number of updated asset objects reloaded before import = 0
Number of asset objects unloaded after import = 0
========================================================================
Received Import Request.
  Time of request: 2026-10-09T03:48:04.94175Z
  Time since last request: 0.000456042 seconds.
  importAddress: GUID: b11c18394933342b7bb74eff32f73780 - Path: Assets/Scripts/SumoCameraRoatte.cs - Importer: PreviewImporter
Importing 'GUID: b11c18394933342b7bb74eff32f73780 - Path: Assets/Scripts/SumoCameraRoatte.cs - Importer: PreviewImporter' with importer (PreviewImporter)
Imported 'GUID: b11c18394933342b7bb74eff32f73780' -> (Import Result ID: 'dc5fbf9d58649f4430ff4c2b9b7d8aa9') in 0.000 seconds [static and dynamic dependencies]. Details - ImportResultOutputID=5bd9cb970177e34018914947e5b34348 DependenciesID=fdb5bec9320b5498e2809a90f26baab2 StaticDependenciesID=70b3bb1371f982c8be6ec07ccb1224e8 
Number of updated asset objects reloaded before import = 0
Number of asset objects unloaded after import = 0
========================================================================
Received Import Request.
  Time of request: 2026-10-09T03:48:04.949844Z
  Time since last request: 0.000489333 seconds.
  importAddress: GUID: b11c18394933342b7bb74eff32f73780 - Path: Assets/Scripts/SumoCameraRoatte.cs - Importer: PreviewImporter
Importing 'GUID: b11c18394933342b7bb74eff32f73780 - Path: Assets/Scripts/SumoCameraRoatte.cs - Importer: PreviewImporter' with importer (PreviewImporter)
Imported 'GUID: b11c18394933342b7bb74eff32f73780' -> (Import Result ID: 'dc5fbf9d58649f4430ff4c2b9b7d8aa9') in 0.000 seconds [static and dynamic dependencies]. Details - ImportResultOutputID=5bd9cb970177e34018914947e5b34348 DependenciesID=fdb5bec9320b5498e2809a90f26baab2 StaticDependenciesID=70b3bb1371f982c8be6ec07ccb1224e8 
Number of updated asset objects reloaded before import = 0
Number of asset objects unloaded after import = 0
========================================================================
Received Import Request.
  Time of request: 2026-10-09T03:48:04.957985Z
  Time since last request: 0.000654459 seconds.
  importAddress: GUID: b11c18394933342b7bb74eff32f73780 - Path: Assets/Scripts/SumoCameraRoatte.cs - Importer: PreviewImporter
Importing 'GUID: b11c18394933342b7bb74eff32f73780 - Path: Assets/Scripts/SumoCameraRoatte.cs - Importer: PreviewImporter' with importer (PreviewImporter)
Imported 'GUID: b11c18394933342b7bb74eff32f73780' -> (Import Result ID: 'dc5fbf9d58649f4430ff4c2b9b7d8aa9') in 0.000 seconds [static and dynamic dependencies]. Details - ImportResultOutputID=5bd9cb970177e34018914947e5b34348 DependenciesID=fdb5bec9320b5498e2809a90f26baab2 StaticDependenciesID=70b3bb1371f982c8be6ec07ccb1224e8 
Number of updated asset objects reloaded before import = 0
Number of asset objects unloaded after import = 0
========================================================================
Received Import Request.
  Time of request: 2026-10-09T03:48:04.966089Z
  Time since last request: 0.000201958 seconds.
  importAddress: GUID: b11c18394933342b7bb74eff32f73780 - Path: Assets/Scripts/SumoCameraRoatte.cs - Importer: PreviewImporter
Importing 'GUID: b11c18394933342b7bb74eff32f73780 - Path: Assets/Scripts/SumoCameraRoatte.cs - Importer: PreviewImporter' with importer (PreviewImporter)
Imported 'GUID: b11c18394933342b7bb74eff32f73780' -> (Import Result ID: 'dc5fbf9d58649f4430ff4c2b9b7d8aa9') in 0.000 seconds [static and dynamic dependencies]. Details - ImportResultOutputID=5bd9cb970177e34018914947e5b34348 DependenciesID=fdb5bec9320b5498e2809a90f26baab2 StaticDependenciesID=70b3bb1371f982c8be6ec07ccb1224e8 
Number of updated asset objects reloaded before import = 0
Number of asset objects unloaded after import = 0
========================================================================
Received Import Request.
  Time of request: 2026-10-09T03:48:04.974198Z
  Time since last request: 0.000882417 seconds.
  importAddress: GUID: b11c18394933342b7bb74eff32f73780 - Path: Assets/Scripts/SumoCameraRoatte.cs - Importer: PreviewImporter
Importing 'GUID: b11c18394933342b7bb74eff32f73780 - Path: Assets/Scripts/SumoCameraRoatte.cs - Importer: PreviewImporter' with importer (PreviewImporter)
Imported 'GUID: b11c18394933342b7bb74eff32f73780' -> (Import Result ID: 'dc5fbf9d58649f4430ff4c2b9b7d8aa9') in 0.000 seconds [static and dynamic dependencies]. Details - ImportResultOutputID=5bd9cb970177e34018914947e5b34348 DependenciesID=fdb5bec9320b5498e2809a90f26baab2 StaticDependenciesID=70b3bb1371f982c8be6ec07ccb1224e8 
Number of updated asset objects reloaded before import = 0
Number of asset objects unloaded after import = 0
========================================================================
Received Import Request.
  Time of request: 2026-10-09T03:48:04.982915Z
  Time since last request: 0.001558875 seconds.
  importAddress: GUID: b11c18394933342b7bb74eff32f73780 - Path: Assets/Scripts/SumoCameraRoatte.cs - Importer: PreviewImporter
Importing 'GUID: b11c18394933342b7bb74eff32f73780 - Path: Assets/Scripts/SumoCameraRoatte.cs - Importer: PreviewImporter' with importer (PreviewImporter)
Imported 'GUID: b11c18394933342b7bb74eff32f73780' -> (Import Result ID: 'dc5fbf9d58649f4430ff4c2b9b7d8aa9') in 0.000 seconds [static and dynamic dependencies]. Details - ImportResultOutputID=5bd9cb970177e34018914947e5b34348 DependenciesID=fdb5bec9320b5498e2809a90f26baab2 StaticDependenciesID=70b3bb1371f982c8be6ec07ccb1224e8 
Number of updated asset objects reloaded before import = 0
Number of asset objects unloaded after import = 0
========================================================================
Received Import Request.
  Time of request: 2026-10-09T03:48:04.991145Z
  Time since last request: 0.000442667 seconds.
  importAddress: GUID: b11c18394933342b7bb74eff32f73780 - Path: Assets/Scripts/SumoCameraRoatte.cs - Importer: PreviewImporter
Importing 'GUID: b11c18394933342b7bb74eff32f73780 - Path: Assets/Scripts/SumoCameraRoatte.cs - Importer: PreviewImporter' with importer (PreviewImporter)
Imported 'GUID: b11c18394933342b7bb74eff32f73780' -> (Import Result ID: 'dc5fbf9d58649f4430ff4c2b9b7d8aa9') in 0.000 seconds [static and dynamic dependencies]. Details - ImportResultOutputID=5bd9cb970177e34018914947e5b34348 DependenciesID=fdb5bec9320b5498e2809a90f26baab2 StaticDependenciesID=70b3bb1371f982c8be6ec07ccb1224e8 
Number of updated asset objects reloaded before import = 0
Number of asset objects unloaded after import = 0
========================================================================
Received Import Request.
  Time of request: 2026-10-09T03:48:04.99911Z
  Time since last request: 0.000505 seconds.
  importAddress: GUID: b11c18394933342b7bb74eff32f73780 - Path: Assets/Scripts/SumoCameraRoatte.cs - Importer: PreviewImporter
Importing 'GUID: b11c18394933342b7bb74eff32f73780 - Path: Assets/Scripts/SumoCameraRoatte.cs - Importer: PreviewImporter' with importer (PreviewImporter)
Imported 'GUID: b11c18394933342b7bb74eff32f73780' -> (Import Result ID: 'dc5fbf9d58649f4430ff4c2b9b7d8aa9') in 0.000 seconds [static and dynamic dependencies]. Details - ImportResultOutputID=5bd9cb970177e34018914947e5b34348 DependenciesID=fdb5bec9320b5498e2809a90f26baab2 StaticDependenciesID=70b3bb1371f982c8be6ec07ccb1224e8 
Number of updated asset objects reloaded before import = 0
Number of asset objects unloaded after import = 0
========================================================================
Received Import Request.
  Time of request: 2026-10-09T03:48:05.00719Z
  Time since last request: 0.000731375 seconds.
  importAddress: GUID: b11c18394933342b7bb74eff32f73780 - Path: Assets/Scripts/SumoCameraRoatte.cs - Importer: PreviewImporter
Importing 'GUID: b11c18394933342b7bb74eff32f73780 - Path: Assets/Scripts/SumoCameraRoatte.cs - Importer: PreviewImporter' with importer (PreviewImporter)
Imported 'GUID: b11c18394933342b7bb74eff32f73780' -> (Import Result ID: 'dc5fbf9d58649f4430ff4c2b9b7d8aa9') in 0.000 seconds [static and dynamic dependencies]. Details - ImportResultOutputID=5bd9cb970177e34018914947e5b34348 DependenciesID=fdb5bec9320b5498e2809a90f26baab2 StaticDependenciesID=70b3bb1371f982c8be6ec07ccb1224e8 
Number of updated asset objects reloaded before import = 0
Number of asset objects unloaded after import = 0
========================================================================
Received Import Request.
  Time of request: 2026-10-09T03:48:05.015397Z
  Time since last request: 0.000987792 seconds.
  importAddress: GUID: b11c18394933342b7bb74eff32f73780 - Path: Assets/Scripts/SumoCameraRoatte.cs - Importer: PreviewImporter
Importing 'GUID: b11c18394933342b7bb74eff32f73780 - Path: Assets/Scripts/SumoCameraRoatte.cs - Importer: PreviewImporter' with importer (PreviewImporter)
Imported 'GUID: b11c18394933342b7bb74eff32f73780' -> (Import Result ID: 'dc5fbf9d58649f4430ff4c2b9b7d8aa9') in 0.000 seconds [static and dynamic dependencies]. Details - ImportResultOutputID=5bd9cb970177e34018914947e5b34348 DependenciesID=fdb5bec9320b5498e2809a90f26baab2 StaticDependenciesID=70b3bb1371f982c8be6ec07ccb1224e8 
Number of updated asset objects reloaded before import = 0
Number of asset objects unloaded after import = 0
========================================================================
Received Import Request.
  Time of request: 2026-10-09T03:48:05.023477Z
  Time since last request: 0.001145708 seconds.
  importAddress: GUID: b11c18394933342b7bb74eff32f73780 - Path: Assets/Scripts/SumoCameraRoatte.cs - Importer: PreviewImporter
Importing 'GUID: b11c18394933342b7bb74eff32f73780 - Path: Assets/Scripts/SumoCameraRoatte.cs - Importer: PreviewImporter' with importer (PreviewImporter)
Imported 'GUID: b11c18394933342b7bb74eff32f73780' -> (Import Result ID: 'dc5fbf9d58649f4430ff4c2b9b7d8aa9') in 0.000 seconds [static and dynamic dependencies]. Details - ImportResultOutputID=5bd9cb970177e34018914947e5b34348 DependenciesID=fdb5bec9320b5498e2809a90f26baab2 StaticDependenciesID=70b3bb1371f982c8be6ec07ccb1224e8 
Number of updated asset objects reloaded before import = 0
Number of asset objects unloaded after import = 0
========================================================================
Received Import Request.
  Time of request: 2026-10-09T03:48:05.031439Z
  Time since last request: 0.000565791 seconds.
  importAddress: GUID: b11c18394933342b7bb74eff32f73780 - Path: Assets/Scripts/SumoCameraRoatte.cs - Importer: PreviewImporter
Importing 'GUID: b11c18394933342b7bb74eff32f73780 - Path: Assets/Scripts/SumoCameraRoatte.cs - Importer: PreviewImporter' with importer (PreviewImporter)
Imported 'GUID: b11c18394933342b7bb74eff32f73780' -> (Import Result ID: 'dc5fbf9d58649f4430ff4c2b9b7d8aa9') in 0.000 seconds [static and dynamic dependencies]. Details - ImportResultOutputID=5bd9cb970177e34018914947e5b34348 DependenciesID=fdb5bec9320b5498e2809a90f26baab2 StaticDependenciesID=70b3bb1371f982c8be6ec07ccb1224e8 
Number of updated asset objects reloaded before import = 0
Number of asset objects unloaded after import = 0
========================================================================
Received Import Request.
  Time of request: 2026-10-09T03:48:05.039966Z
  Time since last request: 0.001157125 seconds.
  importAddress: GUID: b11c18394933342b7bb74eff32f73780 - Path: Assets/Scripts/SumoCameraRoatte.cs - Importer: PreviewImporter
Importing 'GUID: b11c18394933342b7bb74eff32f73780 - Path: Assets/Scripts/SumoCameraRoatte.cs - Importer: PreviewImporter' with importer (PreviewImporter)
Imported 'GUID: b11c18394933342b7bb74eff32f73780' -> (Import Result ID: 'dc5fbf9d58649f4430ff4c2b9b7d8aa9') in 0.000 seconds [static and dynamic dependencies]. Details - ImportResultOutputID=5bd9cb970177e34018914947e5b34348 DependenciesID=fdb5bec9320b5498e2809a90f26baab2 StaticDependenciesID=70b3bb1371f982c8be6ec07ccb1224e8 
Number of updated asset objects reloaded before import = 0
Number of asset objects unloaded after import = 0
========================================================================
Received Import Request.
  Time of request: 2026-10-09T03:48:05.048856Z
  Time since last request: 0.001955375 seconds.
  importAddress: GUID: b11c18394933342b7bb74eff32f73780 - Path: Assets/Scripts/SumoCameraRoatte.cs - Importer: PreviewImporter
Importing 'GUID: b11c18394933342b7bb74eff32f73780 - Path: Assets/Scripts/SumoCameraRoatte.cs - Importer: PreviewImporter' with importer (PreviewImporter)
Imported 'GUID: b11c18394933342b7bb74eff32f73780' -> (Import Result ID: 'dc5fbf9d58649f4430ff4c2b9b7d8aa9') in 0.000 seconds [static and dynamic dependencies]. Details - ImportResultOutputID=5bd9cb970177e34018914947e5b34348 DependenciesID=fdb5bec9320b5498e2809a90f26baab2 StaticDependenciesID=70b3bb1371f982c8be6ec07ccb1224e8 
Number of updated asset objects reloaded before import = 0
Number of asset objects unloaded after import = 0
========================================================================
Received Import Request.
  Time of request: 2026-10-09T03:48:05.056738Z
  Time since last request: 0.000459166 seconds.
  importAddress: GUID: b11c18394933342b7bb74eff32f73780 - Path: Assets/Scripts/SumoCameraRoatte.cs - Importer: PreviewImporter
Importing 'GUID: b11c18394933342b7bb74eff32f73780 - Path: Assets/Scripts/SumoCameraRoatte.cs - Importer: PreviewImporter' with importer (PreviewImporter)
Imported 'GUID: b11c18394933342b7bb74eff32f73780' -> (Import Result ID: 'dc5fbf9d58649f4430ff4c2b9b7d8aa9') in 0.000 seconds [static and dynamic dependencies]. Details - ImportResultOutputID=5bd9cb970177e34018914947e5b34348 DependenciesID=fdb5bec9320b5498e2809a90f26baab2 StaticDependenciesID=70b3bb1371f982c8be6ec07ccb1224e8 
Number of updated asset objects reloaded before import = 0
Number of asset objects unloaded after import = 0
========================================================================
Received Import Request.
  Time of request: 2026-10-09T03:48:05.06478Z
  Time since last request: 0.000264792 seconds.
  importAddress: GUID: b11c18394933342b7bb74eff32f73780 - Path: Assets/Scripts/SumoCameraRoatte.cs - Importer: PreviewImporter
Importing 'GUID: b11c18394933342b7bb74eff32f73780 - Path: Assets/Scripts/SumoCameraRoatte.cs - Importer: PreviewImporter' with importer (PreviewImporter)
Imported 'GUID: b11c18394933342b7bb74eff32f73780' -> (Import Result ID: 'dc5fbf9d58649f4430ff4c2b9b7d8aa9') in 0.000 seconds [static and dynamic dependencies]. Details - ImportResultOutputID=5bd9cb970177e34018914947e5b34348 DependenciesID=fdb5bec9320b5498e2809a90f26baab2 StaticDependenciesID=70b3bb1371f982c8be6ec07ccb1224e8 
Number of updated asset objects reloaded before import = 0
Number of asset objects unloaded after import = 0
========================================================================
Received Import Request.
  Time of request: 2026-10-09T03:48:05.072791Z
  Time since last request: 0.000396792 seconds.
  importAddress: GUID: b11c18394933342b7bb74eff32f73780 - Path: Assets/Scripts/SumoCameraRoatte.cs - Importer: PreviewImporter
Importing 'GUID: b11c18394933342b7bb74eff32f73780 - Path: Assets/Scripts/SumoCameraRoatte.cs - Importer: PreviewImporter' with importer (PreviewImporter)
Imported 'GUID: b11c18394933342b7bb74eff32f73780' -> (Import Result ID: 'dc5fbf9d58649f4430ff4c2b9b7d8aa9') in 0.000 seconds [static and dynamic dependencies]. Details - ImportResultOutputID=5bd9cb970177e34018914947e5b34348 DependenciesID=fdb5bec9320b5498e2809a90f26baab2 StaticDependenciesID=70b3bb1371f982c8be6ec07ccb1224e8 
Number of updated asset objects reloaded before import = 0
Number of asset objects unloaded after import = 0
========================================================================
Received Import Request.
  Time of request: 2026-10-09T03:48:05.080908Z
  Time since last request: 0.000527333 seconds.
  importAddress: GUID: b11c18394933342b7bb74eff32f73780 - Path: Assets/Scripts/SumoCameraRoatte.cs - Importer: PreviewImporter
Importing 'GUID: b11c18394933342b7bb74eff32f73780 - Path: Assets/Scripts/SumoCameraRoatte.cs - Importer: PreviewImporter' with importer (PreviewImporter)
Imported 'GUID: b11c18394933342b7bb74eff32f73780' -> (Import Result ID: 'dc5fbf9d58649f4430ff4c2b9b7d8aa9') in 0.000 seconds [static and dynamic dependencies]. Details - ImportResultOutputID=5bd9cb970177e34018914947e5b34348 DependenciesID=fdb5bec9320b5498e2809a90f26baab2 StaticDependenciesID=70b3bb1371f982c8be6ec07ccb1224e8 
Number of updated asset objects reloaded before import = 0
Number of asset objects unloaded after import = 0
========================================================================
Received Import Request.
  Time of request: 2026-10-09T03:48:05.089173Z
  Time since last request: 0.000610584 seconds.
  importAddress: GUID: b11c18394933342b7bb74eff32f73780 - Path: Assets/Scripts/SumoCameraRoatte.cs - Importer: PreviewImporter
Importing 'GUID: b11c18394933342b7bb74eff32f73780 - Path: Assets/Scripts/SumoCameraRoatte.cs - Importer: PreviewImporter' with importer (PreviewImporter)
Imported 'GUID: b11c18394933342b7bb74eff32f73780' -> (Import Result ID: 'dc5fbf9d58649f4430ff4c2b9b7d8aa9') in 0.000 seconds [static and dynamic dependencies]. Details - ImportResultOutputID=5bd9cb970177e34018914947e5b34348 DependenciesID=fdb5bec9320b5498e2809a90f26baab2 StaticDependenciesID=70b3bb1371f982c8be6ec07ccb1224e8 
Number of updated asset objects reloaded before import = 0
Number of asset objects unloaded after import = 0
========================================================================
Received Import Request.
  Time of request: 2026-10-09T03:48:05.09714Z
  Time since last request: 0.000288 seconds.
  importAddress: GUID: b11c18394933342b7bb74eff32f73780 - Path: Assets/Scripts/SumoCameraRoatte.cs - Importer: PreviewImporter
Importing 'GUID: b11c18394933342b7bb74eff32f73780 - Path: Assets/Scripts/SumoCameraRoatte.cs - Importer: PreviewImporter' with importer (PreviewImporter)
Imported 'GUID: b11c18394933342b7bb74eff32f73780' -> (Import Result ID: 'dc5fbf9d58649f4430ff4c2b9b7d8aa9') in 0.000 seconds [static and dynamic dependencies]. Details - ImportResultOutputID=5bd9cb970177e34018914947e5b34348 DependenciesID=fdb5bec9320b5498e2809a90f26baab2 StaticDependenciesID=70b3bb1371f982c8be6ec07ccb1224e8 
Number of updated asset objects reloaded before import = 0
Number of asset objects unloaded after import = 0
========================================================================
Received Import Request.
  Time of request: 2026-10-09T03:48:05.105252Z
  Time since last request: 0.001047083 seconds.
  importAddress: GUID: b11c18394933342b7bb74eff32f73780 - Path: Assets/Scripts/SumoCameraRoatte.cs - Importer: PreviewImporter
Importing 'GUID: b11c18394933342b7bb74eff32f73780 - Path: Assets/Scripts/SumoCameraRoatte.cs - Importer: PreviewImporter' with importer (PreviewImporter)
Imported 'GUID: b11c18394933342b7bb74eff32f73780' -> (Import Result ID: 'dc5fbf9d58649f4430ff4c2b9b7d8aa9') in 0.000 seconds [static and dynamic dependencies]. Details - ImportResultOutputID=5bd9cb970177e34018914947e5b34348 DependenciesID=fdb5bec9320b5498e2809a90f26baab2 StaticDependenciesID=70b3bb1371f982c8be6ec07ccb1224e8 
Number of updated asset objects reloaded before import = 0
Number of asset objects unloaded after import = 0
========================================================================
Received Import Request.
  Time of request: 2026-10-09T03:48:05.115249Z
  Time since last request: 0.0028875 seconds.
  importAddress: GUID: b11c18394933342b7bb74eff32f73780 - Path: Assets/Scripts/SumoCameraRoatte.cs - Importer: PreviewImporter
Importing 'GUID: b11c18394933342b7bb74eff32f73780 - Path: Assets/Scripts/SumoCameraRoatte.cs - Importer: PreviewImporter' with importer (PreviewImporter)
Imported 'GUID: b11c18394933342b7bb74eff32f73780' -> (Import Result ID: 'dc5fbf9d58649f4430ff4c2b9b7d8aa9') in 0.000 seconds [static and dynamic dependencies]. Details - ImportResultOutputID=5bd9cb970177e34018914947e5b34348 DependenciesID=fdb5bec9320b5498e2809a90f26baab2 StaticDependenciesID=70b3bb1371f982c8be6ec07ccb1224e8 
Number of updated asset objects reloaded before import = 0
Number of asset objects unloaded after import = 0
========================================================================
Received Import Request.
  Time of request: 2026-10-09T03:48:05.123042Z
  Time since last request: 0.000800917 seconds.
  importAddress: GUID: b11c18394933342b7bb74eff32f73780 - Path: Assets/Scripts/SumoCameraRoatte.cs - Importer: PreviewImporter
Importing 'GUID: b11c18394933342b7bb74eff32f73780 - Path: Assets/Scripts/SumoCameraRoatte.cs - Importer: PreviewImporter' with importer (PreviewImporter)
Imported 'GUID: b11c18394933342b7bb74eff32f73780' -> (Import Result ID: 'dc5fbf9d58649f4430ff4c2b9b7d8aa9') in 0.000 seconds [static and dynamic dependencies]. Details - ImportResultOutputID=5bd9cb970177e34018914947e5b34348 DependenciesID=fdb5bec9320b5498e2809a90f26baab2 StaticDependenciesID=70b3bb1371f982c8be6ec07ccb1224e8 
Number of updated asset objects reloaded before import = 0
Number of asset objects unloaded after import = 0
========================================================================
Received Prepare
AcceleratorClientConnectionCallback - disconnected - :0
Begin MonoManager ReloadAssembly
Thread 0x16c98b000 may have been prematurely finalized
Native extension for OSXStandalone target not found
Native extension for WebGL target not found
[Package Manager] Failed to launch server process. Reason: Unity was launched with the -noUpm command-line argument
[Package Manager] Unable to send message (not connected to server process).
[Package Manager] Cannot connect to Unity Package Manager local server
[Package Manager] Failed to launch server process. Reason: Unity was launched with the -noUpm command-line argument
[Package Manager] Unable to send message (not connected to server process).
[Package Manager] Cannot connect to Unity Package Manager local server
ScheduleIndexationOnStartup MainProcess:False IndexOnStartup:True
Mono: successfully reloaded assembly
- Finished resetting the current domain, in  0.359 seconds
Domain Reload Profiling: 756ms
	BeginReloadAssembly (108ms)
		DisableScriptedObjects (3ms)
		CreateAndSetChildDomain (36ms)
	RebuildCommonClasses (5ms)
	RebuildNativeTypeToScriptingClass (9ms)
	initialDomainReloadingComplete (19ms)
	LoadAllAssembliesAndSetupDomain (256ms)
		LoadAssemblies (119ms)
		AnalyzeDomain (109ms)
			TypeCache.Refresh (6ms)
			BuildScriptInfoCaches (98ms)
			ResolveRequiredComponents (4ms)
	FinalizeReload (359ms)
		SetupLoadedEditorAssemblies (0ms)
			BeforeProcessingInitializeOnLoad (47ms)
			ProcessInitializeOnLoadAttributes (138ms)
			ProcessInitializeOnLoadMethodAttributes (56ms)
		AwakeInstancesAfterBackupRestoration (10ms)
WARNING: Shader Unsupported: 'Universal Render Pipeline/VR/SpatialMapping/Wireframe' - All subshaders removed
WARNING: Shader Did you use #pragma only_renderers and omit this platform?
WARNING: Shader If subshaders removal was intentional, you may have forgotten turning Fallback off?
Shader Hidden/ChartRasterizerHardware is not supported: GPU does not support conservative rasterization
Unloading 24 Unused Serialized files (Serialized files now loaded: 0)
Unloading 6431 unused Assets / (4.8 MB). Loaded Objects now: 7324.
Memory consumption went from 186.0 MB to 181.2 MB.
Total: 5.260500 ms (FindLiveObjects: 0.267417 ms CreateObjectMapping: 0.969250 ms MarkObjects: 3.147083 ms  DeleteObjects: 0.876500 ms)

Prepare: number of updated asset objects reloaded= 0
========================================================================
Received Import Request.
  Time of request: 2026-10-09T03:48:07.793661Z
  Time since last request: 2.663395583 seconds.
  importAddress: GUID: b11c18394933342b7bb74eff32f73780 - Path: Assets/Scripts/SumoCameraRoatte.cs - Importer: PreviewImporter
Importing 'GUID: b11c18394933342b7bb74eff32f73780 - Path: Assets/Scripts/SumoCameraRoatte.cs - Importer: PreviewImporter' with importer (PreviewImporter)
Imported 'GUID: b11c18394933342b7bb74eff32f73780' -> (Import Result ID: '6300ff60e258886eb7629a5942b8aa2d') in 0.000 seconds [static and dynamic dependencies]. Details - ImportResultOutputID=5bd9cb970177e34018914947e5b34348 DependenciesID=5839f06a3be5d5619abc70ea8ea04957 StaticDependenciesID=70b3bb1371f982c8be6ec07ccb1224e8 
Number of updated asset objects reloaded before import = 0
Number of asset objects unloaded after import = 0
========================================================================
Received Prepare
AcceleratorClientConnectionCallback - disconnected - :0
WARNING: Shader Unsupported: 'Universal Render Pipeline/VR/SpatialMapping/Wireframe' - All subshaders removed
WARNING: Shader Did you use #pragma only_renderers and omit this platform?
WARNING: Shader If subshaders removal was intentional, you may have forgotten turning Fallback off?
Shader Hidden/ChartRasterizerHardware is not supported: GPU does not support conservative rasterization
Unloading 24 Unused Serialized files (Serialized files now loaded: 0)
Unloading 6420 unused Assets / (4.8 MB). Loaded Objects now: 7324.
Memory consumption went from 176.6 MB to 171.9 MB.
Total: 5.492000 ms (FindLiveObjects: 0.294291 ms CreateObjectMapping: 1.078459 ms MarkObjects: 3.159500 ms  DeleteObjects: 0.959709 ms)

Prepare: number of updated asset objects reloaded= 0
========================================================================
Received Import Request.
  Time of request: 2026-10-09T03:48:15.468322Z
  Time since last request: 7.666413167 seconds.
  importAddress: GUID: b11c18394933342b7bb74eff32f73780 - Path: Assets/Scripts/SumoCameraRotate.cs - Importer: PreviewImporter
Importing 'GUID: b11c18394933342b7bb74eff32f73780 - Path: Assets/Scripts/SumoCameraRotate.cs - Importer: PreviewImporter' with importer (PreviewImporter)
Imported 'GUID: b11c18394933342b7bb74eff32f73780' -> (Import Result ID: 'b77fa42c7d5642c170c5babc0a3882eb') in 0.000 seconds [static and dynamic dependencies]. Details - ImportResultOutputID=5bd9cb970177e34018914947e5b34348 DependenciesID=518f99957b2ffe7b1d2639db2a3386fa StaticDependenciesID=31f0846b34b82c148dfdce0b411c71d8 
Number of updated asset objects reloaded before import = 0
Number of asset objects unloaded after import = 0
========================================================================
Received Import Request.
  Time of request: 2026-10-09T03:48:15.488612Z
  Time since last request: 0.012442875 seconds.
  importAddress: GUID: b11c18394933342b7bb74eff32f73780 - Path: Assets/Scripts/SumoCameraRotate.cs - Importer: PreviewImporter
Importing 'GUID: b11c18394933342b7bb74eff32f73780 - Path: Assets/Scripts/SumoCameraRotate.cs - Importer: PreviewImporter' with importer (PreviewImporter)
Imported 'GUID: b11c18394933342b7bb74eff32f73780' -> (Import Result ID: 'b77fa42c7d5642c170c5babc0a3882eb') in 0.000 seconds [static and dynamic dependencies]. Details - ImportResultOutputID=5bd9cb970177e34018914947e5b34348 DependenciesID=518f99957b2ffe7b1d2639db2a3386fa StaticDependenciesID=31f0846b34b82c148dfdce0b411c71d8 
Number of updated asset objects reloaded before import = 0
Number of asset objects unloaded after import = 0
========================================================================
Received Import Request.
  Time of request: 2026-10-09T03:48:15.496951Z
  Time since last request: 0.000431208 seconds.
  importAddress: GUID: b11c18394933342b7bb74eff32f73780 - Path: Assets/Scripts/SumoCameraRotate.cs - Importer: PreviewImporter
Importing 'GUID: b11c18394933342b7bb74eff32f73780 - Path: Assets/Scripts/SumoCameraRotate.cs - Importer: PreviewImporter' with importer (PreviewImporter)
Imported 'GUID: b11c18394933342b7bb74eff32f73780' -> (Import Result ID: 'b77fa42c7d5642c170c5babc0a3882eb') in 0.000 seconds [static and dynamic dependencies]. Details - ImportResultOutputID=5bd9cb970177e34018914947e5b34348 DependenciesID=518f99957b2ffe7b1d2639db2a3386fa StaticDependenciesID=31f0846b34b82c148dfdce0b411c71d8 
Number of updated asset objects reloaded before import = 0
Number of asset objects unloaded after import = 0
========================================================================
Received Import Request.
  Time of request: 2026-10-09T03:48:15.505025Z
  Time since last request: 0.000625958 seconds.
  importAddress: GUID: b11c18394933342b7bb74eff32f73780 - Path: Assets/Scripts/SumoCameraRotate.cs - Importer: PreviewImporter
Importing 'GUID: b11c18394933342b7bb74eff32f73780 - Path: Assets/Scripts/SumoCameraRotate.cs - Importer: PreviewImporter' with importer (PreviewImporter)
Imported 'GUID: b11c18394933342b7bb74eff32f73780' -> (Import Result ID: 'b77fa42c7d5642c170c5babc0a3882eb') in 0.000 seconds [static and dynamic dependencies]. Details - ImportResultOutputID=5bd9cb970177e34018914947e5b34348 DependenciesID=518f99957b2ffe7b1d2639db2a3386fa StaticDependenciesID=31f0846b34b82c148dfdce0b411c71d8 
Number of updated asset objects reloaded before import = 0
Number of asset objects unloaded after import = 0
========================================================================
Received Import Request.
  Time of request: 2026-10-09T03:48:15.513211Z
  Time since last request: 0.000321375 seconds.
  importAddress: GUID: b11c18394933342b7bb74eff32f73780 - Path: Assets/Scripts/SumoCameraRotate.cs - Importer: PreviewImporter
Importing 'GUID: b11c18394933342b7bb74eff32f73780 - Path: Assets/Scripts/SumoCameraRotate.cs - Importer: PreviewImporter' with importer (PreviewImporter)
Imported 'GUID: b11c18394933342b7bb74eff32f73780' -> (Import Result ID: 'b77fa42c7d5642c170c5babc0a3882eb') in 0.000 seconds [static and dynamic dependencies]. Details - ImportResultOutputID=5bd9cb970177e34018914947e5b34348 DependenciesID=518f99957b2ffe7b1d2639db2a3386fa StaticDependenciesID=31f0846b34b82c148dfdce0b411c71d8 
Number of updated asset objects reloaded before import = 0
Number of asset objects unloaded after import = 0
========================================================================
Received Import Request.
  Time of request: 2026-10-09T03:48:15.521382Z
  Time since last request: 0.001172542 seconds.
  importAddress: GUID: b11c18394933342b7bb74eff32f73780 - Path: Assets/Scripts/SumoCameraRotate.cs - Importer: PreviewImporter
Importing 'GUID: b11c18394933342b7bb74eff32f73780 - Path: Assets/Scripts/SumoCameraRotate.cs - Importer: PreviewImporter' with importer (PreviewImporter)
Imported 'GUID: b11c18394933342b7bb74eff32f73780' -> (Import Result ID: 'b77fa42c7d5642c170c5babc0a3882eb') in 0.000 seconds [static and dynamic dependencies]. Details - ImportResultOutputID=5bd9cb970177e34018914947e5b34348 DependenciesID=518f99957b2ffe7b1d2639db2a3386fa StaticDependenciesID=31f0846b34b82c148dfdce0b411c71d8 
Number of updated asset objects reloaded before import = 0
Number of asset objects unloaded after import = 0
========================================================================
Received Import Request.
  Time of request: 2026-10-09T03:48:15.529421Z
  Time since last request: 0.001148417 seconds.
  importAddress: GUID: b11c18394933342b7bb74eff32f73780 - Path: Assets/Scripts/SumoCameraRotate.cs - Importer: PreviewImporter
Importing 'GUID: b11c18394933342b7bb74eff32f73780 - Path: Assets/Scripts/SumoCameraRotate.cs - Importer: PreviewImporter' with importer (PreviewImporter)
Imported 'GUID: b11c18394933342b7bb74eff32f73780' -> (Import Result ID: 'b77fa42c7d5642c170c5babc0a3882eb') in 0.000 seconds [static and dynamic dependencies]. Details - ImportResultOutputID=5bd9cb970177e34018914947e5b34348 DependenciesID=518f99957b2ffe7b1d2639db2a3386fa StaticDependenciesID=31f0846b34b82c148dfdce0b411c71d8 
Number of updated asset objects reloaded before import = 0
Number of asset objects unloaded after import = 0
========================================================================
Received Import Request.
  Time of request: 2026-10-09T03:48:15.537594Z
  Time since last request: 0.000961625 seconds.
  importAddress: GUID: b11c18394933342b7bb74eff32f73780 - Path: Assets/Scripts/SumoCameraRotate.cs - Importer: PreviewImporter
Importing 'GUID: b11c18394933342b7bb74eff32f73780 - Path: Assets/Scripts/SumoCameraRotate.cs - Importer: PreviewImporter' with importer (PreviewImporter)
Imported 'GUID: b11c18394933342b7bb74eff32f73780' -> (Import Result ID: 'b77fa42c7d5642c170c5babc0a3882eb') in 0.000 seconds [static and dynamic dependencies]. Details - ImportResultOutputID=5bd9cb970177e34018914947e5b34348 DependenciesID=518f99957b2ffe7b1d2639db2a3386fa StaticDependenciesID=31f0846b34b82c148dfdce0b411c71d8 
Number of updated asset objects reloaded before import = 0
Number of asset objects unloaded after import = 0
========================================================================
Received Import Request.
  Time of request: 2026-10-09T03:48:15.545634Z
  Time since last request: 0.0010845 seconds.
  importAddress: GUID: b11c18394933342b7bb74eff32f73780 - Path: Assets/Scripts/SumoCameraRotate.cs - Importer: PreviewImporter
Importing 'GUID: b11c18394933342b7bb74eff32f73780 - Path: Assets/Scripts/SumoCameraRotate.cs - Importer: PreviewImporter' with importer (PreviewImporter)
Imported 'GUID: b11c18394933342b7bb74eff32f73780' -> (Import Result ID: 'b77fa42c7d5642c170c5babc0a3882eb') in 0.000 seconds [static and dynamic dependencies]. Details - ImportResultOutputID=5bd9cb970177e34018914947e5b34348 DependenciesID=518f99957b2ffe7b1d2639db2a3386fa StaticDependenciesID=31f0846b34b82c148dfdce0b411c71d8 
Number of updated asset objects reloaded before import = 0
Number of asset objects unloaded after import = 0
========================================================================
Received Import Request.
  Time of request: 2026-10-09T03:48:15.553657Z
  Time since last request: 0.001117 seconds.
  importAddress: GUID: b11c18394933342b7bb74eff32f73780 - Path: Assets/Scripts/SumoCameraRotate.cs - Importer: PreviewImporter
Importing 'GUID: b11c18394933342b7bb74eff32f73780 - Path: Assets/Scripts/SumoCameraRotate.cs - Importer: PreviewImporter' with importer (PreviewImporter)
Imported 'GUID: b11c18394933342b7bb74eff32f73780' -> (Import Result ID: 'b77fa42c7d5642c170c5babc0a3882eb') in 0.000 seconds [static and dynamic dependencies]. Details - ImportResultOutputID=5bd9cb970177e34018914947e5b34348 DependenciesID=518f99957b2ffe7b1d2639db2a3386fa StaticDependenciesID=31f0846b34b82c148dfdce0b411c71d8 
Number of updated asset objects reloaded before import = 0
Number of asset objects unloaded after import = 0
========================================================================
Received Import Request.
  Time of request: 2026-10-09T03:48:15.561765Z
  Time since last request: 0.001345583 seconds.
  importAddress: GUID: b11c18394933342b7bb74eff32f73780 - Path: Assets/Scripts/SumoCameraRotate.cs - Importer: PreviewImporter
Importing 'GUID: b11c18394933342b7bb74eff32f73780 - Path: Assets/Scripts/SumoCameraRotate.cs - Importer: PreviewImporter' with importer (PreviewImporter)
Imported 'GUID: b11c18394933342b7bb74eff32f73780' -> (Import Result ID: 'b77fa42c7d5642c170c5babc0a3882eb') in 0.000 seconds [static and dynamic dependencies]. Details - ImportResultOutputID=5bd9cb970177e34018914947e5b34348 DependenciesID=518f99957b2ffe7b1d2639db2a3386fa StaticDependenciesID=31f0846b34b82c148dfdce0b411c71d8 
Number of updated asset objects reloaded before import = 0
Number of asset objects unloaded after import = 0
========================================================================
Received Import Request.
  Time of request: 2026-10-09T03:48:15.569832Z
  Time since last request: 0.000430834 seconds.
  importAddress: GUID: b11c18394933342b7bb74eff32f73780 - Path: Assets/Scripts/SumoCameraRotate.cs - Importer: PreviewImporter
Importing 'GUID: b11c18394933342b7bb74eff32f73780 - Path: Assets/Scripts/SumoCameraRotate.cs - Importer: PreviewImporter' with importer (PreviewImporter)
Imported 'GUID: b11c18394933342b7bb74eff32f73780' -> (Import Result ID: 'b77fa42c7d5642c170c5babc0a3882eb') in 0.000 seconds [static and dynamic dependencies]. Details - ImportResultOutputID=5bd9cb970177e34018914947e5b34348 DependenciesID=518f99957b2ffe7b1d2639db2a3386fa StaticDependenciesID=31f0846b34b82c148dfdce0b411c71d8 
Number of updated asset objects reloaded before import = 0
Number of asset objects unloaded after import = 0
========================================================================
Received Import Request.
  Time of request: 2026-10-09T03:48:15.577987Z
  Time since last request: 0.001142167 seconds.
  importAddress: GUID: b11c18394933342b7bb74eff32f73780 - Path: Assets/Scripts/SumoCameraRotate.cs - Importer: PreviewImporter
Importing 'GUID: b11c18394933342b7bb74eff32f73780 - Path: Assets/Scripts/SumoCameraRotate.cs - Importer: PreviewImporter' with importer (PreviewImporter)
Imported 'GUID: b11c18394933342b7bb74eff32f73780' -> (Import Result ID: 'b77fa42c7d5642c170c5babc0a3882eb') in 0.000 seconds [static and dynamic dependencies]. Details - ImportResultOutputID=5bd9cb970177e34018914947e5b34348 DependenciesID=518f99957b2ffe7b1d2639db2a3386fa StaticDependenciesID=31f0846b34b82c148dfdce0b411c71d8 
Number of updated asset objects reloaded before import = 0
Number of asset objects unloaded after import = 0
========================================================================
Received Import Request.
  Time of request: 2026-10-09T03:48:15.586127Z
  Time since last request: 0.000379875 seconds.
  importAddress: GUID: b11c18394933342b7bb74eff32f73780 - Path: Assets/Scripts/SumoCameraRotate.cs - Importer: PreviewImporter
Importing 'GUID: b11c18394933342b7bb74eff32f73780 - Path: Assets/Scripts/SumoCameraRotate.cs - Importer: PreviewImporter' with importer (PreviewImporter)
Imported 'GUID: b11c18394933342b7bb74eff32f73780' -> (Import Result ID: 'b77fa42c7d5642c170c5babc0a3882eb') in 0.000 seconds [static and dynamic dependencies]. Details - ImportResultOutputID=5bd9cb970177e34018914947e5b34348 DependenciesID=518f99957b2ffe7b1d2639db2a3386fa StaticDependenciesID=31f0846b34b82c148dfdce0b411c71d8 
Number of updated asset objects reloaded before import = 0
Number of asset objects unloaded after import = 0
========================================================================
Received Import Request.
  Time of request: 2026-10-09T03:48:15.594203Z
  Time since last request: 0.000761542 seconds.
  importAddress: GUID: b11c18394933342b7bb74eff32f73780 - Path: Assets/Scripts/SumoCameraRotate.cs - Importer: PreviewImporter
Importing 'GUID: b11c18394933342b7bb74eff32f73780 - Path: Assets/Scripts/SumoCameraRotate.cs - Importer: PreviewImporter' with importer (PreviewImporter)
Imported 'GUID: b11c18394933342b7bb74eff32f73780' -> (Import Result ID: 'b77fa42c7d5642c170c5babc0a3882eb') in 0.000 seconds [static and dynamic dependencies]. Details - ImportResultOutputID=5bd9cb970177e34018914947e5b34348 DependenciesID=518f99957b2ffe7b1d2639db2a3386fa StaticDependenciesID=31f0846b34b82c148dfdce0b411c71d8 
Number of updated asset objects reloaded before import = 0
Number of asset objects unloaded after import = 0
========================================================================
Received Import Request.
  Time of request: 2026-10-09T03:48:15.602289Z
  Time since last request: 0.000246458 seconds.
  importAddress: GUID: b11c18394933342b7bb74eff32f73780 - Path: Assets/Scripts/SumoCameraRotate.cs - Importer: PreviewImporter
Importing 'GUID: b11c18394933342b7bb74eff32f73780 - Path: Assets/Scripts/SumoCameraRotate.cs - Importer: PreviewImporter' with importer (PreviewImporter)
Imported 'GUID: b11c18394933342b7bb74eff32f73780' -> (Import Result ID: 'b77fa42c7d5642c170c5babc0a3882eb') in 0.000 seconds [static and dynamic dependencies]. Details - ImportResultOutputID=5bd9cb970177e34018914947e5b34348 DependenciesID=518f99957b2ffe7b1d2639db2a3386fa StaticDependenciesID=31f0846b34b82c148dfdce0b411c71d8 
Number of updated asset objects reloaded before import = 0
Number of asset objects unloaded after import = 0
========================================================================
Received Import Request.
  Time of request: 2026-10-09T03:48:15.610375Z
  Time since last request: 0.000528625 seconds.
  importAddress: GUID: b11c18394933342b7bb74eff32f73780 - Path: Assets/Scripts/SumoCameraRotate.cs - Importer: PreviewImporter
Importing 'GUID: b11c18394933342b7bb74eff32f73780 - Path: Assets/Scripts/SumoCameraRotate.cs - Importer: PreviewImporter' with importer (PreviewImporter)
Imported 'GUID: b11c18394933342b7bb74eff32f73780' -> (Import Result ID: 'b77fa42c7d5642c170c5babc0a3882eb') in 0.000 seconds [static and dynamic dependencies]. Details - ImportResultOutputID=5bd9cb970177e34018914947e5b34348 DependenciesID=518f99957b2ffe7b1d2639db2a3386fa StaticDependenciesID=31f0846b34b82c148dfdce0b411c71d8 
Number of updated asset objects reloaded before import = 0
Number of asset objects unloaded after import = 0
========================================================================
Received Import Request.
  Time of request: 2026-10-09T03:48:15.618718Z
  Time since last request: 0.001103417 seconds.
  importAddress: GUID: b11c18394933342b7bb74eff32f73780 - Path: Assets/Scripts/SumoCameraRotate.cs - Importer: PreviewImporter
Importing 'GUID: b11c18394933342b7bb74eff32f73780 - Path: Assets/Scripts/SumoCameraRotate.cs - Importer: PreviewImporter' with importer (PreviewImporter)
Imported 'GUID: b11c18394933342b7bb74eff32f73780' -> (Import Result ID: 'b77fa42c7d5642c170c5babc0a3882eb') in 0.000 seconds [static and dynamic dependencies]. Details - ImportResultOutputID=5bd9cb970177e34018914947e5b34348 DependenciesID=518f99957b2ffe7b1d2639db2a3386fa StaticDependenciesID=31f0846b34b82c148dfdce0b411c71d8 
Number of updated asset objects reloaded before import = 0
Number of asset objects unloaded after import = 0
========================================================================
Received Import Request.
  Time of request: 2026-10-09T03:48:15.630567Z
  Time since last request: 0.004216375 seconds.
  importAddress: GUID: b11c18394933342b7bb74eff32f73780 - Path: Assets/Scripts/SumoCameraRotate.cs - Importer: PreviewImporter
Importing 'GUID: b11c18394933342b7bb74eff32f73780 - Path: Assets/Scripts/SumoCameraRotate.cs - Importer: PreviewImporter' with importer (PreviewImporter)
Imported 'GUID: b11c18394933342b7bb74eff32f73780' -> (Import Result ID: 'b77fa42c7d5642c170c5babc0a3882eb') in 0.000 seconds [static and dynamic dependencies]. Details - ImportResultOutputID=5bd9cb970177e34018914947e5b34348 DependenciesID=518f99957b2ffe7b1d2639db2a3386fa StaticDependenciesID=31f0846b34b82c148dfdce0b411c71d8 
Number of updated asset objects reloaded before import = 0
Number of asset objects unloaded after import = 0
========================================================================
Received Import Request.
  Time of request: 2026-10-09T03:48:15.638474Z
  Time since last request: 0.000831959 seconds.
  importAddress: GUID: b11c18394933342b7bb74eff32f73780 - Path: Assets/Scripts/SumoCameraRotate.cs - Importer: PreviewImporter
Importing 'GUID: b11c18394933342b7bb74eff32f73780 - Path: Assets/Scripts/SumoCameraRotate.cs - Importer: PreviewImporter' with importer (PreviewImporter)
Imported 'GUID: b11c18394933342b7bb74eff32f73780' -> (Import Result ID: 'b77fa42c7d5642c170c5babc0a3882eb') in 0.000 seconds [static and dynamic dependencies]. Details - ImportResultOutputID=5bd9cb970177e34018914947e5b34348 DependenciesID=518f99957b2ffe7b1d2639db2a3386fa StaticDependenciesID=31f0846b34b82c148dfdce0b411c71d8 
Number of updated asset objects reloaded before import = 0
Number of asset objects unloaded after import = 0
========================================================================
Received Import Request.
  Time of request: 2026-10-09T03:48:15.646701Z
  Time since last request: 0.001537625 seconds.
  importAddress: GUID: b11c18394933342b7bb74eff32f73780 - Path: Assets/Scripts/SumoCameraRotate.cs - Importer: PreviewImporter
Importing 'GUID: b11c18394933342b7bb74eff32f73780 - Path: Assets/Scripts/SumoCameraRotate.cs - Importer: PreviewImporter' with importer (PreviewImporter)
Imported 'GUID: b11c18394933342b7bb74eff32f73780' -> (Import Result ID: 'b77fa42c7d5642c170c5babc0a3882eb') in 0.000 seconds [static and dynamic dependencies]. Details - ImportResultOutputID=5bd9cb970177e34018914947e5b34348 DependenciesID=518f99957b2ffe7b1d2639db2a3386fa StaticDependenciesID=31f0846b34b82c148dfdce0b411c71d8 
Number of updated asset objects reloaded before import = 0
Number of asset objects unloaded after import = 0
========================================================================
Received Import Request.
  Time of request: 2026-10-09T03:48:15.654795Z
  Time since last request: 0.000890792 seconds.
  importAddress: GUID: b11c18394933342b7bb74eff32f73780 - Path: Assets/Scripts/SumoCameraRotate.cs - Importer: PreviewImporter
Importing 'GUID: b11c18394933342b7bb74eff32f73780 - Path: Assets/Scripts/SumoCameraRotate.cs - Importer: PreviewImporter' with importer (PreviewImporter)
Imported 'GUID: b11c18394933342b7bb74eff32f73780' -> (Import Result ID: 'b77fa42c7d5642c170c5babc0a3882eb') in 0.000 seconds [static and dynamic dependencies]. Details - ImportResultOutputID=5bd9cb970177e34018914947e5b34348 DependenciesID=518f99957b2ffe7b1d2639db2a3386fa StaticDependenciesID=31f0846b34b82c148dfdce0b411c71d8 
Number of updated asset objects reloaded before import = 0
Number of asset objects unloaded after import = 0
========================================================================
Received Import Request.
  Time of request: 2026-10-09T03:48:15.662908Z
  Time since last request: 0.001695833 seconds.
  importAddress: GUID: b11c18394933342b7bb74eff32f73780 - Path: Assets/Scripts/SumoCameraRotate.cs - Importer: PreviewImporter
Importing 'GUID: b11c18394933342b7bb74eff32f73780 - Path: Assets/Scripts/SumoCameraRotate.cs - Importer: PreviewImporter' with importer (PreviewImporter)
Imported 'GUID: b11c18394933342b7bb74eff32f73780' -> (Import Result ID: 'b77fa42c7d5642c170c5babc0a3882eb') in 0.000 seconds [static and dynamic dependencies]. Details - ImportResultOutputID=5bd9cb970177e34018914947e5b34348 DependenciesID=518f99957b2ffe7b1d2639db2a3386fa StaticDependenciesID=31f0846b34b82c148dfdce0b411c71d8 
Number of updated asset objects reloaded before import = 0
Number of asset objects unloaded after import = 0
========================================================================
Received Import Request.
  Time of request: 2026-10-09T03:48:15.671086Z
  Time since last request: 0.00152475 seconds.
  importAddress: GUID: b11c18394933342b7bb74eff32f73780 - Path: Assets/Scripts/SumoCameraRotate.cs - Importer: PreviewImporter
Importing 'GUID: b11c18394933342b7bb74eff32f73780 - Path: Assets/Scripts/SumoCameraRotate.cs - Importer: PreviewImporter' with importer (PreviewImporter)
Imported 'GUID: b11c18394933342b7bb74eff32f73780' -> (Import Result ID: 'b77fa42c7d5642c170c5babc0a3882eb') in 0.000 seconds [static and dynamic dependencies]. Details - ImportResultOutputID=5bd9cb970177e34018914947e5b34348 DependenciesID=518f99957b2ffe7b1d2639db2a3386fa StaticDependenciesID=31f0846b34b82c148dfdce0b411c71d8 
Number of updated asset objects reloaded before import = 0
Number of asset objects unloaded after import = 0
========================================================================
Received Import Request.
  Time of request: 2026-10-09T03:48:15.679167Z
  Time since last request: 0.000237583 seconds.
  importAddress: GUID: b11c18394933342b7bb74eff32f73780 - Path: Assets/Scripts/SumoCameraRotate.cs - Importer: PreviewImporter
Importing 'GUID: b11c18394933342b7bb74eff32f73780 - Path: Assets/Scripts/SumoCameraRotate.cs - Importer: PreviewImporter' with importer (PreviewImporter)
Imported 'GUID: b11c18394933342b7bb74eff32f73780' -> (Import Result ID: 'b77fa42c7d5642c170c5babc0a3882eb') in 0.000 seconds [static and dynamic dependencies]. Details - ImportResultOutputID=5bd9cb970177e34018914947e5b34348 DependenciesID=518f99957b2ffe7b1d2639db2a3386fa StaticDependenciesID=31f0846b34b82c148dfdce0b411c71d8 
Number of updated asset objects reloaded before import = 0
Number of asset objects unloaded after import = 0
========================================================================
Received Import Request.
  Time of request: 2026-10-09T03:48:15.687251Z
  Time since last request: 0.000634791 seconds.
  importAddress: GUID: b11c18394933342b7bb74eff32f73780 - Path: Assets/Scripts/SumoCameraRotate.cs - Importer: PreviewImporter
Importing 'GUID: b11c18394933342b7bb74eff32f73780 - Path: Assets/Scripts/SumoCameraRotate.cs - Importer: PreviewImporter' with importer (PreviewImporter)
Imported 'GUID: b11c18394933342b7bb74eff32f73780' -> (Import Result ID: 'b77fa42c7d5642c170c5babc0a3882eb') in 0.000 seconds [static and dynamic dependencies]. Details - ImportResultOutputID=5bd9cb970177e34018914947e5b34348 DependenciesID=518f99957b2ffe7b1d2639db2a3386fa StaticDependenciesID=31f0846b34b82c148dfdce0b411c71d8 
Number of updated asset objects reloaded before import = 0
Number of asset objects unloaded after import = 0
========================================================================
Received Import Request.
  Time of request: 2026-10-09T03:48:15.695247Z
  Time since last request: 0.000525208 seconds.
  importAddress: GUID: b11c18394933342b7bb74eff32f73780 - Path: Assets/Scripts/SumoCameraRotate.cs - Importer: PreviewImporter
Importing 'GUID: b11c18394933342b7bb74eff32f73780 - Path: Assets/Scripts/SumoCameraRotate.cs - Importer: PreviewImporter' with importer (PreviewImporter)
Imported 'GUID: b11c18394933342b7bb74eff32f73780' -> (Import Result ID: 'b77fa42c7d5642c170c5babc0a3882eb') in 0.000 seconds [static and dynamic dependencies]. Details - ImportResultOutputID=5bd9cb970177e34018914947e5b34348 DependenciesID=518f99957b2ffe7b1d2639db2a3386fa StaticDependenciesID=31f0846b34b82c148dfdce0b411c71d8 
Number of updated asset objects reloaded before import = 0
Number of asset objects unloaded after import = 0
========================================================================
Received Import Request.
  Time of request: 2026-10-09T03:48:15.703371Z
  Time since last request: 0.000403 seconds.
  importAddress: GUID: b11c18394933342b7bb74eff32f73780 - Path: Assets/Scripts/SumoCameraRotate.cs - Importer: PreviewImporter
Importing 'GUID: b11c18394933342b7bb74eff32f73780 - Path: Assets/Scripts/SumoCameraRotate.cs - Importer: PreviewImporter' with importer (PreviewImporter)
Imported 'GUID: b11c18394933342b7bb74eff32f73780' -> (Import Result ID: 'b77fa42c7d5642c170c5babc0a3882eb') in 0.000 seconds [static and dynamic dependencies]. Details - ImportResultOutputID=5bd9cb970177e34018914947e5b34348 DependenciesID=518f99957b2ffe7b1d2639db2a3386fa StaticDependenciesID=31f0846b34b82c148dfdce0b411c71d8 
Number of updated asset objects reloaded before import = 0
Number of asset objects unloaded after import = 0
========================================================================
Received Import Request.
  Time of request: 2026-10-09T03:48:15.711571Z
  Time since last request: 0.000731291 seconds.
  importAddress: GUID: b11c18394933342b7bb74eff32f73780 - Path: Assets/Scripts/SumoCameraRotate.cs - Importer: PreviewImporter
Importing 'GUID: b11c18394933342b7bb74eff32f73780 - Path: Assets/Scripts/SumoCameraRotate.cs - Importer: PreviewImporter' with importer (PreviewImporter)
Imported 'GUID: b11c18394933342b7bb74eff32f73780' -> (Import Result ID: 'b77fa42c7d5642c170c5babc0a3882eb') in 0.000 seconds [static and dynamic dependencies]. Details - ImportResultOutputID=5bd9cb970177e34018914947e5b34348 DependenciesID=518f99957b2ffe7b1d2639db2a3386fa StaticDependenciesID=31f0846b34b82c148dfdce0b411c71d8 
Number of updated asset objects reloaded before import = 0
Number of asset objects unloaded after import = 0
========================================================================
Received Import Request.
  Time of request: 2026-10-09T03:48:15.719931Z
  Time since last request: 0.000468292 seconds.
  importAddress: GUID: b11c18394933342b7bb74eff32f73780 - Path: Assets/Scripts/SumoCameraRotate.cs - Importer: PreviewImporter
Importing 'GUID: b11c18394933342b7bb74eff32f73780 - Path: Assets/Scripts/SumoCameraRotate.cs - Importer: PreviewImporter' with importer (PreviewImporter)
Imported 'GUID: b11c18394933342b7bb74eff32f73780' -> (Import Result ID: 'b77fa42c7d5642c170c5babc0a3882eb') in 0.000 seconds [static and dynamic dependencies]. Details - ImportResultOutputID=5bd9cb970177e34018914947e5b34348 DependenciesID=518f99957b2ffe7b1d2639db2a3386fa StaticDependenciesID=31f0846b34b82c148dfdce0b411c71d8 
Number of updated asset objects reloaded before import = 0
Number of asset objects unloaded after import = 0
========================================================================
Received Import Request.
  Time of request: 2026-10-09T03:48:15.728522Z
  Time since last request: 0.00098825 seconds.
  importAddress: GUID: b11c18394933342b7bb74eff32f73780 - Path: Assets/Scripts/SumoCameraRotate.cs - Importer: PreviewImporter
Importing 'GUID: b11c18394933342b7bb74eff32f73780 - Path: Assets/Scripts/SumoCameraRotate.cs - Importer: PreviewImporter' with importer (PreviewImporter)
Imported 'GUID: b11c18394933342b7bb74eff32f73780' -> (Import Result ID: 'b77fa42c7d5642c170c5babc0a3882eb') in 0.000 seconds [static and dynamic dependencies]. Details - ImportResultOutputID=5bd9cb970177e34018914947e5b34348 DependenciesID=518f99957b2ffe7b1d2639db2a3386fa StaticDependenciesID=31f0846b34b82c148dfdce0b411c71d8 
Number of updated asset objects reloaded before import = 0
Number of asset objects unloaded after import = 0
========================================================================
Received Import Request.
  Time of request: 2026-10-09T03:48:15.737515Z
  Time since last request: 0.001415541 seconds.
  importAddress: GUID: b11c18394933342b7bb74eff32f73780 - Path: Assets/Scripts/SumoCameraRotate.cs - Importer: PreviewImporter
Importing 'GUID: b11c18394933342b7bb74eff32f73780 - Path: Assets/Scripts/SumoCameraRotate.cs - Importer: PreviewImporter' with importer (PreviewImporter)
Imported 'GUID: b11c18394933342b7bb74eff32f73780' -> (Import Result ID: 'b77fa42c7d5642c170c5babc0a3882eb') in 0.000 seconds [static and dynamic dependencies]. Details - ImportResultOutputID=5bd9cb970177e34018914947e5b34348 DependenciesID=518f99957b2ffe7b1d2639db2a3386fa StaticDependenciesID=31f0846b34b82c148dfdce0b411c71d8 
Number of updated asset objects reloaded before import = 0
Number of asset objects unloaded after import = 0
========================================================================
Received Import Request.
  Time of request: 2026-10-09T03:48:15.745783Z
  Time since last request: 0.000697292 seconds.
  importAddress: GUID: b11c18394933342b7bb74eff32f73780 - Path: Assets/Scripts/SumoCameraRotate.cs - Importer: PreviewImporter
Importing 'GUID: b11c18394933342b7bb74eff32f73780 - Path: Assets/Scripts/SumoCameraRotate.cs - Importer: PreviewImporter' with importer (PreviewImporter)
Imported 'GUID: b11c18394933342b7bb74eff32f73780' -> (Import Result ID: 'b77fa42c7d5642c170c5babc0a3882eb') in 0.000 seconds [static and dynamic dependencies]. Details - ImportResultOutputID=5bd9cb970177e34018914947e5b34348 DependenciesID=518f99957b2ffe7b1d2639db2a3386fa StaticDependenciesID=31f0846b34b82c148dfdce0b411c71d8 
Number of updated asset objects reloaded before import = 0
Number of asset objects unloaded after import = 0
========================================================================
Received Import Request.
  Time of request: 2026-10-09T03:48:15.753923Z
  Time since last request: 0.000411084 seconds.
  importAddress: GUID: b11c18394933342b7bb74eff32f73780 - Path: Assets/Scripts/SumoCameraRotate.cs - Importer: PreviewImporter
Importing 'GUID: b11c18394933342b7bb74eff32f73780 - Path: Assets/Scripts/SumoCameraRotate.cs - Importer: PreviewImporter' with importer (PreviewImporter)
Imported 'GUID: b11c18394933342b7bb74eff32f73780' -> (Import Result ID: 'b77fa42c7d5642c170c5babc0a3882eb') in 0.000 seconds [static and dynamic dependencies]. Details - ImportResultOutputID=5bd9cb970177e34018914947e5b34348 DependenciesID=518f99957b2ffe7b1d2639db2a3386fa StaticDependenciesID=31f0846b34b82c148dfdce0b411c71d8 
Number of updated asset objects reloaded before import = 0
Number of asset objects unloaded after import = 0
========================================================================
Received Import Request.
  Time of request: 2026-10-09T03:48:15.762589Z
  Time since last request: 0.001108417 seconds.
  importAddress: GUID: b11c18394933342b7bb74eff32f73780 - Path: Assets/Scripts/SumoCameraRotate.cs - Importer: PreviewImporter
Importing 'GUID: b11c18394933342b7bb74eff32f73780 - Path: Assets/Scripts/SumoCameraRotate.cs - Importer: PreviewImporter' with importer (PreviewImporter)
Imported 'GUID: b11c18394933342b7bb74eff32f73780' -> (Import Result ID: 'b77fa42c7d5642c170c5babc0a3882eb') in 0.000 seconds [static and dynamic dependencies]. Details - ImportResultOutputID=5bd9cb970177e34018914947e5b34348 DependenciesID=518f99957b2ffe7b1d2639db2a3386fa StaticDependenciesID=31f0846b34b82c148dfdce0b411c71d8 
Number of updated asset objects reloaded before import = 0
Number of asset objects unloaded after import = 0
========================================================================
Received Import Request.
  Time of request: 2026-10-09T03:48:15.770469Z
  Time since last request: 0.000733416 seconds.
  importAddress: GUID: b11c18394933342b7bb74eff32f73780 - Path: Assets/Scripts/SumoCameraRotate.cs - Importer: PreviewImporter
Importing 'GUID: b11c18394933342b7bb74eff32f73780 - Path: Assets/Scripts/SumoCameraRotate.cs - Importer: PreviewImporter' with importer (PreviewImporter)
Imported 'GUID: b11c18394933342b7bb74eff32f73780' -> (Import Result ID: 'b77fa42c7d5642c170c5babc0a3882eb') in 0.000 seconds [static and dynamic dependencies]. Details - ImportResultOutputID=5bd9cb970177e34018914947e5b34348 DependenciesID=518f99957b2ffe7b1d2639db2a3386fa StaticDependenciesID=31f0846b34b82c148dfdce0b411c71d8 
Number of updated asset objects reloaded before import = 0
Number of asset objects unloaded after import = 0
========================================================================
Received Import Request.
  Time of request: 2026-10-09T03:48:15.778592Z
  Time since last request: 0.000842583 seconds.
  importAddress: GUID: b11c18394933342b7bb74eff32f73780 - Path: Assets/Scripts/SumoCameraRotate.cs - Importer: PreviewImporter
Importing 'GUID: b11c18394933342b7bb74eff32f73780 - Path: Assets/Scripts/SumoCameraRotate.cs - Importer: PreviewImporter' with importer (PreviewImporter)
Imported 'GUID: b11c18394933342b7bb74eff32f73780' -> (Import Result ID: 'b77fa42c7d5642c170c5babc0a3882eb') in 0.000 seconds [static and dynamic dependencies]. Details - ImportResultOutputID=5bd9cb970177e34018914947e5b34348 DependenciesID=518f99957b2ffe7b1d2639db2a3386fa StaticDependenciesID=31f0846b34b82c148dfdce0b411c71d8 
Number of updated asset objects reloaded before import = 0
Number of asset objects unloaded after import = 0
========================================================================
Received Import Request.
  Time of request: 2026-10-09T03:48:15.786608Z
  Time since last request: 0.000619959 seconds.
  importAddress: GUID: b11c18394933342b7bb74eff32f73780 - Path: Assets/Scripts/SumoCameraRotate.cs - Importer: PreviewImporter
Importing 'GUID: b11c18394933342b7bb74eff32f73780 - Path: Assets/Scripts/SumoCameraRotate.cs - Importer: PreviewImporter' with importer (PreviewImporter)
Imported 'GUID: b11c18394933342b7bb74eff32f73780' -> (Import Result ID: 'b77fa42c7d5642c170c5babc0a3882eb') in 0.000 seconds [static and dynamic dependencies]. Details - ImportResultOutputID=5bd9cb970177e34018914947e5b34348 DependenciesID=518f99957b2ffe7b1d2639db2a3386fa StaticDependenciesID=31f0846b34b82c148dfdce0b411c71d8 
Number of updated asset objects reloaded before import = 0
Number of asset objects unloaded after import = 0
========================================================================
Received Import Request.
  Time of request: 2026-10-09T03:48:15.795864Z
  Time since last request: 0.001566792 seconds.
  importAddress: GUID: b11c18394933342b7bb74eff32f73780 - Path: Assets/Scripts/SumoCameraRotate.cs - Importer: PreviewImporter
Importing 'GUID: b11c18394933342b7bb74eff32f73780 - Path: Assets/Scripts/SumoCameraRotate.cs - Importer: PreviewImporter' with importer (PreviewImporter)
Imported 'GUID: b11c18394933342b7bb74eff32f73780' -> (Import Result ID: 'b77fa42c7d5642c170c5babc0a3882eb') in 0.000 seconds [static and dynamic dependencies]. Details - ImportResultOutputID=5bd9cb970177e34018914947e5b34348 DependenciesID=518f99957b2ffe7b1d2639db2a3386fa StaticDependenciesID=31f0846b34b82c148dfdce0b411c71d8 
Number of updated asset objects reloaded before import = 0
Number of asset objects unloaded after import = 0
========================================================================
Received Import Request.
  Time of request: 2026-10-09T03:48:15.804031Z
  Time since last request: 0.000579042 seconds.
  importAddress: GUID: b11c18394933342b7bb74eff32f73780 - Path: Assets/Scripts/SumoCameraRotate.cs - Importer: PreviewImporter
Importing 'GUID: b11c18394933342b7bb74eff32f73780 - Path: Assets/Scripts/SumoCameraRotate.cs - Importer: PreviewImporter' with importer (PreviewImporter)
Imported 'GUID: b11c18394933342b7bb74eff32f73780' -> (Import Result ID: 'b77fa42c7d5642c170c5babc0a3882eb') in 0.000 seconds [static and dynamic dependencies]. Details - ImportResultOutputID=5bd9cb970177e34018914947e5b34348 DependenciesID=518f99957b2ffe7b1d2639db2a3386fa StaticDependenciesID=31f0846b34b82c148dfdce0b411c71d8 
Number of updated asset objects reloaded before import = 0
Number of asset objects unloaded after import = 0
========================================================================
Received Import Request.
  Time of request: 2026-10-09T03:48:15.812072Z
  Time since last request: 0.000884042 seconds.
  importAddress: GUID: b11c18394933342b7bb74eff32f73780 - Path: Assets/Scripts/SumoCameraRotate.cs - Importer: PreviewImporter
Importing 'GUID: b11c18394933342b7bb74eff32f73780 - Path: Assets/Scripts/SumoCameraRotate.cs - Importer: PreviewImporter' with importer (PreviewImporter)
Imported 'GUID: b11c18394933342b7bb74eff32f73780' -> (Import Result ID: 'b77fa42c7d5642c170c5babc0a3882eb') in 0.000 seconds [static and dynamic dependencies]. Details - ImportResultOutputID=5bd9cb970177e34018914947e5b34348 DependenciesID=518f99957b2ffe7b1d2639db2a3386fa StaticDependenciesID=31f0846b34b82c148dfdce0b411c71d8 
Number of updated asset objects reloaded before import = 0
Number of asset objects unloaded after import = 0
========================================================================
Received Import Request.
  Time of request: 2026-10-09T03:48:15.8251Z
  Time since last request: 0.005469042 seconds.
  importAddress: GUID: b11c18394933342b7bb74eff32f73780 - Path: Assets/Scripts/SumoCameraRotate.cs - Importer: PreviewImporter
Importing 'GUID: b11c18394933342b7bb74eff32f73780 - Path: Assets/Scripts/SumoCameraRotate.cs - Importer: PreviewImporter' with importer (PreviewImporter)
Imported 'GUID: b11c18394933342b7bb74eff32f73780' -> (Import Result ID: 'b77fa42c7d5642c170c5babc0a3882eb') in 0.000 seconds [static and dynamic dependencies]. Details - ImportResultOutputID=5bd9cb970177e34018914947e5b34348 DependenciesID=518f99957b2ffe7b1d2639db2a3386fa StaticDependenciesID=31f0846b34b82c148dfdce0b411c71d8 
Number of updated asset objects reloaded before import = 0
Number of asset objects unloaded after import = 0
========================================================================
Received Import Request.
  Time of request: 2026-10-09T03:48:15.833347Z
  Time since last request: 0.0007165 seconds.
  importAddress: GUID: b11c18394933342b7bb74eff32f73780 - Path: Assets/Scripts/SumoCameraRotate.cs - Importer: PreviewImporter
Importing 'GUID: b11c18394933342b7bb74eff32f73780 - Path: Assets/Scripts/SumoCameraRotate.cs - Importer: PreviewImporter' with importer (PreviewImporter)
Imported 'GUID: b11c18394933342b7bb74eff32f73780' -> (Import Result ID: 'b77fa42c7d5642c170c5babc0a3882eb') in 0.000 seconds [static and dynamic dependencies]. Details - ImportResultOutputID=5bd9cb970177e34018914947e5b34348 DependenciesID=518f99957b2ffe7b1d2639db2a3386fa StaticDependenciesID=31f0846b34b82c148dfdce0b411c71d8 
Number of updated asset objects reloaded before import = 0
Number of asset objects unloaded after import = 0
========================================================================
Received Import Request.
  Time of request: 2026-10-09T03:48:15.841407Z
  Time since last request: 0.000796083 seconds.
  importAddress: GUID: b11c18394933342b7bb74eff32f73780 - Path: Assets/Scripts/SumoCameraRotate.cs - Importer: PreviewImporter
Importing 'GUID: b11c18394933342b7bb74eff32f73780 - Path: Assets/Scripts/SumoCameraRotate.cs - Importer: PreviewImporter' with importer (PreviewImporter)
Imported 'GUID: b11c18394933342b7bb74eff32f73780' -> (Import Result ID: 'b77fa42c7d5642c170c5babc0a3882eb') in 0.000 seconds [static and dynamic dependencies]. Details - ImportResultOutputID=5bd9cb970177e34018914947e5b34348 DependenciesID=518f99957b2ffe7b1d2639db2a3386fa StaticDependenciesID=31f0846b34b82c148dfdce0b411c71d8 
Number of updated asset objects reloaded before import = 0
Number of asset objects unloaded after import = 0
========================================================================
Received Import Request.
  Time of request: 2026-10-09T03:48:15.85093Z
  Time since last request: 0.002350667 seconds.
  importAddress: GUID: b11c18394933342b7bb74eff32f73780 - Path: Assets/Scripts/SumoCameraRotate.cs - Importer: PreviewImporter
Importing 'GUID: b11c18394933342b7bb74eff32f73780 - Path: Assets/Scripts/SumoCameraRotate.cs - Importer: PreviewImporter' with importer (PreviewImporter)
Imported 'GUID: b11c18394933342b7bb74eff32f73780' -> (Import Result ID: 'b77fa42c7d5642c170c5babc0a3882eb') in 0.000 seconds [static and dynamic dependencies]. Details - ImportResultOutputID=5bd9cb970177e34018914947e5b34348 DependenciesID=518f99957b2ffe7b1d2639db2a3386fa StaticDependenciesID=31f0846b34b82c148dfdce0b411c71d8 
Number of updated asset objects reloaded before import = 0
Number of asset objects unloaded after import = 0
========================================================================
Received Import Request.
  Time of request: 2026-10-09T03:48:15.858851Z
  Time since last request: 0.000806333 seconds.
  importAddress: GUID: b11c18394933342b7bb74eff32f73780 - Path: Assets/Scripts/SumoCameraRotate.cs - Importer: PreviewImporter
Importing 'GUID: b11c18394933342b7bb74eff32f73780 - Path: Assets/Scripts/SumoCameraRotate.cs - Importer: PreviewImporter' with importer (PreviewImporter)
Imported 'GUID: b11c18394933342b7bb74eff32f73780' -> (Import Result ID: 'b77fa42c7d5642c170c5babc0a3882eb') in 0.000 seconds [static and dynamic dependencies]. Details - ImportResultOutputID=5bd9cb970177e34018914947e5b34348 DependenciesID=518f99957b2ffe7b1d2639db2a3386fa StaticDependenciesID=31f0846b34b82c148dfdce0b411c71d8 
Number of updated asset objects reloaded before import = 0
Number of asset objects unloaded after import = 0
========================================================================
Received Import Request.
  Time of request: 2026-10-09T03:48:15.867154Z
  Time since last request: 0.001400459 seconds.
  importAddress: GUID: b11c18394933342b7bb74eff32f73780 - Path: Assets/Scripts/SumoCameraRotate.cs - Importer: PreviewImporter
Importing 'GUID: b11c18394933342b7bb74eff32f73780 - Path: Assets/Scripts/SumoCameraRotate.cs - Importer: PreviewImporter' with importer (PreviewImporter)
Imported 'GUID: b11c18394933342b7bb74eff32f73780' -> (Import Result ID: 'b77fa42c7d5642c170c5babc0a3882eb') in 0.000 seconds [static and dynamic dependencies]. Details - ImportResultOutputID=5bd9cb970177e34018914947e5b34348 DependenciesID=518f99957b2ffe7b1d2639db2a3386fa StaticDependenciesID=31f0846b34b82c148dfdce0b411c71d8 
Number of updated asset objects reloaded before import = 0
Number of asset objects unloaded after import = 0
========================================================================
Received Import Request.
  Time of request: 2026-10-09T03:48:15.876032Z
  Time since last request: 0.001417292 seconds.
  importAddress: GUID: b11c18394933342b7bb74eff32f73780 - Path: Assets/Scripts/SumoCameraRotate.cs - Importer: PreviewImporter
Importing 'GUID: b11c18394933342b7bb74eff32f73780 - Path: Assets/Scripts/SumoCameraRotate.cs - Importer: PreviewImporter' with importer (PreviewImporter)
Imported 'GUID: b11c18394933342b7bb74eff32f73780' -> (Import Result ID: 'b77fa42c7d5642c170c5babc0a3882eb') in 0.000 seconds [static and dynamic dependencies]. Details - ImportResultOutputID=5bd9cb970177e34018914947e5b34348 DependenciesID=518f99957b2ffe7b1d2639db2a3386fa StaticDependenciesID=31f0846b34b82c148dfdce0b411c71d8 
Number of updated asset objects reloaded before import = 0
Number of asset objects unloaded after import = 0
========================================================================
Received Import Request.
  Time of request: 2026-10-09T03:48:15.883923Z
  Time since last request: 0.000601083 seconds.
  importAddress: GUID: b11c18394933342b7bb74eff32f73780 - Path: Assets/Scripts/SumoCameraRotate.cs - Importer: PreviewImporter
Importing 'GUID: b11c18394933342b7bb74eff32f73780 - Path: Assets/Scripts/SumoCameraRotate.cs - Importer: PreviewImporter' with importer (PreviewImporter)
Imported 'GUID: b11c18394933342b7bb74eff32f73780' -> (Import Result ID: 'b77fa42c7d5642c170c5babc0a3882eb') in 0.000 seconds [static and dynamic dependencies]. Details - ImportResultOutputID=5bd9cb970177e34018914947e5b34348 DependenciesID=518f99957b2ffe7b1d2639db2a3386fa StaticDependenciesID=31f0846b34b82c148dfdce0b411c71d8 
Number of updated asset objects reloaded before import = 0
Number of asset objects unloaded after import = 0
========================================================================
Received Import Request.
  Time of request: 2026-10-09T03:48:15.892839Z
  Time since last request: 0.001331833 seconds.
  importAddress: GUID: b11c18394933342b7bb74eff32f73780 - Path: Assets/Scripts/SumoCameraRotate.cs - Importer: PreviewImporter
Importing 'GUID: b11c18394933342b7bb74eff32f73780 - Path: Assets/Scripts/SumoCameraRotate.cs - Importer: PreviewImporter' with importer (PreviewImporter)
Imported 'GUID: b11c18394933342b7bb74eff32f73780' -> (Import Result ID: 'b77fa42c7d5642c170c5babc0a3882eb') in 0.000 seconds [static and dynamic dependencies]. Details - ImportResultOutputID=5bd9cb970177e34018914947e5b34348 DependenciesID=518f99957b2ffe7b1d2639db2a3386fa StaticDependenciesID=31f0846b34b82c148dfdce0b411c71d8 
Number of updated asset objects reloaded before import = 0
Number of asset objects unloaded after import = 0
========================================================================
Received Import Request.
  Time of request: 2026-10-09T03:48:15.900947Z
  Time since last request: 0.000797833 seconds.
  importAddress: GUID: b11c18394933342b7bb74eff32f73780 - Path: Assets/Scripts/SumoCameraRotate.cs - Importer: PreviewImporter
Importing 'GUID: b11c18394933342b7bb74eff32f73780 - Path: Assets/Scripts/SumoCameraRotate.cs - Importer: PreviewImporter' with importer (PreviewImporter)
Imported 'GUID: b11c18394933342b7bb74eff32f73780' -> (Import Result ID: 'b77fa42c7d5642c170c5babc0a3882eb') in 0.000 seconds [static and dynamic dependencies]. Details - ImportResultOutputID=5bd9cb970177e34018914947e5b34348 DependenciesID=518f99957b2ffe7b1d2639db2a3386fa StaticDependenciesID=31f0846b34b82c148dfdce0b411c71d8 
Number of updated asset objects reloaded before import = 0
Number of asset objects unloaded after import = 0
========================================================================
Received Import Request.
  Time of request: 2026-10-09T03:48:15.909011Z
  Time since last request: 0.000257083 seconds.
  importAddress: GUID: b11c18394933342b7bb74eff32f73780 - Path: Assets/Scripts/SumoCameraRotate.cs - Importer: PreviewImporter
Importing 'GUID: b11c18394933342b7bb74eff32f73780 - Path: Assets/Scripts/SumoCameraRotate.cs - Importer: PreviewImporter' with importer (PreviewImporter)
Imported 'GUID: b11c18394933342b7bb74eff32f73780' -> (Import Result ID: 'b77fa42c7d5642c170c5babc0a3882eb') in 0.000 seconds [static and dynamic dependencies]. Details - ImportResultOutputID=5bd9cb970177e34018914947e5b34348 DependenciesID=518f99957b2ffe7b1d2639db2a3386fa StaticDependenciesID=31f0846b34b82c148dfdce0b411c71d8 
Number of updated asset objects reloaded before import = 0
Number of asset objects unloaded after import = 0
========================================================================
Received Import Request.
  Time of request: 2026-10-09T03:48:15.917696Z
  Time since last request: 0.001284375 seconds.
  importAddress: GUID: b11c18394933342b7bb74eff32f73780 - Path: Assets/Scripts/SumoCameraRotate.cs - Importer: PreviewImporter
Importing 'GUID: b11c18394933342b7bb74eff32f73780 - Path: Assets/Scripts/SumoCameraRotate.cs - Importer: PreviewImporter' with importer (PreviewImporter)
Imported 'GUID: b11c18394933342b7bb74eff32f73780' -> (Import Result ID: 'b77fa42c7d5642c170c5babc0a3882eb') in 0.000 seconds [static and dynamic dependencies]. Details - ImportResultOutputID=5bd9cb970177e34018914947e5b34348 DependenciesID=518f99957b2ffe7b1d2639db2a3386fa StaticDependenciesID=31f0846b34b82c148dfdce0b411c71d8 
Number of updated asset objects reloaded before import = 0
Number of asset objects unloaded after import = 0
========================================================================
Received Import Request.
  Time of request: 2026-10-09T03:48:15.927646Z
  Time since last request: 0.002646167 seconds.
  importAddress: GUID: b11c18394933342b7bb74eff32f73780 - Path: Assets/Scripts/SumoCameraRotate.cs - Importer: PreviewImporter
Importing 'GUID: b11c18394933342b7bb74eff32f73780 - Path: Assets/Scripts/SumoCameraRotate.cs - Importer: PreviewImporter' with importer (PreviewImporter)
Imported 'GUID: b11c18394933342b7bb74eff32f73780' -> (Import Result ID: 'b77fa42c7d5642c170c5babc0a3882eb') in 0.000 seconds [static and dynamic dependencies]. Details - ImportResultOutputID=5bd9cb970177e34018914947e5b34348 DependenciesID=518f99957b2ffe7b1d2639db2a3386fa StaticDependenciesID=31f0846b34b82c148dfdce0b411c71d8 
Number of updated asset objects reloaded before import = 0
Number of asset objects unloaded after import = 0
========================================================================
Received Import Request.
  Time of request: 2026-10-09T03:48:15.935353Z
  Time since last request: 0.000501375 seconds.
  importAddress: GUID: b11c18394933342b7bb74eff32f73780 - Path: Assets/Scripts/SumoCameraRotate.cs - Importer: PreviewImporter
Importing 'GUID: b11c18394933342b7bb74eff32f73780 - Path: Assets/Scripts/SumoCameraRotate.cs - Importer: PreviewImporter' with importer (PreviewImporter)
Imported 'GUID: b11c18394933342b7bb74eff32f73780' -> (Import Result ID: 'b77fa42c7d5642c170c5babc0a3882eb') in 0.000 seconds [static and dynamic dependencies]. Details - ImportResultOutputID=5bd9cb970177e34018914947e5b34348 DependenciesID=518f99957b2ffe7b1d2639db2a3386fa StaticDependenciesID=31f0846b34b82c148dfdce0b411c71d8 
Number of updated asset objects reloaded before import = 0
Number of asset objects unloaded after import = 0
========================================================================
Received Import Request.
  Time of request: 2026-10-09T03:48:15.943496Z
  Time since last request: 0.000636209 seconds.
  importAddress: GUID: b11c18394933342b7bb74eff32f73780 - Path: Assets/Scripts/SumoCameraRotate.cs - Importer: PreviewImporter
Importing 'GUID: b11c18394933342b7bb74eff32f73780 - Path: Assets/Scripts/SumoCameraRotate.cs - Importer: PreviewImporter' with importer (PreviewImporter)
Imported 'GUID: b11c18394933342b7bb74eff32f73780' -> (Import Result ID: 'b77fa42c7d5642c170c5babc0a3882eb') in 0.000 seconds [static and dynamic dependencies]. Details - ImportResultOutputID=5bd9cb970177e34018914947e5b34348 DependenciesID=518f99957b2ffe7b1d2639db2a3386fa StaticDependenciesID=31f0846b34b82c148dfdce0b411c71d8 
Number of updated asset objects reloaded before import = 0
Number of asset objects unloaded after import = 0
========================================================================
Received Import Request.
  Time of request: 2026-10-09T03:48:15.951747Z
  Time since last request: 0.00121225 seconds.
  importAddress: GUID: b11c18394933342b7bb74eff32f73780 - Path: Assets/Scripts/SumoCameraRotate.cs - Importer: PreviewImporter
Importing 'GUID: b11c18394933342b7bb74eff32f73780 - Path: Assets/Scripts/SumoCameraRotate.cs - Importer: PreviewImporter' with importer (PreviewImporter)
Imported 'GUID: b11c18394933342b7bb74eff32f73780' -> (Import Result ID: 'b77fa42c7d5642c170c5babc0a3882eb') in 0.000 seconds [static and dynamic dependencies]. Details - ImportResultOutputID=5bd9cb970177e34018914947e5b34348 DependenciesID=518f99957b2ffe7b1d2639db2a3386fa StaticDependenciesID=31f0846b34b82c148dfdce0b411c71d8 
Number of updated asset objects reloaded before import = 0
Number of asset objects unloaded after import = 0
========================================================================
Received Import Request.
  Time of request: 2026-10-09T03:48:15.959785Z
  Time since last request: 0.00080525 seconds.
  importAddress: GUID: b11c18394933342b7bb74eff32f73780 - Path: Assets/Scripts/SumoCameraRotate.cs - Importer: PreviewImporter
Importing 'GUID: b11c18394933342b7bb74eff32f73780 - Path: Assets/Scripts/SumoCameraRotate.cs - Importer: PreviewImporter' with importer (PreviewImporter)
Imported 'GUID: b11c18394933342b7bb74eff32f73780' -> (Import Result ID: 'b77fa42c7d5642c170c5babc0a3882eb') in 0.000 seconds [static and dynamic dependencies]. Details - ImportResultOutputID=5bd9cb970177e34018914947e5b34348 DependenciesID=518f99957b2ffe7b1d2639db2a3386fa StaticDependenciesID=31f0846b34b82c148dfdce0b411c71d8 
Number of updated asset objects reloaded before import = 0
Number of asset objects unloaded after import = 0
========================================================================
Received Import Request.
  Time of request: 2026-10-09T03:48:15.96818Z
  Time since last request: 0.000688375 seconds.
  importAddress: GUID: b11c18394933342b7bb74eff32f73780 - Path: Assets/Scripts/SumoCameraRotate.cs - Importer: PreviewImporter
Importing 'GUID: b11c18394933342b7bb74eff32f73780 - Path: Assets/Scripts/SumoCameraRotate.cs - Importer: PreviewImporter' with importer (PreviewImporter)
Imported 'GUID: b11c18394933342b7bb74eff32f73780' -> (Import Result ID: 'b77fa42c7d5642c170c5babc0a3882eb') in 0.000 seconds [static and dynamic dependencies]. Details - ImportResultOutputID=5bd9cb970177e34018914947e5b34348 DependenciesID=518f99957b2ffe7b1d2639db2a3386fa StaticDependenciesID=31f0846b34b82c148dfdce0b411c71d8 
Number of updated asset objects reloaded before import = 0
Number of asset objects unloaded after import = 0
========================================================================
Received Import Request.
  Time of request: 2026-10-09T03:48:15.976059Z
  Time since last request: 0.000625667 seconds.
  importAddress: GUID: b11c18394933342b7bb74eff32f73780 - Path: Assets/Scripts/SumoCameraRotate.cs - Importer: PreviewImporter
Importing 'GUID: b11c18394933342b7bb74eff32f73780 - Path: Assets/Scripts/SumoCameraRotate.cs - Importer: PreviewImporter' with importer (PreviewImporter)
Imported 'GUID: b11c18394933342b7bb74eff32f73780' -> (Import Result ID: 'b77fa42c7d5642c170c5babc0a3882eb') in 0.000 seconds [static and dynamic dependencies]. Details - ImportResultOutputID=5bd9cb970177e34018914947e5b34348 DependenciesID=518f99957b2ffe7b1d2639db2a3386fa StaticDependenciesID=31f0846b34b82c148dfdce0b411c71d8 
Number of updated asset objects reloaded before import = 0
Number of asset objects unloaded after import = 0
========================================================================
Received Import Request.
  Time of request: 2026-10-09T03:48:15.984378Z
  Time since last request: 0.000402458 seconds.
  importAddress: GUID: b11c18394933342b7bb74eff32f73780 - Path: Assets/Scripts/SumoCameraRotate.cs - Importer: PreviewImporter
Importing 'GUID: b11c18394933342b7bb74eff32f73780 - Path: Assets/Scripts/SumoCameraRotate.cs - Importer: PreviewImporter' with importer (PreviewImporter)
Imported 'GUID: b11c18394933342b7bb74eff32f73780' -> (Import Result ID: 'b77fa42c7d5642c170c5babc0a3882eb') in 0.000 seconds [static and dynamic dependencies]. Details - ImportResultOutputID=5bd9cb970177e34018914947e5b34348 DependenciesID=518f99957b2ffe7b1d2639db2a3386fa StaticDependenciesID=31f0846b34b82c148dfdce0b411c71d8 
Number of updated asset objects reloaded before import = 0
Number of asset objects unloaded after import = 0
========================================================================
Received Import Request.
  Time of request: 2026-10-09T03:48:15.992438Z
  Time since last request: 0.000352208 seconds.
  importAddress: GUID: b11c18394933342b7bb74eff32f73780 - Path: Assets/Scripts/SumoCameraRotate.cs - Importer: PreviewImporter
Importing 'GUID: b11c18394933342b7bb74eff32f73780 - Path: Assets/Scripts/SumoCameraRotate.cs - Importer: PreviewImporter' with importer (PreviewImporter)
Imported 'GUID: b11c18394933342b7bb74eff32f73780' -> (Import Result ID: 'b77fa42c7d5642c170c5babc0a3882eb') in 0.000 seconds [static and dynamic dependencies]. Details - ImportResultOutputID=5bd9cb970177e34018914947e5b34348 DependenciesID=518f99957b2ffe7b1d2639db2a3386fa StaticDependenciesID=31f0846b34b82c148dfdce0b411c71d8 
Number of updated asset objects reloaded before import = 0
Number of asset objects unloaded after import = 0
========================================================================
Received Import Request.
  Time of request: 2026-10-09T03:48:16.000914Z
  Time since last request: 0.001373625 seconds.
  importAddress: GUID: b11c18394933342b7bb74eff32f73780 - Path: Assets/Scripts/SumoCameraRotate.cs - Importer: PreviewImporter
Importing 'GUID: b11c18394933342b7bb74eff32f73780 - Path: Assets/Scripts/SumoCameraRotate.cs - Importer: PreviewImporter' with importer (PreviewImporter)
Imported 'GUID: b11c18394933342b7bb74eff32f73780' -> (Import Result ID: 'b77fa42c7d5642c170c5babc0a3882eb') in 0.000 seconds [static and dynamic dependencies]. Details - ImportResultOutputID=5bd9cb970177e34018914947e5b34348 DependenciesID=518f99957b2ffe7b1d2639db2a3386fa StaticDependenciesID=31f0846b34b82c148dfdce0b411c71d8 
Number of updated asset objects reloaded before import = 0
Number of asset objects unloaded after import = 0
========================================================================
Received Import Request.
  Time of request: 2026-10-09T03:48:16.008687Z
  Time since last request: 0.000648333 seconds.
  importAddress: GUID: b11c18394933342b7bb74eff32f73780 - Path: Assets/Scripts/SumoCameraRotate.cs - Importer: PreviewImporter
Importing 'GUID: b11c18394933342b7bb74eff32f73780 - Path: Assets/Scripts/SumoCameraRotate.cs - Importer: PreviewImporter' with importer (PreviewImporter)
Imported 'GUID: b11c18394933342b7bb74eff32f73780' -> (Import Result ID: 'b77fa42c7d5642c170c5babc0a3882eb') in 0.000 seconds [static and dynamic dependencies]. Details - ImportResultOutputID=5bd9cb970177e34018914947e5b34348 DependenciesID=518f99957b2ffe7b1d2639db2a3386fa StaticDependenciesID=31f0846b34b82c148dfdce0b411c71d8 
Number of updated asset objects reloaded before import = 0
Number of asset objects unloaded after import = 0
========================================================================
Received Import Request.
  Time of request: 2026-10-09T03:48:16.016796Z
  Time since last request: 0.00046325 seconds.
  importAddress: GUID: b11c18394933342b7bb74eff32f73780 - Path: Assets/Scripts/SumoCameraRotate.cs - Importer: PreviewImporter
Importing 'GUID: b11c18394933342b7bb74eff32f73780 - Path: Assets/Scripts/SumoCameraRotate.cs - Importer: PreviewImporter' with importer (PreviewImporter)
Imported 'GUID: b11c18394933342b7bb74eff32f73780' -> (Import Result ID: 'b77fa42c7d5642c170c5babc0a3882eb') in 0.000 seconds [static and dynamic dependencies]. Details - ImportResultOutputID=5bd9cb970177e34018914947e5b34348 DependenciesID=518f99957b2ffe7b1d2639db2a3386fa StaticDependenciesID=31f0846b34b82c148dfdce0b411c71d8 
Number of updated asset objects reloaded before import = 0
Number of asset objects unloaded after import = 0
========================================================================
Received Import Request.
  Time of request: 2026-10-09T03:48:16.025028Z
  Time since last request: 0.001224083 seconds.
  importAddress: GUID: b11c18394933342b7bb74eff32f73780 - Path: Assets/Scripts/SumoCameraRotate.cs - Importer: PreviewImporter
Importing 'GUID: b11c18394933342b7bb74eff32f73780 - Path: Assets/Scripts/SumoCameraRotate.cs - Importer: PreviewImporter' with importer (PreviewImporter)
Imported 'GUID: b11c18394933342b7bb74eff32f73780' -> (Import Result ID: 'b77fa42c7d5642c170c5babc0a3882eb') in 0.000 seconds [static and dynamic dependencies]. Details - ImportResultOutputID=5bd9cb970177e34018914947e5b34348 DependenciesID=518f99957b2ffe7b1d2639db2a3386fa StaticDependenciesID=31f0846b34b82c148dfdce0b411c71d8 
Number of updated asset objects reloaded before import = 0
Number of asset objects unloaded after import = 0
========================================================================
Received Import Request.
  Time of request: 2026-10-09T03:48:16.033056Z
  Time since last request: 0.000689 seconds.
  importAddress: GUID: b11c18394933342b7bb74eff32f73780 - Path: Assets/Scripts/SumoCameraRotate.cs - Importer: PreviewImporter
Importing 'GUID: b11c18394933342b7bb74eff32f73780 - Path: Assets/Scripts/SumoCameraRotate.cs - Importer: PreviewImporter' with importer (PreviewImporter)
Imported 'GUID: b11c18394933342b7bb74eff32f73780' -> (Import Result ID: 'b77fa42c7d5642c170c5babc0a3882eb') in 0.000 seconds [static and dynamic dependencies]. Details - ImportResultOutputID=5bd9cb970177e34018914947e5b34348 DependenciesID=518f99957b2ffe7b1d2639db2a3386fa StaticDependenciesID=31f0846b34b82c148dfdce0b411c71d8 
Number of updated asset objects reloaded before import = 0
Number of asset objects unloaded after import = 0
========================================================================
Received Import Request.
  Time of request: 2026-10-09T03:48:16.041264Z
  Time since last request: 0.001646791 seconds.
  importAddress: GUID: b11c18394933342b7bb74eff32f73780 - Path: Assets/Scripts/SumoCameraRotate.cs - Importer: PreviewImporter
Importing 'GUID: b11c18394933342b7bb74eff32f73780 - Path: Assets/Scripts/SumoCameraRotate.cs - Importer: PreviewImporter' with importer (PreviewImporter)
Imported 'GUID: b11c18394933342b7bb74eff32f73780' -> (Import Result ID: 'b77fa42c7d5642c170c5babc0a3882eb') in 0.000 seconds [static and dynamic dependencies]. Details - ImportResultOutputID=5bd9cb970177e34018914947e5b34348 DependenciesID=518f99957b2ffe7b1d2639db2a3386fa StaticDependenciesID=31f0846b34b82c148dfdce0b411c71d8 
Number of updated asset objects reloaded before import = 0
Number of asset objects unloaded after import = 0
========================================================================
Received Import Request.
  Time of request: 2026-10-09T03:48:16.049345Z
  Time since last request: 0.001047417 seconds.
  importAddress: GUID: b11c18394933342b7bb74eff32f73780 - Path: Assets/Scripts/SumoCameraRotate.cs - Importer: PreviewImporter
Importing 'GUID: b11c18394933342b7bb74eff32f73780 - Path: Assets/Scripts/SumoCameraRotate.cs - Importer: PreviewImporter' with importer (PreviewImporter)
Imported 'GUID: b11c18394933342b7bb74eff32f73780' -> (Import Result ID: 'b77fa42c7d5642c170c5babc0a3882eb') in 0.000 seconds [static and dynamic dependencies]. Details - ImportResultOutputID=5bd9cb970177e34018914947e5b34348 DependenciesID=518f99957b2ffe7b1d2639db2a3386fa StaticDependenciesID=31f0846b34b82c148dfdce0b411c71d8 
Number of updated asset objects reloaded before import = 0
Number of asset objects unloaded after import = 0
========================================================================
Received Import Request.
  Time of request: 2026-10-09T03:48:16.057625Z
  Time since last request: 0.001014125 seconds.
  importAddress: GUID: b11c18394933342b7bb74eff32f73780 - Path: Assets/Scripts/SumoCameraRotate.cs - Importer: PreviewImporter
Importing 'GUID: b11c18394933342b7bb74eff32f73780 - Path: Assets/Scripts/SumoCameraRotate.cs - Importer: PreviewImporter' with importer (PreviewImporter)
Imported 'GUID: b11c18394933342b7bb74eff32f73780' -> (Import Result ID: 'b77fa42c7d5642c170c5babc0a3882eb') in 0.000 seconds [static and dynamic dependencies]. Details - ImportResultOutputID=5bd9cb970177e34018914947e5b34348 DependenciesID=518f99957b2ffe7b1d2639db2a3386fa StaticDependenciesID=31f0846b34b82c148dfdce0b411c71d8 
Number of updated asset objects reloaded before import = 0
Number of asset objects unloaded after import = 0
========================================================================
Received Import Request.
  Time of request: 2026-10-09T03:48:16.065552Z
  Time since last request: 0.001145417 seconds.
  importAddress: GUID: b11c18394933342b7bb74eff32f73780 - Path: Assets/Scripts/SumoCameraRotate.cs - Importer: PreviewImporter
Importing 'GUID: b11c18394933342b7bb74eff32f73780 - Path: Assets/Scripts/SumoCameraRotate.cs - Importer: PreviewImporter' with importer (PreviewImporter)
Imported 'GUID: b11c18394933342b7bb74eff32f73780' -> (Import Result ID: 'b77fa42c7d5642c170c5babc0a3882eb') in 0.000 seconds [static and dynamic dependencies]. Details - ImportResultOutputID=5bd9cb970177e34018914947e5b34348 DependenciesID=518f99957b2ffe7b1d2639db2a3386fa StaticDependenciesID=31f0846b34b82c148dfdce0b411c71d8 
Number of updated asset objects reloaded before import = 0
Number of asset objects unloaded after import = 0
========================================================================
Received Import Request.
  Time of request: 2026-10-09T03:48:16.073622Z
  Time since last request: 0.00109775 seconds.
  importAddress: GUID: b11c18394933342b7bb74eff32f73780 - Path: Assets/Scripts/SumoCameraRotate.cs - Importer: PreviewImporter
Importing 'GUID: b11c18394933342b7bb74eff32f73780 - Path: Assets/Scripts/SumoCameraRotate.cs - Importer: PreviewImporter' with importer (PreviewImporter)
Imported 'GUID: b11c18394933342b7bb74eff32f73780' -> (Import Result ID: 'b77fa42c7d5642c170c5babc0a3882eb') in 0.000 seconds [static and dynamic dependencies]. Details - ImportResultOutputID=5bd9cb970177e34018914947e5b34348 DependenciesID=518f99957b2ffe7b1d2639db2a3386fa StaticDependenciesID=31f0846b34b82c148dfdce0b411c71d8 
Number of updated asset objects reloaded before import = 0
Number of asset objects unloaded after import = 0
========================================================================
Received Import Request.
  Time of request: 2026-10-09T03:48:16.081857Z
  Time since last request: 0.001503542 seconds.
  importAddress: GUID: b11c18394933342b7bb74eff32f73780 - Path: Assets/Scripts/SumoCameraRotate.cs - Importer: PreviewImporter
Importing 'GUID: b11c18394933342b7bb74eff32f73780 - Path: Assets/Scripts/SumoCameraRotate.cs - Importer: PreviewImporter' with importer (PreviewImporter)
Imported 'GUID: b11c18394933342b7bb74eff32f73780' -> (Import Result ID: 'b77fa42c7d5642c170c5babc0a3882eb') in 0.000 seconds [static and dynamic dependencies]. Details - ImportResultOutputID=5bd9cb970177e34018914947e5b34348 DependenciesID=518f99957b2ffe7b1d2639db2a3386fa StaticDependenciesID=31f0846b34b82c148dfdce0b411c71d8 
Number of updated asset objects reloaded before import = 0
Number of asset objects unloaded after import = 0
========================================================================
Received Import Request.
  Time of request: 2026-10-09T03:48:16.090089Z
  Time since last request: 0.001208542 seconds.
  importAddress: GUID: b11c18394933342b7bb74eff32f73780 - Path: Assets/Scripts/SumoCameraRotate.cs - Importer: PreviewImporter
Importing 'GUID: b11c18394933342b7bb74eff32f73780 - Path: Assets/Scripts/SumoCameraRotate.cs - Importer: PreviewImporter' with importer (PreviewImporter)
Imported 'GUID: b11c18394933342b7bb74eff32f73780' -> (Import Result ID: 'b77fa42c7d5642c170c5babc0a3882eb') in 0.000 seconds [static and dynamic dependencies]. Details - ImportResultOutputID=5bd9cb970177e34018914947e5b34348 DependenciesID=518f99957b2ffe7b1d2639db2a3386fa StaticDependenciesID=31f0846b34b82c148dfdce0b411c71d8 
Number of updated asset objects reloaded before import = 0
Number of asset objects unloaded after import = 0
========================================================================
Received Import Request.
  Time of request: 2026-10-09T03:48:16.098239Z
  Time since last request: 0.000295166 seconds.
  importAddress: GUID: b11c18394933342b7bb74eff32f73780 - Path: Assets/Scripts/SumoCameraRotate.cs - Importer: PreviewImporter
Importing 'GUID: b11c18394933342b7bb74eff32f73780 - Path: Assets/Scripts/SumoCameraRotate.cs - Importer: PreviewImporter' with importer (PreviewImporter)
Imported 'GUID: b11c18394933342b7bb74eff32f73780' -> (Import Result ID: 'b77fa42c7d5642c170c5babc0a3882eb') in 0.000 seconds [static and dynamic dependencies]. Details - ImportResultOutputID=5bd9cb970177e34018914947e5b34348 DependenciesID=518f99957b2ffe7b1d2639db2a3386fa StaticDependenciesID=31f0846b34b82c148dfdce0b411c71d8 
Number of updated asset objects reloaded before import = 0
Number of asset objects unloaded after import = 0
========================================================================
Received Import Request.
  Time of request: 2026-10-09T03:48:16.106216Z
  Time since last request: 0.000544292 seconds.
  importAddress: GUID: b11c18394933342b7bb74eff32f73780 - Path: Assets/Scripts/SumoCameraRotate.cs - Importer: PreviewImporter
Importing 'GUID: b11c18394933342b7bb74eff32f73780 - Path: Assets/Scripts/SumoCameraRotate.cs - Importer: PreviewImporter' with importer (PreviewImporter)
Imported 'GUID: b11c18394933342b7bb74eff32f73780' -> (Import Result ID: 'b77fa42c7d5642c170c5babc0a3882eb') in 0.000 seconds [static and dynamic dependencies]. Details - ImportResultOutputID=5bd9cb970177e34018914947e5b34348 DependenciesID=518f99957b2ffe7b1d2639db2a3386fa StaticDependenciesID=31f0846b34b82c148dfdce0b411c71d8 
Number of updated asset objects reloaded before import = 0
Number of asset objects unloaded after import = 0
========================================================================
Received Import Request.
  Time of request: 2026-10-09T03:48:16.114475Z
  Time since last request: 0.000822583 seconds.
  importAddress: GUID: b11c18394933342b7bb74eff32f73780 - Path: Assets/Scripts/SumoCameraRotate.cs - Importer: PreviewImporter
Importing 'GUID: b11c18394933342b7bb74eff32f73780 - Path: Assets/Scripts/SumoCameraRotate.cs - Importer: PreviewImporter' with importer (PreviewImporter)
Imported 'GUID: b11c18394933342b7bb74eff32f73780' -> (Import Result ID: 'b77fa42c7d5642c170c5babc0a3882eb') in 0.000 seconds [static and dynamic dependencies]. Details - ImportResultOutputID=5bd9cb970177e34018914947e5b34348 DependenciesID=518f99957b2ffe7b1d2639db2a3386fa StaticDependenciesID=31f0846b34b82c148dfdce0b411c71d8 
Number of updated asset objects reloaded before import = 0
Number of asset objects unloaded after import = 0
========================================================================
Received Import Request.
  Time of request: 2026-10-09T03:48:16.12253Z
  Time since last request: 0.000313417 seconds.
  importAddress: GUID: b11c18394933342b7bb74eff32f73780 - Path: Assets/Scripts/SumoCameraRotate.cs - Importer: PreviewImporter
Importing 'GUID: b11c18394933342b7bb74eff32f73780 - Path: Assets/Scripts/SumoCameraRotate.cs - Importer: PreviewImporter' with importer (PreviewImporter)
Imported 'GUID: b11c18394933342b7bb74eff32f73780' -> (Import Result ID: 'b77fa42c7d5642c170c5babc0a3882eb') in 0.000 seconds [static and dynamic dependencies]. Details - ImportResultOutputID=5bd9cb970177e34018914947e5b34348 DependenciesID=518f99957b2ffe7b1d2639db2a3386fa StaticDependenciesID=31f0846b34b82c148dfdce0b411c71d8 
Number of updated asset objects reloaded before import = 0
Number of asset objects unloaded after import = 0
========================================================================
Received Import Request.
  Time of request: 2026-10-09T03:48:16.130602Z
  Time since last request: 0.000661541 seconds.
  importAddress: GUID: b11c18394933342b7bb74eff32f73780 - Path: Assets/Scripts/SumoCameraRotate.cs - Importer: PreviewImporter
Importing 'GUID: b11c18394933342b7bb74eff32f73780 - Path: Assets/Scripts/SumoCameraRotate.cs - Importer: PreviewImporter' with importer (PreviewImporter)
Imported 'GUID: b11c18394933342b7bb74eff32f73780' -> (Import Result ID: 'b77fa42c7d5642c170c5babc0a3882eb') in 0.000 seconds [static and dynamic dependencies]. Details - ImportResultOutputID=5bd9cb970177e34018914947e5b34348 DependenciesID=518f99957b2ffe7b1d2639db2a3386fa StaticDependenciesID=31f0846b34b82c148dfdce0b411c71d8 
Number of updated asset objects reloaded before import = 0
Number of asset objects unloaded after import = 0
========================================================================
Received Import Request.
  Time of request: 2026-10-09T03:48:16.138738Z
  Time since last request: 0.000948416 seconds.
  importAddress: GUID: b11c18394933342b7bb74eff32f73780 - Path: Assets/Scripts/SumoCameraRotate.cs - Importer: PreviewImporter
Importing 'GUID: b11c18394933342b7bb74eff32f73780 - Path: Assets/Scripts/SumoCameraRotate.cs - Importer: PreviewImporter' with importer (PreviewImporter)
Imported 'GUID: b11c18394933342b7bb74eff32f73780' -> (Import Result ID: 'b77fa42c7d5642c170c5babc0a3882eb') in 0.000 seconds [static and dynamic dependencies]. Details - ImportResultOutputID=5bd9cb970177e34018914947e5b34348 DependenciesID=518f99957b2ffe7b1d2639db2a3386fa StaticDependenciesID=31f0846b34b82c148dfdce0b411c71d8 
Number of updated asset objects reloaded before import = 0
Number of asset objects unloaded after import = 0
========================================================================
Received Import Request.
  Time of request: 2026-10-09T03:48:16.148649Z
  Time since last request: 0.003257 seconds.
  importAddress: GUID: b11c18394933342b7bb74eff32f73780 - Path: Assets/Scripts/SumoCameraRotate.cs - Importer: PreviewImporter
Importing 'GUID: b11c18394933342b7bb74eff32f73780 - Path: Assets/Scripts/SumoCameraRotate.cs - Importer: PreviewImporter' with importer (PreviewImporter)
Imported 'GUID: b11c18394933342b7bb74eff32f73780' -> (Import Result ID: 'b77fa42c7d5642c170c5babc0a3882eb') in 0.000 seconds [static and dynamic dependencies]. Details - ImportResultOutputID=5bd9cb970177e34018914947e5b34348 DependenciesID=518f99957b2ffe7b1d2639db2a3386fa StaticDependenciesID=31f0846b34b82c148dfdce0b411c71d8 
Number of updated asset objects reloaded before import = 0
Number of asset objects unloaded after import = 0
========================================================================
Received Import Request.
  Time of request: 2026-10-09T03:48:16.156666Z
  Time since last request: 0.000898208 seconds.
  importAddress: GUID: b11c18394933342b7bb74eff32f73780 - Path: Assets/Scripts/SumoCameraRotate.cs - Importer: PreviewImporter
Importing 'GUID: b11c18394933342b7bb74eff32f73780 - Path: Assets/Scripts/SumoCameraRotate.cs - Importer: PreviewImporter' with importer (PreviewImporter)
Imported 'GUID: b11c18394933342b7bb74eff32f73780' -> (Import Result ID: 'b77fa42c7d5642c170c5babc0a3882eb') in 0.000 seconds [static and dynamic dependencies]. Details - ImportResultOutputID=5bd9cb970177e34018914947e5b34348 DependenciesID=518f99957b2ffe7b1d2639db2a3386fa StaticDependenciesID=31f0846b34b82c148dfdce0b411c71d8 
Number of updated asset objects reloaded before import = 0
Number of asset objects unloaded after import = 0
========================================================================
Received Import Request.
  Time of request: 2026-10-09T03:48:16.164674Z
  Time since last request: 0.000783541 seconds.
  importAddress: GUID: b11c18394933342b7bb74eff32f73780 - Path: Assets/Scripts/SumoCameraRotate.cs - Importer: PreviewImporter
Importing 'GUID: b11c18394933342b7bb74eff32f73780 - Path: Assets/Scripts/SumoCameraRotate.cs - Importer: PreviewImporter' with importer (PreviewImporter)
Imported 'GUID: b11c18394933342b7bb74eff32f73780' -> (Import Result ID: 'b77fa42c7d5642c170c5babc0a3882eb') in 0.000 seconds [static and dynamic dependencies]. Details - ImportResultOutputID=5bd9cb970177e34018914947e5b34348 DependenciesID=518f99957b2ffe7b1d2639db2a3386fa StaticDependenciesID=31f0846b34b82c148dfdce0b411c71d8 
Number of updated asset objects reloaded before import = 0
Number of asset objects unloaded after import = 0
========================================================================
Received Import Request.
  Time of request: 2026-10-09T03:48:16.172853Z
  Time since last request: 0.001515083 seconds.
  importAddress: GUID: b11c18394933342b7bb74eff32f73780 - Path: Assets/Scripts/SumoCameraRotate.cs - Importer: PreviewImporter
Importing 'GUID: b11c18394933342b7bb74eff32f73780 - Path: Assets/Scripts/SumoCameraRotate.cs - Importer: PreviewImporter' with importer (PreviewImporter)
Imported 'GUID: b11c18394933342b7bb74eff32f73780' -> (Import Result ID: 'b77fa42c7d5642c170c5babc0a3882eb') in 0.000 seconds [static and dynamic dependencies]. Details - ImportResultOutputID=5bd9cb970177e34018914947e5b34348 DependenciesID=518f99957b2ffe7b1d2639db2a3386fa StaticDependenciesID=31f0846b34b82c148dfdce0b411c71d8 
Number of updated asset objects reloaded before import = 0
Number of asset objects unloaded after import = 0
========================================================================
Received Import Request.
  Time of request: 2026-10-09T03:48:16.180269Z
  Time since last request: 0.000669 seconds.
  importAddress: GUID: b11c18394933342b7bb74eff32f73780 - Path: Assets/Scripts/SumoCameraRotate.cs - Importer: ScriptedImporter/UnityEditor.QuickSearchModule:UnityEditor.Search:ASIAI0B
Importing 'GUID: b11c18394933342b7bb74eff32f73780 - Path: Assets/Scripts/SumoCameraRotate.cs - Importer: ScriptedImporter/UnityEditor.QuickSearchModule:UnityEditor.Search:ASIAI0B' with importer (ScriptedImporter : UnityEditor.QuickSearchModule:UnityEditor.Search:ASIAI0B)
Imported 'GUID: b11c18394933342b7bb74eff32f73780' -> (Import Result ID: 'dde8a9383fc26c2c52c488dc17e69638') in 0.030 seconds [static and dynamic dependencies]. Details - ImportResultOutputID=deb80e948c656bbba2556ce07c132dfa DependenciesID=2803557bdbc0ccf32e7edde353d40050 StaticDependenciesID=17811a3412954984d18f16982a45dec7 
Number of updated asset objects reloaded before import = 0
Number of asset objects unloaded after import = 0
========================================================================
Received Import Request.
  Time of request: 2026-10-09T03:48:16.226353Z
  Time since last request: 0.008777083 seconds.
  importAddress: GUID: b11c18394933342b7bb74eff32f73780 - Path: Assets/Scripts/SumoCameraRotate.cs - Importer: PreviewImporter
Importing 'GUID: b11c18394933342b7bb74eff32f73780 - Path: Assets/Scripts/SumoCameraRotate.cs - Importer: PreviewImporter' with importer (PreviewImporter)
Imported 'GUID: b11c18394933342b7bb74eff32f73780' -> (Import Result ID: 'b77fa42c7d5642c170c5babc0a3882eb') in 0.000 seconds [static and dynamic dependencies]. Details - ImportResultOutputID=5bd9cb970177e34018914947e5b34348 DependenciesID=518f99957b2ffe7b1d2639db2a3386fa StaticDependenciesID=31f0846b34b82c148dfdce0b411c71d8 
Number of updated asset objects reloaded before import = 0
Number of asset objects unloaded after import = 0
========================================================================
Received Import Request.
  Time of request: 2026-10-09T03:48:16.263204Z
  Time since last request: 0.029578875 seconds.
  importAddress: GUID: b11c18394933342b7bb74eff32f73780 - Path: Assets/Scripts/SumoCameraRotate.cs - Importer: PreviewImporter
Importing 'GUID: b11c18394933342b7bb74eff32f73780 - Path: Assets/Scripts/SumoCameraRotate.cs - Importer: PreviewImporter' with importer (PreviewImporter)
Imported 'GUID: b11c18394933342b7bb74eff32f73780' -> (Import Result ID: 'b77fa42c7d5642c170c5babc0a3882eb') in 0.000 seconds [static and dynamic dependencies]. Details - ImportResultOutputID=5bd9cb970177e34018914947e5b34348 DependenciesID=518f99957b2ffe7b1d2639db2a3386fa StaticDependenciesID=31f0846b34b82c148dfdce0b411c71d8 
Number of updated asset objects reloaded before import = 0
Number of asset objects unloaded after import = 0
========================================================================
Received Import Request.
  Time of request: 2026-10-09T03:48:16.33222Z
  Time since last request: 0.061547917 seconds.
  importAddress: GUID: b11c18394933342b7bb74eff32f73780 - Path: Assets/Scripts/SumoCameraRotate.cs - Importer: PreviewImporter
Importing 'GUID: b11c18394933342b7bb74eff32f73780 - Path: Assets/Scripts/SumoCameraRotate.cs - Importer: PreviewImporter' with importer (PreviewImporter)
Imported 'GUID: b11c18394933342b7bb74eff32f73780' -> (Import Result ID: 'b77fa42c7d5642c170c5babc0a3882eb') in 0.000 seconds [static and dynamic dependencies]. Details - ImportResultOutputID=5bd9cb970177e34018914947e5b34348 DependenciesID=518f99957b2ffe7b1d2639db2a3386fa StaticDependenciesID=31f0846b34b82c148dfdce0b411c71d8 
Number of updated asset objects reloaded before import = 0
Number of asset objects unloaded after import = 0
========================================================================
Received Import Request.
  Time of request: 2026-10-09T03:48:16.343099Z
  Time since last request: 0.003594708 seconds.
  importAddress: GUID: b11c18394933342b7bb74eff32f73780 - Path: Assets/Scripts/SumoCameraRotate.cs - Importer: PreviewImporter
Importing 'GUID: b11c18394933342b7bb74eff32f73780 - Path: Assets/Scripts/SumoCameraRotate.cs - Importer: PreviewImporter' with importer (PreviewImporter)
Imported 'GUID: b11c18394933342b7bb74eff32f73780' -> (Import Result ID: 'b77fa42c7d5642c170c5babc0a3882eb') in 0.000 seconds [static and dynamic dependencies]. Details - ImportResultOutputID=5bd9cb970177e34018914947e5b34348 DependenciesID=518f99957b2ffe7b1d2639db2a3386fa StaticDependenciesID=31f0846b34b82c148dfdce0b411c71d8 
Number of updated asset objects reloaded before import = 0
Number of asset objects unloaded after import = 0
========================================================================
Received Import Request.
  Time of request: 2026-10-09T03:48:16.353309Z
  Time since last request: 0.003707542 seconds.
  importAddress: GUID: b11c18394933342b7bb74eff32f73780 - Path: Assets/Scripts/SumoCameraRotate.cs - Importer: PreviewImporter
Importing 'GUID: b11c18394933342b7bb74eff32f73780 - Path: Assets/Scripts/SumoCameraRotate.cs - Importer: PreviewImporter' with importer (PreviewImporter)
Imported 'GUID: b11c18394933342b7bb74eff32f73780' -> (Import Result ID: 'b77fa42c7d5642c170c5babc0a3882eb') in 0.000 seconds [static and dynamic dependencies]. Details - ImportResultOutputID=5bd9cb970177e34018914947e5b34348 DependenciesID=518f99957b2ffe7b1d2639db2a3386fa StaticDependenciesID=31f0846b34b82c148dfdce0b411c71d8 
Number of updated asset objects reloaded before import = 0
Number of asset objects unloaded after import = 0
========================================================================
Received Import Request.
  Time of request: 2026-10-09T03:48:16.361241Z
  Time since last request: 0.001207833 seconds.
  importAddress: GUID: b11c18394933342b7bb74eff32f73780 - Path: Assets/Scripts/SumoCameraRotate.cs - Importer: PreviewImporter
Importing 'GUID: b11c18394933342b7bb74eff32f73780 - Path: Assets/Scripts/SumoCameraRotate.cs - Importer: PreviewImporter' with importer (PreviewImporter)
Imported 'GUID: b11c18394933342b7bb74eff32f73780' -> (Import Result ID: 'b77fa42c7d5642c170c5babc0a3882eb') in 0.000 seconds [static and dynamic dependencies]. Details - ImportResultOutputID=5bd9cb970177e34018914947e5b34348 DependenciesID=518f99957b2ffe7b1d2639db2a3386fa StaticDependenciesID=31f0846b34b82c148dfdce0b411c71d8 
Number of updated asset objects reloaded before import = 0
Number of asset objects unloaded after import = 0
========================================================================
Received Import Request.
  Time of request: 2026-10-09T03:48:16.369288Z
  Time since last request: 0.000307708 seconds.
  importAddress: GUID: b11c18394933342b7bb74eff32f73780 - Path: Assets/Scripts/SumoCameraRotate.cs - Importer: PreviewImporter
Importing 'GUID: b11c18394933342b7bb74eff32f73780 - Path: Assets/Scripts/SumoCameraRotate.cs - Importer: PreviewImporter' with importer (PreviewImporter)
Imported 'GUID: b11c18394933342b7bb74eff32f73780' -> (Import Result ID: 'b77fa42c7d5642c170c5babc0a3882eb') in 0.000 seconds [static and dynamic dependencies]. Details - ImportResultOutputID=5bd9cb970177e34018914947e5b34348 DependenciesID=518f99957b2ffe7b1d2639db2a3386fa StaticDependenciesID=31f0846b34b82c148dfdce0b411c71d8 
Number of updated asset objects reloaded before import = 0
Number of asset objects unloaded after import = 0
========================================================================
Received Import Request.
  Time of request: 2026-10-09T03:48:16.377491Z
  Time since last request: 0.000770125 seconds.
  importAddress: GUID: b11c18394933342b7bb74eff32f73780 - Path: Assets/Scripts/SumoCameraRotate.cs - Importer: PreviewImporter
Importing 'GUID: b11c18394933342b7bb74eff32f73780 - Path: Assets/Scripts/SumoCameraRotate.cs - Importer: PreviewImporter' with importer (PreviewImporter)
Imported 'GUID: b11c18394933342b7bb74eff32f73780' -> (Import Result ID: 'b77fa42c7d5642c170c5babc0a3882eb') in 0.000 seconds [static and dynamic dependencies]. Details - ImportResultOutputID=5bd9cb970177e34018914947e5b34348 DependenciesID=518f99957b2ffe7b1d2639db2a3386fa StaticDependenciesID=31f0846b34b82c148dfdce0b411c71d8 
Number of updated asset objects reloaded before import = 0
Number of asset objects unloaded after import = 0
========================================================================
Received Import Request.
  Time of request: 2026-10-09T03:48:16.385871Z
  Time since last request: 0.000654875 seconds.
  importAddress: GUID: b11c18394933342b7bb74eff32f73780 - Path: Assets/Scripts/SumoCameraRotate.cs - Importer: PreviewImporter
Importing 'GUID: b11c18394933342b7bb74eff32f73780 - Path: Assets/Scripts/SumoCameraRotate.cs - Importer: PreviewImporter' with importer (PreviewImporter)
Imported 'GUID: b11c18394933342b7bb74eff32f73780' -> (Import Result ID: 'b77fa42c7d5642c170c5babc0a3882eb') in 0.000 seconds [static and dynamic dependencies]. Details - ImportResultOutputID=5bd9cb970177e34018914947e5b34348 DependenciesID=518f99957b2ffe7b1d2639db2a3386fa StaticDependenciesID=31f0846b34b82c148dfdce0b411c71d8 
Number of updated asset objects reloaded before import = 0
Number of asset objects unloaded after import = 0
========================================================================
Received Import Request.
  Time of request: 2026-10-09T03:48:16.393667Z
  Time since last request: 0.000320209 seconds.
  importAddress: GUID: b11c18394933342b7bb74eff32f73780 - Path: Assets/Scripts/SumoCameraRotate.cs - Importer: PreviewImporter
Importing 'GUID: b11c18394933342b7bb74eff32f73780 - Path: Assets/Scripts/SumoCameraRotate.cs - Importer: PreviewImporter' with importer (PreviewImporter)
Imported 'GUID: b11c18394933342b7bb74eff32f73780' -> (Import Result ID: 'b77fa42c7d5642c170c5babc0a3882eb') in 0.000 seconds [static and dynamic dependencies]. Details - ImportResultOutputID=5bd9cb970177e34018914947e5b34348 DependenciesID=518f99957b2ffe7b1d2639db2a3386fa StaticDependenciesID=31f0846b34b82c148dfdce0b411c71d8 
Number of updated asset objects reloaded before import = 0
Number of asset objects unloaded after import = 0
========================================================================
Received Import Request.
  Time of request: 2026-10-09T03:48:16.401754Z
  Time since last request: 0.000332625 seconds.
  importAddress: GUID: b11c18394933342b7bb74eff32f73780 - Path: Assets/Scripts/SumoCameraRotate.cs - Importer: PreviewImporter
Importing 'GUID: b11c18394933342b7bb74eff32f73780 - Path: Assets/Scripts/SumoCameraRotate.cs - Importer: PreviewImporter' with importer (PreviewImporter)
Imported 'GUID: b11c18394933342b7bb74eff32f73780' -> (Import Result ID: 'b77fa42c7d5642c170c5babc0a3882eb') in 0.000 seconds [static and dynamic dependencies]. Details - ImportResultOutputID=5bd9cb970177e34018914947e5b34348 DependenciesID=518f99957b2ffe7b1d2639db2a3386fa StaticDependenciesID=31f0846b34b82c148dfdce0b411c71d8 
Number of updated asset objects reloaded before import = 0
Number of asset objects unloaded after import = 0
========================================================================
Received Import Request.
  Time of request: 2026-10-09T03:48:16.409879Z
  Time since last request: 0.000644208 seconds.
  importAddress: GUID: b11c18394933342b7bb74eff32f73780 - Path: Assets/Scripts/SumoCameraRotate.cs - Importer: PreviewImporter
Importing 'GUID: b11c18394933342b7bb74eff32f73780 - Path: Assets/Scripts/SumoCameraRotate.cs - Importer: PreviewImporter' with importer (PreviewImporter)
Imported 'GUID: b11c18394933342b7bb74eff32f73780' -> (Import Result ID: 'b77fa42c7d5642c170c5babc0a3882eb') in 0.000 seconds [static and dynamic dependencies]. Details - ImportResultOutputID=5bd9cb970177e34018914947e5b34348 DependenciesID=518f99957b2ffe7b1d2639db2a3386fa StaticDependenciesID=31f0846b34b82c148dfdce0b411c71d8 
Number of updated asset objects reloaded before import = 0
Number of asset objects unloaded after import = 0
========================================================================
Received Import Request.
  Time of request: 2026-10-09T03:48:16.417967Z
  Time since last request: 0.001366125 seconds.
  importAddress: GUID: b11c18394933342b7bb74eff32f73780 - Path: Assets/Scripts/SumoCameraRotate.cs - Importer: PreviewImporter
Importing 'GUID: b11c18394933342b7bb74eff32f73780 - Path: Assets/Scripts/SumoCameraRotate.cs - Importer: PreviewImporter' with importer (PreviewImporter)
Imported 'GUID: b11c18394933342b7bb74eff32f73780' -> (Import Result ID: 'b77fa42c7d5642c170c5babc0a3882eb') in 0.000 seconds [static and dynamic dependencies]. Details - ImportResultOutputID=5bd9cb970177e34018914947e5b34348 DependenciesID=518f99957b2ffe7b1d2639db2a3386fa StaticDependenciesID=31f0846b34b82c148dfdce0b411c71d8 
Number of updated asset objects reloaded before import = 0
Number of asset objects unloaded after import = 0
========================================================================
Received Import Request.
  Time of request: 2026-10-09T03:48:16.426349Z
  Time since last request: 0.001113541 seconds.
  importAddress: GUID: b11c18394933342b7bb74eff32f73780 - Path: Assets/Scripts/SumoCameraRotate.cs - Importer: PreviewImporter
Importing 'GUID: b11c18394933342b7bb74eff32f73780 - Path: Assets/Scripts/SumoCameraRotate.cs - Importer: PreviewImporter' with importer (PreviewImporter)
Imported 'GUID: b11c18394933342b7bb74eff32f73780' -> (Import Result ID: 'b77fa42c7d5642c170c5babc0a3882eb') in 0.000 seconds [static and dynamic dependencies]. Details - ImportResultOutputID=5bd9cb970177e34018914947e5b34348 DependenciesID=518f99957b2ffe7b1d2639db2a3386fa StaticDependenciesID=31f0846b34b82c148dfdce0b411c71d8 
Number of updated asset objects reloaded before import = 0
Number of asset objects unloaded after import = 0
========================================================================
Received Import Request.
  Time of request: 2026-10-09T03:48:16.434422Z
  Time since last request: 0.000288417 seconds.
  importAddress: GUID: b11c18394933342b7bb74eff32f73780 - Path: Assets/Scripts/SumoCameraRotate.cs - Importer: PreviewImporter
Importing 'GUID: b11c18394933342b7bb74eff32f73780 - Path: Assets/Scripts/SumoCameraRotate.cs - Importer: PreviewImporter' with importer (PreviewImporter)
Imported 'GUID: b11c18394933342b7bb74eff32f73780' -> (Import Result ID: 'b77fa42c7d5642c170c5babc0a3882eb') in 0.000 seconds [static and dynamic dependencies]. Details - ImportResultOutputID=5bd9cb970177e34018914947e5b34348 DependenciesID=518f99957b2ffe7b1d2639db2a3386fa StaticDependenciesID=31f0846b34b82c148dfdce0b411c71d8 
Number of updated asset objects reloaded before import = 0
Number of asset objects unloaded after import = 0
========================================================================
Received Import Request.
  Time of request: 2026-10-09T03:48:16.44258Z
  Time since last request: 0.000812125 seconds.
  importAddress: GUID: b11c18394933342b7bb74eff32f73780 - Path: Assets/Scripts/SumoCameraRotate.cs - Importer: PreviewImporter
Importing 'GUID: b11c18394933342b7bb74eff32f73780 - Path: Assets/Scripts/SumoCameraRotate.cs - Importer: PreviewImporter' with importer (PreviewImporter)
Imported 'GUID: b11c18394933342b7bb74eff32f73780' -> (Import Result ID: 'b77fa42c7d5642c170c5babc0a3882eb') in 0.000 seconds [static and dynamic dependencies]. Details - ImportResultOutputID=5bd9cb970177e34018914947e5b34348 DependenciesID=518f99957b2ffe7b1d2639db2a3386fa StaticDependenciesID=31f0846b34b82c148dfdce0b411c71d8 
Number of updated asset objects reloaded before import = 0
Number of asset objects unloaded after import = 0
========================================================================
Received Import Request.
  Time of request: 2026-10-09T03:48:16.450628Z
  Time since last request: 0.000754167 seconds.
  importAddress: GUID: b11c18394933342b7bb74eff32f73780 - Path: Assets/Scripts/SumoCameraRotate.cs - Importer: PreviewImporter
Importing 'GUID: b11c18394933342b7bb74eff32f73780 - Path: Assets/Scripts/SumoCameraRotate.cs - Importer: PreviewImporter' with importer (PreviewImporter)
Imported 'GUID: b11c18394933342b7bb74eff32f73780' -> (Import Result ID: 'b77fa42c7d5642c170c5babc0a3882eb') in 0.000 seconds [static and dynamic dependencies]. Details - ImportResultOutputID=5bd9cb970177e34018914947e5b34348 DependenciesID=518f99957b2ffe7b1d2639db2a3386fa StaticDependenciesID=31f0846b34b82c148dfdce0b411c71d8 
Number of updated asset objects reloaded before import = 0
Number of asset objects unloaded after import = 0
========================================================================
Received Import Request.
  Time of request: 2026-10-09T03:48:16.458949Z
  Time since last request: 0.000697583 seconds.
  importAddress: GUID: b11c18394933342b7bb74eff32f73780 - Path: Assets/Scripts/SumoCameraRotate.cs - Importer: PreviewImporter
Importing 'GUID: b11c18394933342b7bb74eff32f73780 - Path: Assets/Scripts/SumoCameraRotate.cs - Importer: PreviewImporter' with importer (PreviewImporter)
Imported 'GUID: b11c18394933342b7bb74eff32f73780' -> (Import Result ID: 'b77fa42c7d5642c170c5babc0a3882eb') in 0.000 seconds [static and dynamic dependencies]. Details - ImportResultOutputID=5bd9cb970177e34018914947e5b34348 DependenciesID=518f99957b2ffe7b1d2639db2a3386fa StaticDependenciesID=31f0846b34b82c148dfdce0b411c71d8 
Number of updated asset objects reloaded before import = 0
Number of asset objects unloaded after import = 0
========================================================================
Received Import Request.
  Time of request: 2026-10-09T03:48:16.466975Z
  Time since last request: 0.000318458 seconds.
  importAddress: GUID: b11c18394933342b7bb74eff32f73780 - Path: Assets/Scripts/SumoCameraRotate.cs - Importer: PreviewImporter
Importing 'GUID: b11c18394933342b7bb74eff32f73780 - Path: Assets/Scripts/SumoCameraRotate.cs - Importer: PreviewImporter' with importer (PreviewImporter)
Imported 'GUID: b11c18394933342b7bb74eff32f73780' -> (Import Result ID: 'b77fa42c7d5642c170c5babc0a3882eb') in 0.000 seconds [static and dynamic dependencies]. Details - ImportResultOutputID=5bd9cb970177e34018914947e5b34348 DependenciesID=518f99957b2ffe7b1d2639db2a3386fa StaticDependenciesID=31f0846b34b82c148dfdce0b411c71d8 
Number of updated asset objects reloaded before import = 0
Number of asset objects unloaded after import = 0
========================================================================
Received Import Request.
  Time of request: 2026-10-09T03:48:16.475077Z
  Time since last request: 0.0002925 seconds.
  importAddress: GUID: b11c18394933342b7bb74eff32f73780 - Path: Assets/Scripts/SumoCameraRotate.cs - Importer: PreviewImporter
Importing 'GUID: b11c18394933342b7bb74eff32f73780 - Path: Assets/Scripts/SumoCameraRotate.cs - Importer: PreviewImporter' with importer (PreviewImporter)
Imported 'GUID: b11c18394933342b7bb74eff32f73780' -> (Import Result ID: 'b77fa42c7d5642c170c5babc0a3882eb') in 0.000 seconds [static and dynamic dependencies]. Details - ImportResultOutputID=5bd9cb970177e34018914947e5b34348 DependenciesID=518f99957b2ffe7b1d2639db2a3386fa StaticDependenciesID=31f0846b34b82c148dfdce0b411c71d8 
Number of updated asset objects reloaded before import = 0
Number of asset objects unloaded after import = 0
========================================================================
Received Import Request.
  Time of request: 2026-10-09T03:48:16.483269Z
  Time since last request: 0.000266125 seconds.
  importAddress: GUID: b11c18394933342b7bb74eff32f73780 - Path: Assets/Scripts/SumoCameraRotate.cs - Importer: PreviewImporter
Importing 'GUID: b11c18394933342b7bb74eff32f73780 - Path: Assets/Scripts/SumoCameraRotate.cs - Importer: PreviewImporter' with importer (PreviewImporter)
Imported 'GUID: b11c18394933342b7bb74eff32f73780' -> (Import Result ID: 'b77fa42c7d5642c170c5babc0a3882eb') in 0.000 seconds [static and dynamic dependencies]. Details - ImportResultOutputID=5bd9cb970177e34018914947e5b34348 DependenciesID=518f99957b2ffe7b1d2639db2a3386fa StaticDependenciesID=31f0846b34b82c148dfdce0b411c71d8 
Number of updated asset objects reloaded before import = 0
Number of asset objects unloaded after import = 0
========================================================================
Received Import Request.
  Time of request: 2026-10-09T03:48:16.491333Z
  Time since last request: 0.000586875 seconds.
  importAddress: GUID: b11c18394933342b7bb74eff32f73780 - Path: Assets/Scripts/SumoCameraRotate.cs - Importer: PreviewImporter
Importing 'GUID: b11c18394933342b7bb74eff32f73780 - Path: Assets/Scripts/SumoCameraRotate.cs - Importer: PreviewImporter' with importer (PreviewImporter)
Imported 'GUID: b11c18394933342b7bb74eff32f73780' -> (Import Result ID: 'b77fa42c7d5642c170c5babc0a3882eb') in 0.000 seconds [static and dynamic dependencies]. Details - ImportResultOutputID=5bd9cb970177e34018914947e5b34348 DependenciesID=518f99957b2ffe7b1d2639db2a3386fa StaticDependenciesID=31f0846b34b82c148dfdce0b411c71d8 
Number of updated asset objects reloaded before import = 0
Number of asset objects unloaded after import = 0
========================================================================
Received Import Request.
  Time of request: 2026-10-09T03:48:16.499622Z
  Time since last request: 0.0006545 seconds.
  importAddress: GUID: b11c18394933342b7bb74eff32f73780 - Path: Assets/Scripts/SumoCameraRotate.cs - Importer: PreviewImporter
Importing 'GUID: b11c18394933342b7bb74eff32f73780 - Path: Assets/Scripts/SumoCameraRotate.cs - Importer: PreviewImporter' with importer (PreviewImporter)
Imported 'GUID: b11c18394933342b7bb74eff32f73780' -> (Import Result ID: 'b77fa42c7d5642c170c5babc0a3882eb') in 0.000 seconds [static and dynamic dependencies]. Details - ImportResultOutputID=5bd9cb970177e34018914947e5b34348 DependenciesID=518f99957b2ffe7b1d2639db2a3386fa StaticDependenciesID=31f0846b34b82c148dfdce0b411c71d8 
Number of updated asset objects reloaded before import = 0
Number of asset objects unloaded after import = 0
========================================================================
Received Import Request.
  Time of request: 2026-10-09T03:48:16.507774Z
  Time since last request: 0.000647834 seconds.
  importAddress: GUID: b11c18394933342b7bb74eff32f73780 - Path: Assets/Scripts/SumoCameraRotate.cs - Importer: PreviewImporter
Importing 'GUID: b11c18394933342b7bb74eff32f73780 - Path: Assets/Scripts/SumoCameraRotate.cs - Importer: PreviewImporter' with importer (PreviewImporter)
Imported 'GUID: b11c18394933342b7bb74eff32f73780' -> (Import Result ID: 'b77fa42c7d5642c170c5babc0a3882eb') in 0.000 seconds [static and dynamic dependencies]. Details - ImportResultOutputID=5bd9cb970177e34018914947e5b34348 DependenciesID=518f99957b2ffe7b1d2639db2a3386fa StaticDependenciesID=31f0846b34b82c148dfdce0b411c71d8 
Number of updated asset objects reloaded before import = 0
Number of asset objects unloaded after import = 0
========================================================================
Received Import Request.
  Time of request: 2026-10-09T03:48:16.515977Z
  Time since last request: 0.000245625 seconds.
  importAddress: GUID: b11c18394933342b7bb74eff32f73780 - Path: Assets/Scripts/SumoCameraRotate.cs - Importer: PreviewImporter
Importing 'GUID: b11c18394933342b7bb74eff32f73780 - Path: Assets/Scripts/SumoCameraRotate.cs - Importer: PreviewImporter' with importer (PreviewImporter)
Imported 'GUID: b11c18394933342b7bb74eff32f73780' -> (Import Result ID: 'b77fa42c7d5642c170c5babc0a3882eb') in 0.000 seconds [static and dynamic dependencies]. Details - ImportResultOutputID=5bd9cb970177e34018914947e5b34348 DependenciesID=518f99957b2ffe7b1d2639db2a3386fa StaticDependenciesID=31f0846b34b82c148dfdce0b411c71d8 
Number of updated asset objects reloaded before import = 0
Number of asset objects unloaded after import = 0
========================================================================
Received Import Request.
  Time of request: 2026-10-09T03:48:16.524182Z
  Time since last request: 0.000301 seconds.
  importAddress: GUID: b11c18394933342b7bb74eff32f73780 - Path: Assets/Scripts/SumoCameraRotate.cs - Importer: PreviewImporter
Importing 'GUID: b11c18394933342b7bb74eff32f73780 - Path: Assets/Scripts/SumoCameraRotate.cs - Importer: PreviewImporter' with importer (PreviewImporter)
Imported 'GUID: b11c18394933342b7bb74eff32f73780' -> (Import Result ID: 'b77fa42c7d5642c170c5babc0a3882eb') in 0.000 seconds [static and dynamic dependencies]. Details - ImportResultOutputID=5bd9cb970177e34018914947e5b34348 DependenciesID=518f99957b2ffe7b1d2639db2a3386fa StaticDependenciesID=31f0846b34b82c148dfdce0b411c71d8 
Number of updated asset objects reloaded before import = 0
Number of asset objects unloaded after import = 0
========================================================================
Received Import Request.
  Time of request: 2026-10-09T03:48:16.532667Z
  Time since last request: 0.00050925 seconds.
  importAddress: GUID: b11c18394933342b7bb74eff32f73780 - Path: Assets/Scripts/SumoCameraRotate.cs - Importer: PreviewImporter
Importing 'GUID: b11c18394933342b7bb74eff32f73780 - Path: Assets/Scripts/SumoCameraRotate.cs - Importer: PreviewImporter' with importer (PreviewImporter)
Imported 'GUID: b11c18394933342b7bb74eff32f73780' -> (Import Result ID: 'b77fa42c7d5642c170c5babc0a3882eb') in 0.000 seconds [static and dynamic dependencies]. Details - ImportResultOutputID=5bd9cb970177e34018914947e5b34348 DependenciesID=518f99957b2ffe7b1d2639db2a3386fa StaticDependenciesID=31f0846b34b82c148dfdce0b411c71d8 
Number of updated asset objects reloaded before import = 0
Number of asset objects unloaded after import = 0
========================================================================
Received Import Request.
  Time of request: 2026-10-09T03:48:16.544934Z
  Time since last request: 0.0049485 seconds.
  importAddress: GUID: b11c18394933342b7bb74eff32f73780 - Path: Assets/Scripts/SumoCameraRotate.cs - Importer: PreviewImporter
Importing 'GUID: b11c18394933342b7bb74eff32f73780 - Path: Assets/Scripts/SumoCameraRotate.cs - Importer: PreviewImporter' with importer (PreviewImporter)
Imported 'GUID: b11c18394933342b7bb74eff32f73780' -> (Import Result ID: 'b77fa42c7d5642c170c5babc0a3882eb') in 0.000 seconds [static and dynamic dependencies]. Details - ImportResultOutputID=5bd9cb970177e34018914947e5b34348 DependenciesID=518f99957b2ffe7b1d2639db2a3386fa StaticDependenciesID=31f0846b34b82c148dfdce0b411c71d8 
Number of updated asset objects reloaded before import = 0
Number of asset objects unloaded after import = 0
========================================================================
Received Import Request.
  Time of request: 2026-10-09T03:48:16.556378Z
  Time since last request: 0.00337 seconds.
  importAddress: GUID: b11c18394933342b7bb74eff32f73780 - Path: Assets/Scripts/SumoCameraRotate.cs - Importer: PreviewImporter
Importing 'GUID: b11c18394933342b7bb74eff32f73780 - Path: Assets/Scripts/SumoCameraRotate.cs - Importer: PreviewImporter' with importer (PreviewImporter)
Imported 'GUID: b11c18394933342b7bb74eff32f73780' -> (Import Result ID: 'b77fa42c7d5642c170c5babc0a3882eb') in 0.000 seconds [static and dynamic dependencies]. Details - ImportResultOutputID=5bd9cb970177e34018914947e5b34348 DependenciesID=518f99957b2ffe7b1d2639db2a3386fa StaticDependenciesID=31f0846b34b82c148dfdce0b411c71d8 
Number of updated asset objects reloaded before import = 0
Number of asset objects unloaded after import = 0
========================================================================
Received Import Request.
  Time of request: 2026-10-09T03:48:16.564942Z
  Time since last request: 0.00047225 seconds.
  importAddress: GUID: b11c18394933342b7bb74eff32f73780 - Path: Assets/Scripts/SumoCameraRotate.cs - Importer: PreviewImporter
Importing 'GUID: b11c18394933342b7bb74eff32f73780 - Path: Assets/Scripts/SumoCameraRotate.cs - Importer: PreviewImporter' with importer (PreviewImporter)
Imported 'GUID: b11c18394933342b7bb74eff32f73780' -> (Import Result ID: 'b77fa42c7d5642c170c5babc0a3882eb') in 0.000 seconds [static and dynamic dependencies]. Details - ImportResultOutputID=5bd9cb970177e34018914947e5b34348 DependenciesID=518f99957b2ffe7b1d2639db2a3386fa StaticDependenciesID=31f0846b34b82c148dfdce0b411c71d8 
Number of updated asset objects reloaded before import = 0
Number of asset objects unloaded after import = 0
========================================================================
Received Import Request.
  Time of request: 2026-10-09T03:48:16.573238Z
  Time since last request: 0.000674584 seconds.
  importAddress: GUID: b11c18394933342b7bb74eff32f73780 - Path: Assets/Scripts/SumoCameraRotate.cs - Importer: PreviewImporter
Importing 'GUID: b11c18394933342b7bb74eff32f73780 - Path: Assets/Scripts/SumoCameraRotate.cs - Importer: PreviewImporter' with importer (PreviewImporter)
Imported 'GUID: b11c18394933342b7bb74eff32f73780' -> (Import Result ID: 'b77fa42c7d5642c170c5babc0a3882eb') in 0.000 seconds [static and dynamic dependencies]. Details - ImportResultOutputID=5bd9cb970177e34018914947e5b34348 DependenciesID=518f99957b2ffe7b1d2639db2a3386fa StaticDependenciesID=31f0846b34b82c148dfdce0b411c71d8 
Number of updated asset objects reloaded before import = 0
Number of asset objects unloaded after import = 0
========================================================================
Received Import Request.
  Time of request: 2026-10-09T03:48:16.581438Z
  Time since last request: 0.0003325 seconds.
  importAddress: GUID: b11c18394933342b7bb74eff32f73780 - Path: Assets/Scripts/SumoCameraRotate.cs - Importer: PreviewImporter
Importing 'GUID: b11c18394933342b7bb74eff32f73780 - Path: Assets/Scripts/SumoCameraRotate.cs - Importer: PreviewImporter' with importer (PreviewImporter)
Imported 'GUID: b11c18394933342b7bb74eff32f73780' -> (Import Result ID: 'b77fa42c7d5642c170c5babc0a3882eb') in 0.000 seconds [static and dynamic dependencies]. Details - ImportResultOutputID=5bd9cb970177e34018914947e5b34348 DependenciesID=518f99957b2ffe7b1d2639db2a3386fa StaticDependenciesID=31f0846b34b82c148dfdce0b411c71d8 
Number of updated asset objects reloaded before import = 0
Number of asset objects unloaded after import = 0
========================================================================
Received Import Request.
  Time of request: 2026-10-09T03:48:16.5936Z
  Time since last request: 0.004284917 seconds.
  importAddress: GUID: b11c18394933342b7bb74eff32f73780 - Path: Assets/Scripts/SumoCameraRotate.cs - Importer: PreviewImporter
Importing 'GUID: b11c18394933342b7bb74eff32f73780 - Path: Assets/Scripts/SumoCameraRotate.cs - Importer: PreviewImporter' with importer (PreviewImporter)
Imported 'GUID: b11c18394933342b7bb74eff32f73780' -> (Import Result ID: 'b77fa42c7d5642c170c5babc0a3882eb') in 0.000 seconds [static and dynamic dependencies]. Details - ImportResultOutputID=5bd9cb970177e34018914947e5b34348 DependenciesID=518f99957b2ffe7b1d2639db2a3386fa StaticDependenciesID=31f0846b34b82c148dfdce0b411c71d8 
Number of updated asset objects reloaded before import = 0
Number of asset objects unloaded after import = 0
========================================================================
Received Import Request.
  Time of request: 2026-10-09T03:48:16.601667Z
  Time since last request: 0.000471959 seconds.
  importAddress: GUID: b11c18394933342b7bb74eff32f73780 - Path: Assets/Scripts/SumoCameraRotate.cs - Importer: PreviewImporter
Importing 'GUID: b11c18394933342b7bb74eff32f73780 - Path: Assets/Scripts/SumoCameraRotate.cs - Importer: PreviewImporter' with importer (PreviewImporter)
Imported 'GUID: b11c18394933342b7bb74eff32f73780' -> (Import Result ID: 'b77fa42c7d5642c170c5babc0a3882eb') in 0.000 seconds [static and dynamic dependencies]. Details - ImportResultOutputID=5bd9cb970177e34018914947e5b34348 DependenciesID=518f99957b2ffe7b1d2639db2a3386fa StaticDependenciesID=31f0846b34b82c148dfdce0b411c71d8 
Number of updated asset objects reloaded before import = 0
Number of asset objects unloaded after import = 0
========================================================================
Received Import Request.
  Time of request: 2026-10-09T03:48:16.610196Z
  Time since last request: 0.001084292 seconds.
  importAddress: GUID: b11c18394933342b7bb74eff32f73780 - Path: Assets/Scripts/SumoCameraRotate.cs - Importer: PreviewImporter
Importing 'GUID: b11c18394933342b7bb74eff32f73780 - Path: Assets/Scripts/SumoCameraRotate.cs - Importer: PreviewImporter' with importer (PreviewImporter)
Imported 'GUID: b11c18394933342b7bb74eff32f73780' -> (Import Result ID: 'b77fa42c7d5642c170c5babc0a3882eb') in 0.000 seconds [static and dynamic dependencies]. Details - ImportResultOutputID=5bd9cb970177e34018914947e5b34348 DependenciesID=518f99957b2ffe7b1d2639db2a3386fa StaticDependenciesID=31f0846b34b82c148dfdce0b411c71d8 
Number of updated asset objects reloaded before import = 0
Number of asset objects unloaded after import = 0
========================================================================
Received Import Request.
  Time of request: 2026-10-09T03:48:16.618873Z
  Time since last request: 0.001061042 seconds.
  importAddress: GUID: b11c18394933342b7bb74eff32f73780 - Path: Assets/Scripts/SumoCameraRotate.cs - Importer: PreviewImporter
Importing 'GUID: b11c18394933342b7bb74eff32f73780 - Path: Assets/Scripts/SumoCameraRotate.cs - Importer: PreviewImporter' with importer (PreviewImporter)
Imported 'GUID: b11c18394933342b7bb74eff32f73780' -> (Import Result ID: 'b77fa42c7d5642c170c5babc0a3882eb') in 0.000 seconds [static and dynamic dependencies]. Details - ImportResultOutputID=5bd9cb970177e34018914947e5b34348 DependenciesID=518f99957b2ffe7b1d2639db2a3386fa StaticDependenciesID=31f0846b34b82c148dfdce0b411c71d8 
Number of updated asset objects reloaded before import = 0
Number of asset objects unloaded after import = 0
========================================================================
Received Import Request.
  Time of request: 2026-10-09T03:48:16.630589Z
  Time since last request: 0.003703375 seconds.
  importAddress: GUID: b11c18394933342b7bb74eff32f73780 - Path: Assets/Scripts/SumoCameraRotate.cs - Importer: PreviewImporter
Importing 'GUID: b11c18394933342b7bb74eff32f73780 - Path: Assets/Scripts/SumoCameraRotate.cs - Importer: PreviewImporter' with importer (PreviewImporter)
Imported 'GUID: b11c18394933342b7bb74eff32f73780' -> (Import Result ID: 'b77fa42c7d5642c170c5babc0a3882eb') in 0.000 seconds [static and dynamic dependencies]. Details - ImportResultOutputID=5bd9cb970177e34018914947e5b34348 DependenciesID=518f99957b2ffe7b1d2639db2a3386fa StaticDependenciesID=31f0846b34b82c148dfdce0b411c71d8 
Number of updated asset objects reloaded before import = 0
Number of asset objects unloaded after import = 0
========================================================================
Received Import Request.
  Time of request: 2026-10-09T03:48:16.63855Z
  Time since last request: 0.000581667 seconds.
  importAddress: GUID: b11c18394933342b7bb74eff32f73780 - Path: Assets/Scripts/SumoCameraRotate.cs - Importer: PreviewImporter
Importing 'GUID: b11c18394933342b7bb74eff32f73780 - Path: Assets/Scripts/SumoCameraRotate.cs - Importer: PreviewImporter' with importer (PreviewImporter)
Imported 'GUID: b11c18394933342b7bb74eff32f73780' -> (Import Result ID: 'b77fa42c7d5642c170c5babc0a3882eb') in 0.000 seconds [static and dynamic dependencies]. Details - ImportResultOutputID=5bd9cb970177e34018914947e5b34348 DependenciesID=518f99957b2ffe7b1d2639db2a3386fa StaticDependenciesID=31f0846b34b82c148dfdce0b411c71d8 
Number of updated asset objects reloaded before import = 0
Number of asset objects unloaded after import = 0
========================================================================
Received Import Request.
  Time of request: 2026-10-09T03:48:16.646752Z
  Time since last request: 0.000652875 seconds.
  importAddress: GUID: b11c18394933342b7bb74eff32f73780 - Path: Assets/Scripts/SumoCameraRotate.cs - Importer: PreviewImporter
Importing 'GUID: b11c18394933342b7bb74eff32f73780 - Path: Assets/Scripts/SumoCameraRotate.cs - Importer: PreviewImporter' with importer (PreviewImporter)
Imported 'GUID: b11c18394933342b7bb74eff32f73780' -> (Import Result ID: 'b77fa42c7d5642c170c5babc0a3882eb') in 0.000 seconds [static and dynamic dependencies]. Details - ImportResultOutputID=5bd9cb970177e34018914947e5b34348 DependenciesID=518f99957b2ffe7b1d2639db2a3386fa StaticDependenciesID=31f0846b34b82c148dfdce0b411c71d8 
Number of updated asset objects reloaded before import = 0
Number of asset objects unloaded after import = 0
========================================================================
Received Import Request.
  Time of request: 2026-10-09T03:48:16.655083Z
  Time since last request: 0.000298333 seconds.
  importAddress: GUID: b11c18394933342b7bb74eff32f73780 - Path: Assets/Scripts/SumoCameraRotate.cs - Importer: PreviewImporter
Importing 'GUID: b11c18394933342b7bb74eff32f73780 - Path: Assets/Scripts/SumoCameraRotate.cs - Importer: PreviewImporter' with importer (PreviewImporter)
Imported 'GUID: b11c18394933342b7bb74eff32f73780' -> (Import Result ID: 'b77fa42c7d5642c170c5babc0a3882eb') in 0.000 seconds [static and dynamic dependencies]. Details - ImportResultOutputID=5bd9cb970177e34018914947e5b34348 DependenciesID=518f99957b2ffe7b1d2639db2a3386fa StaticDependenciesID=31f0846b34b82c148dfdce0b411c71d8 
Number of updated asset objects reloaded before import = 0
Number of asset objects unloaded after import = 0
========================================================================
Received Import Request.
  Time of request: 2026-10-09T03:48:16.663403Z
  Time since last request: 0.000257792 seconds.
  importAddress: GUID: b11c18394933342b7bb74eff32f73780 - Path: Assets/Scripts/SumoCameraRotate.cs - Importer: PreviewImporter
Importing 'GUID: b11c18394933342b7bb74eff32f73780 - Path: Assets/Scripts/SumoCameraRotate.cs - Importer: PreviewImporter' with importer (PreviewImporter)
Imported 'GUID: b11c18394933342b7bb74eff32f73780' -> (Import Result ID: 'b77fa42c7d5642c170c5babc0a3882eb') in 0.000 seconds [static and dynamic dependencies]. Details - ImportResultOutputID=5bd9cb970177e34018914947e5b34348 DependenciesID=518f99957b2ffe7b1d2639db2a3386fa StaticDependenciesID=31f0846b34b82c148dfdce0b411c71d8 
Number of updated asset objects reloaded before import = 0
Number of asset objects unloaded after import = 0
========================================================================
Received Import Request.
  Time of request: 2026-10-09T03:48:16.671708Z
  Time since last request: 0.000645375 seconds.
  importAddress: GUID: b11c18394933342b7bb74eff32f73780 - Path: Assets/Scripts/SumoCameraRotate.cs - Importer: PreviewImporter
Importing 'GUID: b11c18394933342b7bb74eff32f73780 - Path: Assets/Scripts/SumoCameraRotate.cs - Importer: PreviewImporter' with importer (PreviewImporter)
Imported 'GUID: b11c18394933342b7bb74eff32f73780' -> (Import Result ID: 'b77fa42c7d5642c170c5babc0a3882eb') in 0.000 seconds [static and dynamic dependencies]. Details - ImportResultOutputID=5bd9cb970177e34018914947e5b34348 DependenciesID=518f99957b2ffe7b1d2639db2a3386fa StaticDependenciesID=31f0846b34b82c148dfdce0b411c71d8 
Number of updated asset objects reloaded before import = 0
Number of asset objects unloaded after import = 0
========================================================================
Received Import Request.
  Time of request: 2026-10-09T03:48:16.679969Z
  Time since last request: 0.000374041 seconds.
  importAddress: GUID: b11c18394933342b7bb74eff32f73780 - Path: Assets/Scripts/SumoCameraRotate.cs - Importer: PreviewImporter
Importing 'GUID: b11c18394933342b7bb74eff32f73780 - Path: Assets/Scripts/SumoCameraRotate.cs - Importer: PreviewImporter' with importer (PreviewImporter)
Imported 'GUID: b11c18394933342b7bb74eff32f73780' -> (Import Result ID: 'b77fa42c7d5642c170c5babc0a3882eb') in 0.000 seconds [static and dynamic dependencies]. Details - ImportResultOutputID=5bd9cb970177e34018914947e5b34348 DependenciesID=518f99957b2ffe7b1d2639db2a3386fa StaticDependenciesID=31f0846b34b82c148dfdce0b411c71d8 
Number of updated asset objects reloaded before import = 0
Number of asset objects unloaded after import = 0
========================================================================
Received Import Request.
  Time of request: 2026-10-09T03:48:16.688644Z
  Time since last request: 0.00059325 seconds.
  importAddress: GUID: b11c18394933342b7bb74eff32f73780 - Path: Assets/Scripts/SumoCameraRotate.cs - Importer: PreviewImporter
Importing 'GUID: b11c18394933342b7bb74eff32f73780 - Path: Assets/Scripts/SumoCameraRotate.cs - Importer: PreviewImporter' with importer (PreviewImporter)
Imported 'GUID: b11c18394933342b7bb74eff32f73780' -> (Import Result ID: 'b77fa42c7d5642c170c5babc0a3882eb') in 0.000 seconds [static and dynamic dependencies]. Details - ImportResultOutputID=5bd9cb970177e34018914947e5b34348 DependenciesID=518f99957b2ffe7b1d2639db2a3386fa StaticDependenciesID=31f0846b34b82c148dfdce0b411c71d8 
Number of updated asset objects reloaded before import = 0
Number of asset objects unloaded after import = 0
========================================================================
Received Import Request.
  Time of request: 2026-10-09T03:48:16.69715Z
  Time since last request: 0.000764917 seconds.
  importAddress: GUID: b11c18394933342b7bb74eff32f73780 - Path: Assets/Scripts/SumoCameraRotate.cs - Importer: PreviewImporter
Importing 'GUID: b11c18394933342b7bb74eff32f73780 - Path: Assets/Scripts/SumoCameraRotate.cs - Importer: PreviewImporter' with importer (PreviewImporter)
Imported 'GUID: b11c18394933342b7bb74eff32f73780' -> (Import Result ID: 'b77fa42c7d5642c170c5babc0a3882eb') in 0.000 seconds [static and dynamic dependencies]. Details - ImportResultOutputID=5bd9cb970177e34018914947e5b34348 DependenciesID=518f99957b2ffe7b1d2639db2a3386fa StaticDependenciesID=31f0846b34b82c148dfdce0b411c71d8 
Number of updated asset objects reloaded before import = 0
Number of asset objects unloaded after import = 0
========================================================================
Received Import Request.
  Time of request: 2026-10-09T03:48:16.705128Z
  Time since last request: 0.000405917 seconds.
  importAddress: GUID: b11c18394933342b7bb74eff32f73780 - Path: Assets/Scripts/SumoCameraRotate.cs - Importer: PreviewImporter
Importing 'GUID: b11c18394933342b7bb74eff32f73780 - Path: Assets/Scripts/SumoCameraRotate.cs - Importer: PreviewImporter' with importer (PreviewImporter)
Imported 'GUID: b11c18394933342b7bb74eff32f73780' -> (Import Result ID: 'b77fa42c7d5642c170c5babc0a3882eb') in 0.000 seconds [static and dynamic dependencies]. Details - ImportResultOutputID=5bd9cb970177e34018914947e5b34348 DependenciesID=518f99957b2ffe7b1d2639db2a3386fa StaticDependenciesID=31f0846b34b82c148dfdce0b411c71d8 
Number of updated asset objects reloaded before import = 0
Number of asset objects unloaded after import = 0
========================================================================
Received Import Request.
  Time of request: 2026-10-09T03:48:16.713319Z
  Time since last request: 0.000788875 seconds.
  importAddress: GUID: b11c18394933342b7bb74eff32f73780 - Path: Assets/Scripts/SumoCameraRotate.cs - Importer: PreviewImporter
Importing 'GUID: b11c18394933342b7bb74eff32f73780 - Path: Assets/Scripts/SumoCameraRotate.cs - Importer: PreviewImporter' with importer (PreviewImporter)
Imported 'GUID: b11c18394933342b7bb74eff32f73780' -> (Import Result ID: 'b77fa42c7d5642c170c5babc0a3882eb') in 0.000 seconds [static and dynamic dependencies]. Details - ImportResultOutputID=5bd9cb970177e34018914947e5b34348 DependenciesID=518f99957b2ffe7b1d2639db2a3386fa StaticDependenciesID=31f0846b34b82c148dfdce0b411c71d8 
Number of updated asset objects reloaded before import = 0
Number of asset objects unloaded after import = 0
========================================================================
Received Import Request.
  Time of request: 2026-10-09T03:48:16.721462Z
  Time since last request: 0.000291042 seconds.
  importAddress: GUID: b11c18394933342b7bb74eff32f73780 - Path: Assets/Scripts/SumoCameraRotate.cs - Importer: PreviewImporter
Importing 'GUID: b11c18394933342b7bb74eff32f73780 - Path: Assets/Scripts/SumoCameraRotate.cs - Importer: PreviewImporter' with importer (PreviewImporter)
Imported 'GUID: b11c18394933342b7bb74eff32f73780' -> (Import Result ID: 'b77fa42c7d5642c170c5babc0a3882eb') in 0.000 seconds [static and dynamic dependencies]. Details - ImportResultOutputID=5bd9cb970177e34018914947e5b34348 DependenciesID=518f99957b2ffe7b1d2639db2a3386fa StaticDependenciesID=31f0846b34b82c148dfdce0b411c71d8 
Number of updated asset objects reloaded before import = 0
Number of asset objects unloaded after import = 0
========================================================================
Received Import Request.
  Time of request: 2026-10-09T03:48:16.729683Z
  Time since last request: 0.000432208 seconds.
  importAddress: GUID: b11c18394933342b7bb74eff32f73780 - Path: Assets/Scripts/SumoCameraRotate.cs - Importer: PreviewImporter
Importing 'GUID: b11c18394933342b7bb74eff32f73780 - Path: Assets/Scripts/SumoCameraRotate.cs - Importer: PreviewImporter' with importer (PreviewImporter)
Imported 'GUID: b11c18394933342b7bb74eff32f73780' -> (Import Result ID: 'b77fa42c7d5642c170c5babc0a3882eb') in 0.000 seconds [static and dynamic dependencies]. Details - ImportResultOutputID=5bd9cb970177e34018914947e5b34348 DependenciesID=518f99957b2ffe7b1d2639db2a3386fa StaticDependenciesID=31f0846b34b82c148dfdce0b411c71d8 
Number of updated asset objects reloaded before import = 0
Number of asset objects unloaded after import = 0
========================================================================
Received Import Request.
  Time of request: 2026-10-09T03:48:16.737841Z
  Time since last request: 0.000307541 seconds.
  importAddress: GUID: b11c18394933342b7bb74eff32f73780 - Path: Assets/Scripts/SumoCameraRotate.cs - Importer: PreviewImporter
Importing 'GUID: b11c18394933342b7bb74eff32f73780 - Path: Assets/Scripts/SumoCameraRotate.cs - Importer: PreviewImporter' with importer (PreviewImporter)
Imported 'GUID: b11c18394933342b7bb74eff32f73780' -> (Import Result ID: 'b77fa42c7d5642c170c5babc0a3882eb') in 0.000 seconds [static and dynamic dependencies]. Details - ImportResultOutputID=5bd9cb970177e34018914947e5b34348 DependenciesID=518f99957b2ffe7b1d2639db2a3386fa StaticDependenciesID=31f0846b34b82c148dfdce0b411c71d8 
Number of updated asset objects reloaded before import = 0
Number of asset objects unloaded after import = 0
========================================================================
Received Import Request.
  Time of request: 2026-10-09T03:48:16.74603Z
  Time since last request: 0.00044425 seconds.
  importAddress: GUID: b11c18394933342b7bb74eff32f73780 - Path: Assets/Scripts/SumoCameraRotate.cs - Importer: PreviewImporter
Importing 'GUID: b11c18394933342b7bb74eff32f73780 - Path: Assets/Scripts/SumoCameraRotate.cs - Importer: PreviewImporter' with importer (PreviewImporter)
Imported 'GUID: b11c18394933342b7bb74eff32f73780' -> (Import Result ID: 'b77fa42c7d5642c170c5babc0a3882eb') in 0.000 seconds [static and dynamic dependencies]. Details - ImportResultOutputID=5bd9cb970177e34018914947e5b34348 DependenciesID=518f99957b2ffe7b1d2639db2a3386fa StaticDependenciesID=31f0846b34b82c148dfdce0b411c71d8 
Number of updated asset objects reloaded before import = 0
Number of asset objects unloaded after import = 0
========================================================================
Received Import Request.
  Time of request: 2026-10-09T03:48:16.754089Z
  Time since last request: 0.000647125 seconds.
  importAddress: GUID: b11c18394933342b7bb74eff32f73780 - Path: Assets/Scripts/SumoCameraRotate.cs - Importer: PreviewImporter
Importing 'GUID: b11c18394933342b7bb74eff32f73780 - Path: Assets/Scripts/SumoCameraRotate.cs - Importer: PreviewImporter' with importer (PreviewImporter)
Imported 'GUID: b11c18394933342b7bb74eff32f73780' -> (Import Result ID: 'b77fa42c7d5642c170c5babc0a3882eb') in 0.000 seconds [static and dynamic dependencies]. Details - ImportResultOutputID=5bd9cb970177e34018914947e5b34348 DependenciesID=518f99957b2ffe7b1d2639db2a3386fa StaticDependenciesID=31f0846b34b82c148dfdce0b411c71d8 
Number of updated asset objects reloaded before import = 0
Number of asset objects unloaded after import = 0
========================================================================
Received Import Request.
  Time of request: 2026-10-09T03:48:16.762851Z
  Time since last request: 0.001175875 seconds.
  importAddress: GUID: b11c18394933342b7bb74eff32f73780 - Path: Assets/Scripts/SumoCameraRotate.cs - Importer: PreviewImporter
Importing 'GUID: b11c18394933342b7bb74eff32f73780 - Path: Assets/Scripts/SumoCameraRotate.cs - Importer: PreviewImporter' with importer (PreviewImporter)
Imported 'GUID: b11c18394933342b7bb74eff32f73780' -> (Import Result ID: 'b77fa42c7d5642c170c5babc0a3882eb') in 0.000 seconds [static and dynamic dependencies]. Details - ImportResultOutputID=5bd9cb970177e34018914947e5b34348 DependenciesID=518f99957b2ffe7b1d2639db2a3386fa StaticDependenciesID=31f0846b34b82c148dfdce0b411c71d8 
Number of updated asset objects reloaded before import = 0
Number of asset objects unloaded after import = 0
========================================================================
Received Import Request.
  Time of request: 2026-10-09T03:48:16.771212Z
  Time since last request: 0.000868458 seconds.
  importAddress: GUID: b11c18394933342b7bb74eff32f73780 - Path: Assets/Scripts/SumoCameraRotate.cs - Importer: PreviewImporter
Importing 'GUID: b11c18394933342b7bb74eff32f73780 - Path: Assets/Scripts/SumoCameraRotate.cs - Importer: PreviewImporter' with importer (PreviewImporter)
Imported 'GUID: b11c18394933342b7bb74eff32f73780' -> (Import Result ID: 'b77fa42c7d5642c170c5babc0a3882eb') in 0.000 seconds [static and dynamic dependencies]. Details - ImportResultOutputID=5bd9cb970177e34018914947e5b34348 DependenciesID=518f99957b2ffe7b1d2639db2a3386fa StaticDependenciesID=31f0846b34b82c148dfdce0b411c71d8 
Number of updated asset objects reloaded before import = 0
Number of asset objects unloaded after import = 0
========================================================================
Received Import Request.
  Time of request: 2026-10-09T03:48:16.779292Z
  Time since last request: 0.000995416 seconds.
  importAddress: GUID: b11c18394933342b7bb74eff32f73780 - Path: Assets/Scripts/SumoCameraRotate.cs - Importer: PreviewImporter
Importing 'GUID: b11c18394933342b7bb74eff32f73780 - Path: Assets/Scripts/SumoCameraRotate.cs - Importer: PreviewImporter' with importer (PreviewImporter)
Imported 'GUID: b11c18394933342b7bb74eff32f73780' -> (Import Result ID: 'b77fa42c7d5642c170c5babc0a3882eb') in 0.000 seconds [static and dynamic dependencies]. Details - ImportResultOutputID=5bd9cb970177e34018914947e5b34348 DependenciesID=518f99957b2ffe7b1d2639db2a3386fa StaticDependenciesID=31f0846b34b82c148dfdce0b411c71d8 
Number of updated asset objects reloaded before import = 0
Number of asset objects unloaded after import = 0
========================================================================
Received Import Request.
  Time of request: 2026-10-09T03:48:16.787429Z
  Time since last request: 0.00026875 seconds.
  importAddress: GUID: b11c18394933342b7bb74eff32f73780 - Path: Assets/Scripts/SumoCameraRotate.cs - Importer: PreviewImporter
Importing 'GUID: b11c18394933342b7bb74eff32f73780 - Path: Assets/Scripts/SumoCameraRotate.cs - Importer: PreviewImporter' with importer (PreviewImporter)
Imported 'GUID: b11c18394933342b7bb74eff32f73780' -> (Import Result ID: 'b77fa42c7d5642c170c5babc0a3882eb') in 0.000 seconds [static and dynamic dependencies]. Details - ImportResultOutputID=5bd9cb970177e34018914947e5b34348 DependenciesID=518f99957b2ffe7b1d2639db2a3386fa StaticDependenciesID=31f0846b34b82c148dfdce0b411c71d8 
Number of updated asset objects reloaded before import = 0
Number of asset objects unloaded after import = 0
========================================================================
Received Import Request.
  Time of request: 2026-10-09T03:48:16.795421Z
  Time since last request: 0.000522875 seconds.
  importAddress: GUID: b11c18394933342b7bb74eff32f73780 - Path: Assets/Scripts/SumoCameraRotate.cs - Importer: PreviewImporter
Importing 'GUID: b11c18394933342b7bb74eff32f73780 - Path: Assets/Scripts/SumoCameraRotate.cs - Importer: PreviewImporter' with importer (PreviewImporter)
Imported 'GUID: b11c18394933342b7bb74eff32f73780' -> (Import Result ID: 'b77fa42c7d5642c170c5babc0a3882eb') in 0.000 seconds [static and dynamic dependencies]. Details - ImportResultOutputID=5bd9cb970177e34018914947e5b34348 DependenciesID=518f99957b2ffe7b1d2639db2a3386fa StaticDependenciesID=31f0846b34b82c148dfdce0b411c71d8 
Number of updated asset objects reloaded before import = 0
Number of asset objects unloaded after import = 0
========================================================================
Received Import Request.
  Time of request: 2026-10-09T03:48:16.803396Z
  Time since last request: 0.000758875 seconds.
  importAddress: GUID: b11c18394933342b7bb74eff32f73780 - Path: Assets/Scripts/SumoCameraRotate.cs - Importer: PreviewImporter
Importing 'GUID: b11c18394933342b7bb74eff32f73780 - Path: Assets/Scripts/SumoCameraRotate.cs - Importer: PreviewImporter' with importer (PreviewImporter)
Imported 'GUID: b11c18394933342b7bb74eff32f73780' -> (Import Result ID: 'b77fa42c7d5642c170c5babc0a3882eb') in 0.000 seconds [static and dynamic dependencies]. Details - ImportResultOutputID=5bd9cb970177e34018914947e5b34348 DependenciesID=518f99957b2ffe7b1d2639db2a3386fa StaticDependenciesID=31f0846b34b82c148dfdce0b411c71d8 
Number of updated asset objects reloaded before import = 0
Number of asset objects unloaded after import = 0
========================================================================
Received Import Request.
  Time of request: 2026-10-09T03:48:16.811694Z
  Time since last request: 0.001265541 seconds.
  importAddress: GUID: b11c18394933342b7bb74eff32f73780 - Path: Assets/Scripts/SumoCameraRotate.cs - Importer: PreviewImporter
Importing 'GUID: b11c18394933342b7bb74eff32f73780 - Path: Assets/Scripts/SumoCameraRotate.cs - Importer: PreviewImporter' with importer (PreviewImporter)
Imported 'GUID: b11c18394933342b7bb74eff32f73780' -> (Import Result ID: 'b77fa42c7d5642c170c5babc0a3882eb') in 0.000 seconds [static and dynamic dependencies]. Details - ImportResultOutputID=5bd9cb970177e34018914947e5b34348 DependenciesID=518f99957b2ffe7b1d2639db2a3386fa StaticDependenciesID=31f0846b34b82c148dfdce0b411c71d8 
Number of updated asset objects reloaded before import = 0
Number of asset objects unloaded after import = 0
========================================================================
Received Import Request.
  Time of request: 2026-10-09T03:48:16.819713Z
  Time since last request: 0.001283 seconds.
  importAddress: GUID: b11c18394933342b7bb74eff32f73780 - Path: Assets/Scripts/SumoCameraRotate.cs - Importer: PreviewImporter
Importing 'GUID: b11c18394933342b7bb74eff32f73780 - Path: Assets/Scripts/SumoCameraRotate.cs - Importer: PreviewImporter' with importer (PreviewImporter)
Imported 'GUID: b11c18394933342b7bb74eff32f73780' -> (Import Result ID: 'b77fa42c7d5642c170c5babc0a3882eb') in 0.000 seconds [static and dynamic dependencies]. Details - ImportResultOutputID=5bd9cb970177e34018914947e5b34348 DependenciesID=518f99957b2ffe7b1d2639db2a3386fa StaticDependenciesID=31f0846b34b82c148dfdce0b411c71d8 
Number of updated asset objects reloaded before import = 0
Number of asset objects unloaded after import = 0
========================================================================
Received Import Request.
  Time of request: 2026-10-09T03:48:16.827805Z
  Time since last request: 0.0017485 seconds.
  importAddress: GUID: b11c18394933342b7bb74eff32f73780 - Path: Assets/Scripts/SumoCameraRotate.cs - Importer: PreviewImporter
Importing 'GUID: b11c18394933342b7bb74eff32f73780 - Path: Assets/Scripts/SumoCameraRotate.cs - Importer: PreviewImporter' with importer (PreviewImporter)
Imported 'GUID: b11c18394933342b7bb74eff32f73780' -> (Import Result ID: 'b77fa42c7d5642c170c5babc0a3882eb') in 0.000 seconds [static and dynamic dependencies]. Details - ImportResultOutputID=5bd9cb970177e34018914947e5b34348 DependenciesID=518f99957b2ffe7b1d2639db2a3386fa StaticDependenciesID=31f0846b34b82c148dfdce0b411c71d8 
Number of updated asset objects reloaded before import = 0
Number of asset objects unloaded after import = 0
========================================================================
Received Import Request.
  Time of request: 2026-10-09T03:48:16.835942Z
  Time since last request: 0.00031275 seconds.
  importAddress: GUID: b11c18394933342b7bb74eff32f73780 - Path: Assets/Scripts/SumoCameraRotate.cs - Importer: PreviewImporter
Importing 'GUID: b11c18394933342b7bb74eff32f73780 - Path: Assets/Scripts/SumoCameraRotate.cs - Importer: PreviewImporter' with importer (PreviewImporter)
Imported 'GUID: b11c18394933342b7bb74eff32f73780' -> (Import Result ID: 'b77fa42c7d5642c170c5babc0a3882eb') in 0.000 seconds [static and dynamic dependencies]. Details - ImportResultOutputID=5bd9cb970177e34018914947e5b34348 DependenciesID=518f99957b2ffe7b1d2639db2a3386fa StaticDependenciesID=31f0846b34b82c148dfdce0b411c71d8 
Number of updated asset objects reloaded before import = 0
Number of asset objects unloaded after import = 0
========================================================================
Received Import Request.
  Time of request: 2026-10-09T03:48:16.844032Z
  Time since last request: 0.001142958 seconds.
  importAddress: GUID: b11c18394933342b7bb74eff32f73780 - Path: Assets/Scripts/SumoCameraRotate.cs - Importer: PreviewImporter
Importing 'GUID: b11c18394933342b7bb74eff32f73780 - Path: Assets/Scripts/SumoCameraRotate.cs - Importer: PreviewImporter' with importer (PreviewImporter)
Imported 'GUID: b11c18394933342b7bb74eff32f73780' -> (Import Result ID: 'b77fa42c7d5642c170c5babc0a3882eb') in 0.000 seconds [static and dynamic dependencies]. Details - ImportResultOutputID=5bd9cb970177e34018914947e5b34348 DependenciesID=518f99957b2ffe7b1d2639db2a3386fa StaticDependenciesID=31f0846b34b82c148dfdce0b411c71d8 
Number of updated asset objects reloaded before import = 0
Number of asset objects unloaded after import = 0
========================================================================
Received Import Request.
  Time of request: 2026-10-09T03:48:16.852133Z
  Time since last request: 0.0003525 seconds.
  importAddress: GUID: b11c18394933342b7bb74eff32f73780 - Path: Assets/Scripts/SumoCameraRotate.cs - Importer: PreviewImporter
Importing 'GUID: b11c18394933342b7bb74eff32f73780 - Path: Assets/Scripts/SumoCameraRotate.cs - Importer: PreviewImporter' with importer (PreviewImporter)
Imported 'GUID: b11c18394933342b7bb74eff32f73780' -> (Import Result ID: 'b77fa42c7d5642c170c5babc0a3882eb') in 0.000 seconds [static and dynamic dependencies]. Details - ImportResultOutputID=5bd9cb970177e34018914947e5b34348 DependenciesID=518f99957b2ffe7b1d2639db2a3386fa StaticDependenciesID=31f0846b34b82c148dfdce0b411c71d8 
Number of updated asset objects reloaded before import = 0
Number of asset objects unloaded after import = 0
========================================================================
Received Import Request.
  Time of request: 2026-10-09T03:48:16.860487Z
  Time since last request: 0.001443291 seconds.
  importAddress: GUID: b11c18394933342b7bb74eff32f73780 - Path: Assets/Scripts/SumoCameraRotate.cs - Importer: PreviewImporter
Importing 'GUID: b11c18394933342b7bb74eff32f73780 - Path: Assets/Scripts/SumoCameraRotate.cs - Importer: PreviewImporter' with importer (PreviewImporter)
Imported 'GUID: b11c18394933342b7bb74eff32f73780' -> (Import Result ID: 'b77fa42c7d5642c170c5babc0a3882eb') in 0.000 seconds [static and dynamic dependencies]. Details - ImportResultOutputID=5bd9cb970177e34018914947e5b34348 DependenciesID=518f99957b2ffe7b1d2639db2a3386fa StaticDependenciesID=31f0846b34b82c148dfdce0b411c71d8 
Number of updated asset objects reloaded before import = 0
Number of asset objects unloaded after import = 0
========================================================================
Received Import Request.
  Time of request: 2026-10-09T03:48:16.868512Z
  Time since last request: 0.000249875 seconds.
  importAddress: GUID: b11c18394933342b7bb74eff32f73780 - Path: Assets/Scripts/SumoCameraRotate.cs - Importer: PreviewImporter
Importing 'GUID: b11c18394933342b7bb74eff32f73780 - Path: Assets/Scripts/SumoCameraRotate.cs - Importer: PreviewImporter' with importer (PreviewImporter)
Imported 'GUID: b11c18394933342b7bb74eff32f73780' -> (Import Result ID: 'b77fa42c7d5642c170c5babc0a3882eb') in 0.000 seconds [static and dynamic dependencies]. Details - ImportResultOutputID=5bd9cb970177e34018914947e5b34348 DependenciesID=518f99957b2ffe7b1d2639db2a3386fa StaticDependenciesID=31f0846b34b82c148dfdce0b411c71d8 
Number of updated asset objects reloaded before import = 0
Number of asset objects unloaded after import = 0
========================================================================
Received Import Request.
  Time of request: 2026-10-09T03:48:16.876634Z
  Time since last request: 0.001301708 seconds.
  importAddress: GUID: b11c18394933342b7bb74eff32f73780 - Path: Assets/Scripts/SumoCameraRotate.cs - Importer: PreviewImporter
Importing 'GUID: b11c18394933342b7bb74eff32f73780 - Path: Assets/Scripts/SumoCameraRotate.cs - Importer: PreviewImporter' with importer (PreviewImporter)
Imported 'GUID: b11c18394933342b7bb74eff32f73780' -> (Import Result ID: 'b77fa42c7d5642c170c5babc0a3882eb') in 0.000 seconds [static and dynamic dependencies]. Details - ImportResultOutputID=5bd9cb970177e34018914947e5b34348 DependenciesID=518f99957b2ffe7b1d2639db2a3386fa StaticDependenciesID=31f0846b34b82c148dfdce0b411c71d8 
Number of updated asset objects reloaded before import = 0
Number of asset objects unloaded after import = 0
========================================================================
Received Import Request.
  Time of request: 2026-10-09T03:48:16.885186Z
  Time since last request: 0.002056708 seconds.
  importAddress: GUID: b11c18394933342b7bb74eff32f73780 - Path: Assets/Scripts/SumoCameraRotate.cs - Importer: PreviewImporter
Importing 'GUID: b11c18394933342b7bb74eff32f73780 - Path: Assets/Scripts/SumoCameraRotate.cs - Importer: PreviewImporter' with importer (PreviewImporter)
Imported 'GUID: b11c18394933342b7bb74eff32f73780' -> (Import Result ID: 'b77fa42c7d5642c170c5babc0a3882eb') in 0.000 seconds [static and dynamic dependencies]. Details - ImportResultOutputID=5bd9cb970177e34018914947e5b34348 DependenciesID=518f99957b2ffe7b1d2639db2a3386fa StaticDependenciesID=31f0846b34b82c148dfdce0b411c71d8 
Number of updated asset objects reloaded before import = 0
Number of asset objects unloaded after import = 0
========================================================================
Received Import Request.
  Time of request: 2026-10-09T03:48:16.893342Z
  Time since last request: 0.00042775 seconds.
  importAddress: GUID: b11c18394933342b7bb74eff32f73780 - Path: Assets/Scripts/SumoCameraRotate.cs - Importer: PreviewImporter
Importing 'GUID: b11c18394933342b7bb74eff32f73780 - Path: Assets/Scripts/SumoCameraRotate.cs - Importer: PreviewImporter' with importer (PreviewImporter)
Imported 'GUID: b11c18394933342b7bb74eff32f73780' -> (Import Result ID: 'b77fa42c7d5642c170c5babc0a3882eb') in 0.000 seconds [static and dynamic dependencies]. Details - ImportResultOutputID=5bd9cb970177e34018914947e5b34348 DependenciesID=518f99957b2ffe7b1d2639db2a3386fa StaticDependenciesID=31f0846b34b82c148dfdce0b411c71d8 
Number of updated asset objects reloaded before import = 0
Number of asset objects unloaded after import = 0
========================================================================
Received Import Request.
  Time of request: 2026-10-09T03:48:16.901388Z
  Time since last request: 0.00067375 seconds.
  importAddress: GUID: b11c18394933342b7bb74eff32f73780 - Path: Assets/Scripts/SumoCameraRotate.cs - Importer: PreviewImporter
Importing 'GUID: b11c18394933342b7bb74eff32f73780 - Path: Assets/Scripts/SumoCameraRotate.cs - Importer: PreviewImporter' with importer (PreviewImporter)
Imported 'GUID: b11c18394933342b7bb74eff32f73780' -> (Import Result ID: 'b77fa42c7d5642c170c5babc0a3882eb') in 0.000 seconds [static and dynamic dependencies]. Details - ImportResultOutputID=5bd9cb970177e34018914947e5b34348 DependenciesID=518f99957b2ffe7b1d2639db2a3386fa StaticDependenciesID=31f0846b34b82c148dfdce0b411c71d8 
Number of updated asset objects reloaded before import = 0
Number of asset objects unloaded after import = 0
========================================================================
Received Import Request.
  Time of request: 2026-10-09T03:48:16.909376Z
  Time since last request: 0.000571583 seconds.
  importAddress: GUID: b11c18394933342b7bb74eff32f73780 - Path: Assets/Scripts/SumoCameraRotate.cs - Importer: PreviewImporter
Importing 'GUID: b11c18394933342b7bb74eff32f73780 - Path: Assets/Scripts/SumoCameraRotate.cs - Importer: PreviewImporter' with importer (PreviewImporter)
Imported 'GUID: b11c18394933342b7bb74eff32f73780' -> (Import Result ID: 'b77fa42c7d5642c170c5babc0a3882eb') in 0.000 seconds [static and dynamic dependencies]. Details - ImportResultOutputID=5bd9cb970177e34018914947e5b34348 DependenciesID=518f99957b2ffe7b1d2639db2a3386fa StaticDependenciesID=31f0846b34b82c148dfdce0b411c71d8 
Number of updated asset objects reloaded before import = 0
Number of asset objects unloaded after import = 0
========================================================================
Received Import Request.
  Time of request: 2026-10-09T03:48:16.917659Z
  Time since last request: 0.001053292 seconds.
  importAddress: GUID: b11c18394933342b7bb74eff32f73780 - Path: Assets/Scripts/SumoCameraRotate.cs - Importer: PreviewImporter
Importing 'GUID: b11c18394933342b7bb74eff32f73780 - Path: Assets/Scripts/SumoCameraRotate.cs - Importer: PreviewImporter' with importer (PreviewImporter)
Imported 'GUID: b11c18394933342b7bb74eff32f73780' -> (Import Result ID: 'b77fa42c7d5642c170c5babc0a3882eb') in 0.000 seconds [static and dynamic dependencies]. Details - ImportResultOutputID=5bd9cb970177e34018914947e5b34348 DependenciesID=518f99957b2ffe7b1d2639db2a3386fa StaticDependenciesID=31f0846b34b82c148dfdce0b411c71d8 
Number of updated asset objects reloaded before import = 0
Number of asset objects unloaded after import = 0
========================================================================
Received Import Request.
  Time of request: 2026-10-09T03:48:16.926704Z
  Time since last request: 0.002395916 seconds.
  importAddress: GUID: b11c18394933342b7bb74eff32f73780 - Path: Assets/Scripts/SumoCameraRotate.cs - Importer: PreviewImporter
Importing 'GUID: b11c18394933342b7bb74eff32f73780 - Path: Assets/Scripts/SumoCameraRotate.cs - Importer: PreviewImporter' with importer (PreviewImporter)
Imported 'GUID: b11c18394933342b7bb74eff32f73780' -> (Import Result ID: 'b77fa42c7d5642c170c5babc0a3882eb') in 0.000 seconds [static and dynamic dependencies]. Details - ImportResultOutputID=5bd9cb970177e34018914947e5b34348 DependenciesID=518f99957b2ffe7b1d2639db2a3386fa StaticDependenciesID=31f0846b34b82c148dfdce0b411c71d8 
Number of updated asset objects reloaded before import = 0
Number of asset objects unloaded after import = 0
========================================================================
Received Import Request.
  Time of request: 2026-10-09T03:48:16.934818Z
  Time since last request: 0.001641416 seconds.
  importAddress: GUID: b11c18394933342b7bb74eff32f73780 - Path: Assets/Scripts/SumoCameraRotate.cs - Importer: PreviewImporter
Importing 'GUID: b11c18394933342b7bb74eff32f73780 - Path: Assets/Scripts/SumoCameraRotate.cs - Importer: PreviewImporter' with importer (PreviewImporter)
Imported 'GUID: b11c18394933342b7bb74eff32f73780' -> (Import Result ID: 'b77fa42c7d5642c170c5babc0a3882eb') in 0.000 seconds [static and dynamic dependencies]. Details - ImportResultOutputID=5bd9cb970177e34018914947e5b34348 DependenciesID=518f99957b2ffe7b1d2639db2a3386fa StaticDependenciesID=31f0846b34b82c148dfdce0b411c71d8 
Number of updated asset objects reloaded before import = 0
Number of asset objects unloaded after import = 0
========================================================================
Received Prepare
AcceleratorClientConnectionCallback - disconnected - :0
Begin MonoManager ReloadAssembly
Thread 0x16c98b000 may have been prematurely finalized
Native extension for OSXStandalone target not found
Native extension for WebGL target not found
[Package Manager] Failed to launch server process. Reason: Unity was launched with the -noUpm command-line argument
[Package Manager] Unable to send message (not connected to server process).
[Package Manager] Cannot connect to Unity Package Manager local server
[Package Manager] Failed to launch server process. Reason: Unity was launched with the -noUpm command-line argument
[Package Manager] Unable to send message (not connected to server process).
[Package Manager] Cannot connect to Unity Package Manager local server
ScheduleIndexationOnStartup MainProcess:False IndexOnStartup:True
Mono: successfully reloaded assembly
- Finished resetting the current domain, in  0.380 seconds
Domain Reload Profiling: 791ms
	BeginReloadAssembly (105ms)
		DisableScriptedObjects (3ms)
		CreateAndSetChildDomain (33ms)
	RebuildCommonClasses (5ms)
	RebuildNativeTypeToScriptingClass (9ms)
	initialDomainReloadingComplete (22ms)
	LoadAllAssembliesAndSetupDomain (270ms)
		LoadAssemblies (131ms)
		AnalyzeDomain (111ms)
			TypeCache.Refresh (6ms)
			BuildScriptInfoCaches (101ms)
			ResolveRequiredComponents (4ms)
	FinalizeReload (381ms)
		SetupLoadedEditorAssemblies (0ms)
			BeforeProcessingInitializeOnLoad (48ms)
			ProcessInitializeOnLoadAttributes (153ms)
			ProcessInitializeOnLoadMethodAttributes (58ms)
		AwakeInstancesAfterBackupRestoration (10ms)
WARNING: Shader Unsupported: 'Universal Render Pipeline/VR/SpatialMapping/Wireframe' - All subshaders removed
WARNING: Shader Did you use #pragma only_renderers and omit this platform?
WARNING: Shader If subshaders removal was intentional, you may have forgotten turning Fallback off?
Shader Hidden/ChartRasterizerHardware is not supported: GPU does not support conservative rasterization
Unloading 24 Unused Serialized files (Serialized files now loaded: 0)
Unloading 6431 unused Assets / (4.8 MB). Loaded Objects now: 7327.
Memory consumption went from 184.6 MB to 179.9 MB.
Total: 5.912417 ms (FindLiveObjects: 0.314125 ms CreateObjectMapping: 1.053542 ms MarkObjects: 3.425875 ms  DeleteObjects: 1.118583 ms)

Prepare: number of updated asset objects reloaded= 0
========================================================================
Received Import Request.
  Time of request: 2026-10-09T03:48:19.708525Z
  Time since last request: 2.767620542 seconds.
  importAddress: GUID: b11c18394933342b7bb74eff32f73780 - Path: Assets/Scripts/SumoCameraRotate.cs - Importer: PreviewImporter
Importing 'GUID: b11c18394933342b7bb74eff32f73780 - Path: Assets/Scripts/SumoCameraRotate.cs - Importer: PreviewImporter' with importer (PreviewImporter)
Imported 'GUID: b11c18394933342b7bb74eff32f73780' -> (Import Result ID: 'ba272b1cf84a0d7e3a533031980524f8') in 0.000 seconds [static and dynamic dependencies]. Details - ImportResultOutputID=5bd9cb970177e34018914947e5b34348 DependenciesID=113d4e8da426c0b7a4a1f31fbb737a45 StaticDependenciesID=31f0846b34b82c148dfdce0b411c71d8 
Number of updated asset objects reloaded before import = 0
Number of asset objects unloaded after import = 0
========================================================================
Received Prepare
AcceleratorClientConnectionCallback - disconnected - :0
WARNING: Shader Unsupported: 'Universal Render Pipeline/VR/SpatialMapping/Wireframe' - All subshaders removed
WARNING: Shader Did you use #pragma only_renderers and omit this platform?
WARNING: Shader If subshaders removal was intentional, you may have forgotten turning Fallback off?
Shader Hidden/ChartRasterizerHardware is not supported: GPU does not support conservative rasterization
Unloading 24 Unused Serialized files (Serialized files now loaded: 0)
Unloading 6420 unused Assets / (3.8 MB). Loaded Objects now: 7327.
Memory consumption went from 175.2 MB to 171.4 MB.
Total: 6.182542 ms (FindLiveObjects: 0.298583 ms CreateObjectMapping: 1.022875 ms MarkObjects: 3.826292 ms  DeleteObjects: 1.034333 ms)

Prepare: number of updated asset objects reloaded= 0
========================================================================
Received Prepare
AcceleratorClientConnectionCallback - disconnected - :0
[Licensing::Client] Successfully resolved entitlement details
Begin MonoManager ReloadAssembly
Thread 0x16c98b000 may have been prematurely finalized
Native extension for OSXStandalone target not found
Native extension for WebGL target not found
[Package Manager] Failed to launch server process. Reason: Unity was launched with the -noUpm command-line argument
[Package Manager] Unable to send message (not connected to server process).
[Package Manager] Cannot connect to Unity Package Manager local server
[Package Manager] Failed to launch server process. Reason: Unity was launched with the -noUpm command-line argument
[Package Manager] Unable to send message (not connected to server process).
[Package Manager] Cannot connect to Unity Package Manager local server
ScheduleIndexationOnStartup MainProcess:False IndexOnStartup:True
Mono: successfully reloaded assembly
- Finished resetting the current domain, in  0.380 seconds
Domain Reload Profiling: 774ms
	BeginReloadAssembly (102ms)
		DisableScriptedObjects (3ms)
		CreateAndSetChildDomain (31ms)
	RebuildCommonClasses (5ms)
	RebuildNativeTypeToScriptingClass (9ms)
	initialDomainReloadingComplete (19ms)
	LoadAllAssembliesAndSetupDomain (259ms)
		LoadAssemblies (119ms)
		AnalyzeDomain (109ms)
			TypeCache.Refresh (6ms)
			BuildScriptInfoCaches (98ms)
			ResolveRequiredComponents (4ms)
	FinalizeReload (380ms)
		SetupLoadedEditorAssemblies (0ms)
			BeforeProcessingInitializeOnLoad (51ms)
			ProcessInitializeOnLoadAttributes (152ms)
			ProcessInitializeOnLoadMethodAttributes (54ms)
		AwakeInstancesAfterBackupRestoration (10ms)
WARNING: Shader Unsupported: 'Universal Render Pipeline/VR/SpatialMapping/Wireframe' - All subshaders removed
WARNING: Shader Did you use #pragma only_renderers and omit this platform?
WARNING: Shader If subshaders removal was intentional, you may have forgotten turning Fallback off?
Shader Hidden/ChartRasterizerHardware is not supported: GPU does not support conservative rasterization
Unloading 24 Unused Serialized files (Serialized files now loaded: 0)
Unloading 6431 unused Assets / (5.0 MB). Loaded Objects now: 7330.
Memory consumption went from 183.5 MB to 178.5 MB.
Total: 6.177542 ms (FindLiveObjects: 0.304584 ms CreateObjectMapping: 1.021166 ms MarkObjects: 3.858292 ms  DeleteObjects: 0.993334 ms)

Prepare: number of updated asset objects reloaded= 0
========================================================================
Received Import Request.
  Time of request: 2026-10-09T03:50:36.218695Z
  Time since last request: 136.50189875000001 seconds.
  importAddress: GUID: b11c18394933342b7bb74eff32f73780 - Path: Assets/Scripts/SumoCameraRotate.cs - Importer: ScriptedImporter/UnityEditor.QuickSearchModule:UnityEditor.Search:ASIAI0B
Importing 'GUID: b11c18394933342b7bb74eff32f73780 - Path: Assets/Scripts/SumoCameraRotate.cs - Importer: ScriptedImporter/UnityEditor.QuickSearchModule:UnityEditor.Search:ASIAI0B' with importer (ScriptedImporter : UnityEditor.QuickSearchModule:UnityEditor.Search:ASIAI0B)
Imported 'GUID: b11c18394933342b7bb74eff32f73780' -> (Import Result ID: 'f2344b68916ceadc2c85a783733b7531') in 0.034 seconds [static and dynamic dependencies]. Details - ImportResultOutputID=9e738796ca768ba7f9e410ea37894d47 DependenciesID=3b329c9a26d9f68321896edb4b3c533f StaticDependenciesID=50960e55e42a10d6fde88990c0bc42b6 
Number of updated asset objects reloaded before import = 0
Number of asset objects unloaded after import = 0
========================================================================
Received Prepare
AcceleratorClientConnectionCallback - disconnected - :0
WARNING: Shader Unsupported: 'Universal Render Pipeline/VR/SpatialMapping/Wireframe' - All subshaders removed
WARNING: Shader Did you use #pragma only_renderers and omit this platform?
WARNING: Shader If subshaders removal was intentional, you may have forgotten turning Fallback off?
Shader Hidden/ChartRasterizerHardware is not supported: GPU does not support conservative rasterization
Unloading 24 Unused Serialized files (Serialized files now loaded: 0)
Unloading 6421 unused Assets / (4.9 MB). Loaded Objects now: 7331.
Memory consumption went from 175.0 MB to 170.2 MB.
Total: 5.779583 ms (FindLiveObjects: 0.304917 ms CreateObjectMapping: 0.959500 ms MarkObjects: 3.431250 ms  DeleteObjects: 1.083708 ms)

Prepare: number of updated asset objects reloaded= 0
========================================================================
Received Import Request.
  Time of request: 2026-10-09T03:51:06.453495Z
  Time since last request: 30.192316959 seconds.
  importAddress: GUID: c0177d3aae57e4dd588f997635ec6226 - Path: Assets/Scripts/SumoPlayerController.cs - Importer: PreviewImporter
Importing 'GUID: c0177d3aae57e4dd588f997635ec6226 - Path: Assets/Scripts/SumoPlayerController.cs - Importer: PreviewImporter' with importer (PreviewImporter)
Imported 'GUID: c0177d3aae57e4dd588f997635ec6226' -> (Import Result ID: '49f731b99abedd99f3fb14bbc620aa1c') in 0.000 seconds [static and dynamic dependencies]. Details - ImportResultOutputID=63b09933526f97f9c9e0a6c955c2b4da DependenciesID=12e1dfe2730ebefeb56a96b0d64915c6 StaticDependenciesID=3adfa9a1ea71d081614480d007593cb8 
Number of updated asset objects reloaded before import = 0
Number of asset objects unloaded after import = 0
========================================================================
Received Import Request.
  Time of request: 2026-10-09T03:51:07.144933Z
  Time since last request: 0.683686583 seconds.
  importAddress: GUID: c0177d3aae57e4dd588f997635ec6226 - Path: Assets/Scripts/SumoPlayerController.cs - Importer: ScriptedImporter/UnityEditor.QuickSearchModule:UnityEditor.Search:ASIAI0B
Importing 'GUID: c0177d3aae57e4dd588f997635ec6226 - Path: Assets/Scripts/SumoPlayerController.cs - Importer: ScriptedImporter/UnityEditor.QuickSearchModule:UnityEditor.Search:ASIAI0B' with importer (ScriptedImporter : UnityEditor.QuickSearchModule:UnityEditor.Search:ASIAI0B)
Imported 'GUID: c0177d3aae57e4dd588f997635ec6226' -> (Import Result ID: '61de7ff2665dcc8d3e5865e21697935d') in 0.001 seconds [static and dynamic dependencies]. Details - ImportResultOutputID=f3915985dc6064219322d10e15793f85 DependenciesID=1a33cee69ac4422b621811557ebd2055 StaticDependenciesID=54fa99b740d884b73139d9cd205a325a 
Number of updated asset objects reloaded before import = 0
Number of asset objects unloaded after import = 0
========================================================================
Received Prepare
AcceleratorClientConnectionCallback - disconnected - :0
Begin MonoManager ReloadAssembly
Thread 0x16c98b000 may have been prematurely finalized
Native extension for OSXStandalone target not found
Native extension for WebGL target not found
[Package Manager] Failed to launch server process. Reason: Unity was launched with the -noUpm command-line argument
[Package Manager] Unable to send message (not connected to server process).
[Package Manager] Cannot connect to Unity Package Manager local server
[Package Manager] Failed to launch server process. Reason: Unity was launched with the -noUpm command-line argument
[Package Manager] Unable to send message (not connected to server process).
[Package Manager] Cannot connect to Unity Package Manager local server
ScheduleIndexationOnStartup MainProcess:False IndexOnStartup:True
Mono: successfully reloaded assembly
- Finished resetting the current domain, in  0.370 seconds
Domain Reload Profiling: 761ms
	BeginReloadAssembly (103ms)
		DisableScriptedObjects (3ms)
		CreateAndSetChildDomain (35ms)
	RebuildCommonClasses (4ms)
	RebuildNativeTypeToScriptingClass (9ms)
	initialDomainReloadingComplete (18ms)
	LoadAllAssembliesAndSetupDomain (256ms)
		LoadAssemblies (112ms)
		AnalyzeDomain (111ms)
			TypeCache.Refresh (6ms)
			BuildScriptInfoCaches (100ms)
			ResolveRequiredComponents (4ms)
	FinalizeReload (370ms)
		SetupLoadedEditorAssemblies (0ms)
			BeforeProcessingInitializeOnLoad (49ms)
			ProcessInitializeOnLoadAttributes (145ms)
			ProcessInitializeOnLoadMethodAttributes (55ms)
		AwakeInstancesAfterBackupRestoration (11ms)
WARNING: Shader Unsupported: 'Universal Render Pipeline/VR/SpatialMapping/Wireframe' - All subshaders removed
WARNING: Shader Did you use #pragma only_renderers and omit this platform?
WARNING: Shader If subshaders removal was intentional, you may have forgotten turning Fallback off?
Shader Hidden/ChartRasterizerHardware is not supported: GPU does not support conservative rasterization
Unloading 24 Unused Serialized files (Serialized files now loaded: 0)
Unloading 6432 unused Assets / (3.6 MB). Loaded Objects now: 7334.
Memory consumption went from 183.4 MB to 179.8 MB.
Total: 6.297709 ms (FindLiveObjects: 0.304834 ms CreateObjectMapping: 1.138458 ms MarkObjects: 3.689875 ms  DeleteObjects: 1.163875 ms)

Prepare: number of updated asset objects reloaded= 0
========================================================================
Received Prepare
AcceleratorClientConnectionCallback - disconnected - :0
WARNING: Shader Unsupported: 'Universal Render Pipeline/VR/SpatialMapping/Wireframe' - All subshaders removed
WARNING: Shader Did you use #pragma only_renderers and omit this platform?
WARNING: Shader If subshaders removal was intentional, you may have forgotten turning Fallback off?
Shader Hidden/ChartRasterizerHardware is not supported: GPU does not support conservative rasterization
Unloading 24 Unused Serialized files (Serialized files now loaded: 0)
Unloading 6421 unused Assets / (3.6 MB). Loaded Objects now: 7334.
Memory consumption went from 175.1 MB to 171.5 MB.
Total: 5.888334 ms (FindLiveObjects: 0.303833 ms CreateObjectMapping: 1.031500 ms MarkObjects: 3.645917 ms  DeleteObjects: 0.906834 ms)

Prepare: number of updated asset objects reloaded= 0
========================================================================
Received Prepare
AcceleratorClientConnectionCallback - disconnected - :0
WARNING: Shader Unsupported: 'Universal Render Pipeline/VR/SpatialMapping/Wireframe' - All subshaders removed
WARNING: Shader Did you use #pragma only_renderers and omit this platform?
WARNING: Shader If subshaders removal was intentional, you may have forgotten turning Fallback off?
Shader Hidden/ChartRasterizerHardware is not supported: GPU does not support conservative rasterization
Unloading 24 Unused Serialized files (Serialized files now loaded: 0)
Unloading 6421 unused Assets / (4.3 MB). Loaded Objects now: 7334.
Memory consumption went from 175.1 MB to 170.8 MB.
Total: 6.166583 ms (FindLiveObjects: 0.321666 ms CreateObjectMapping: 1.098167 ms MarkObjects: 3.741125 ms  DeleteObjects: 1.005417 ms)

Prepare: number of updated asset objects reloaded= 0
========================================================================
Received Prepare
AcceleratorClientConnectionCallback - disconnected - :0
[Licensing::Client] Successfully resolved entitlement details
Begin MonoManager ReloadAssembly
Thread 0x16c98b000 may have been prematurely finalized
Native extension for OSXStandalone target not found
Native extension for WebGL target not found
[Package Manager] Failed to launch server process. Reason: Unity was launched with the -noUpm command-line argument
[Package Manager] Unable to send message (not connected to server process).
[Package Manager] Cannot connect to Unity Package Manager local server
[Package Manager] Failed to launch server process. Reason: Unity was launched with the -noUpm command-line argument
[Package Manager] Unable to send message (not connected to server process).
[Package Manager] Cannot connect to Unity Package Manager local server
ScheduleIndexationOnStartup MainProcess:False IndexOnStartup:True
Mono: successfully reloaded assembly
- Finished resetting the current domain, in  0.374 seconds
Domain Reload Profiling: 768ms
	BeginReloadAssembly (101ms)
		DisableScriptedObjects (3ms)
		CreateAndSetChildDomain (33ms)
	RebuildCommonClasses (5ms)
	RebuildNativeTypeToScriptingClass (10ms)
	initialDomainReloadingComplete (20ms)
	LoadAllAssembliesAndSetupDomain (258ms)
		LoadAssemblies (117ms)
		AnalyzeDomain (111ms)
			TypeCache.Refresh (6ms)
			BuildScriptInfoCaches (99ms)
			ResolveRequiredComponents (4ms)
	FinalizeReload (374ms)
		SetupLoadedEditorAssemblies (0ms)
			BeforeProcessingInitializeOnLoad (48ms)
			ProcessInitializeOnLoadAttributes (148ms)
			ProcessInitializeOnLoadMethodAttributes (54ms)
		AwakeInstancesAfterBackupRestoration (10ms)
WARNING: Shader Unsupported: 'Universal Render Pipeline/VR/SpatialMapping/Wireframe' - All subshaders removed
WARNING: Shader Did you use #pragma only_renderers and omit this platform?
WARNING: Shader If subshaders removal was intentional, you may have forgotten turning Fallback off?
Shader Hidden/ChartRasterizerHardware is not supported: GPU does not support conservative rasterization
Unloading 24 Unused Serialized files (Serialized files now loaded: 0)
Unloading 6432 unused Assets / (4.6 MB). Loaded Objects now: 7337.
Memory consumption went from 183.4 MB to 178.8 MB.
Total: 5.834208 ms (FindLiveObjects: 0.269583 ms CreateObjectMapping: 1.044167 ms MarkObjects: 3.635500 ms  DeleteObjects: 0.884625 ms)

Prepare: number of updated asset objects reloaded= 0
========================================================================
Received Import Request.
  Time of request: 2026-10-09T03:54:47.543187Z
  Time since last request: 220.38882100000001 seconds.
  importAddress: GUID: c0177d3aae57e4dd588f997635ec6226 - Path: Assets/Scripts/SumoPlayerController.cs - Importer: ScriptedImporter/UnityEditor.QuickSearchModule:UnityEditor.Search:ASIAI0B
Importing 'GUID: c0177d3aae57e4dd588f997635ec6226 - Path: Assets/Scripts/SumoPlayerController.cs - Importer: ScriptedImporter/UnityEditor.QuickSearchModule:UnityEditor.Search:ASIAI0B' with importer (ScriptedImporter : UnityEditor.QuickSearchModule:UnityEditor.Search:ASIAI0B)
Imported 'GUID: c0177d3aae57e4dd588f997635ec6226' -> (Import Result ID: 'd237d0b0337735ee74fcff57d9b68916') in 0.033 seconds [static and dynamic dependencies]. Details - ImportResultOutputID=0fb016abeb404bb6ae2a7273cda81c22 DependenciesID=c4a3438caad1cc8db41b25835d8a73dd StaticDependenciesID=b363205b5670c0b0fc21c375f6d8372d 
Number of updated asset objects reloaded before import = 0
Number of asset objects unloaded after import = 0
========================================================================
Received Prepare
AcceleratorClientConnectionCallback - disconnected - :0
WARNING: Shader Unsupported: 'Universal Render Pipeline/VR/SpatialMapping/Wireframe' - All subshaders removed
WARNING: Shader Did you use #pragma only_renderers and omit this platform?
WARNING: Shader If subshaders removal was intentional, you may have forgotten turning Fallback off?
Shader Hidden/ChartRasterizerHardware is not supported: GPU does not support conservative rasterization
Unloading 24 Unused Serialized files (Serialized files now loaded: 0)
Unloading 6422 unused Assets / (4.8 MB). Loaded Objects now: 7338.
Memory consumption went from 175.2 MB to 170.4 MB.
Total: 5.717042 ms (FindLiveObjects: 0.308708 ms CreateObjectMapping: 0.981125 ms MarkObjects: 3.435542 ms  DeleteObjects: 0.991459 ms)

Prepare: number of updated asset objects reloaded= 0
========================================================================
Received Import Request.
  Time of request: 2026-10-09T03:54:56.578434Z
  Time since last request: 8.994070584 seconds.
  importAddress: GUID: b38402eb420a745aaab4d4600f0d5b22 - Path: Assets/Scripts/NewMonoBehaviourScript.cs - Importer: PreviewImporter
Importing 'GUID: b38402eb420a745aaab4d4600f0d5b22 - Path: Assets/Scripts/NewMonoBehaviourScript.cs - Importer: PreviewImporter' with importer (PreviewImporter)
Imported 'GUID: b38402eb420a745aaab4d4600f0d5b22' -> (Import Result ID: '848d047cdf273ccf74d99fa5d27cac7c') in 0.000 seconds [static and dynamic dependencies]. Details - ImportResultOutputID=aea80915f4f9bb309dd20c00196e1c79 DependenciesID=36b62a94095b1214651e9ad17371979b StaticDependenciesID=0ef8e48af154ab6ab73fca97ef0a570b 
Number of updated asset objects reloaded before import = 0
Number of asset objects unloaded after import = 0
========================================================================
Received Prepare
AcceleratorClientConnectionCallback - disconnected - :0
WARNING: Shader Unsupported: 'Universal Render Pipeline/VR/SpatialMapping/Wireframe' - All subshaders removed
WARNING: Shader Did you use #pragma only_renderers and omit this platform?
WARNING: Shader If subshaders removal was intentional, you may have forgotten turning Fallback off?
Shader Hidden/ChartRasterizerHardware is not supported: GPU does not support conservative rasterization
Unloading 24 Unused Serialized files (Serialized files now loaded: 0)
Unloading 6421 unused Assets / (3.6 MB). Loaded Objects now: 7337.
Memory consumption went from 175.2 MB to 171.6 MB.
Total: 6.048584 ms (FindLiveObjects: 0.290291 ms CreateObjectMapping: 0.988250 ms MarkObjects: 3.819750 ms  DeleteObjects: 0.950167 ms)

Prepare: number of updated asset objects reloaded= 0
========================================================================
Received Prepare
AcceleratorClientConnectionCallback - disconnected - :0
Begin MonoManager ReloadAssembly
Thread 0x16c98b000 may have been prematurely finalized
Native extension for OSXStandalone target not found
Native extension for WebGL target not found
[Package Manager] Failed to launch server process. Reason: Unity was launched with the -noUpm command-line argument
[Package Manager] Unable to send message (not connected to server process).
[Package Manager] Cannot connect to Unity Package Manager local server
[Package Manager] Failed to launch server process. Reason: Unity was launched with the -noUpm command-line argument
[Package Manager] Unable to send message (not connected to server process).
[Package Manager] Cannot connect to Unity Package Manager local server
ScheduleIndexationOnStartup MainProcess:False IndexOnStartup:True
Mono: successfully reloaded assembly
- Finished resetting the current domain, in  0.381 seconds
Domain Reload Profiling: 680ms
	BeginReloadAssembly (107ms)
		DisableScriptedObjects (3ms)
		CreateAndSetChildDomain (36ms)
	RebuildCommonClasses (4ms)
	RebuildNativeTypeToScriptingClass (9ms)
	initialDomainReloadingComplete (20ms)
	LoadAllAssembliesAndSetupDomain (159ms)
		LoadAssemblies (121ms)
		AnalyzeDomain (11ms)
			TypeCache.Refresh (4ms)
			ResolveRequiredComponents (4ms)
	FinalizeReload (381ms)
		SetupLoadedEditorAssemblies (0ms)
			BeforeProcessingInitializeOnLoad (50ms)
			ProcessInitializeOnLoadAttributes (144ms)
			ProcessInitializeOnLoadMethodAttributes (68ms)
		AwakeInstancesAfterBackupRestoration (11ms)
WARNING: Shader Unsupported: 'Universal Render Pipeline/VR/SpatialMapping/Wireframe' - All subshaders removed
WARNING: Shader Did you use #pragma only_renderers and omit this platform?
WARNING: Shader If subshaders removal was intentional, you may have forgotten turning Fallback off?
Shader Hidden/ChartRasterizerHardware is not supported: GPU does not support conservative rasterization
Unloading 24 Unused Serialized files (Serialized files now loaded: 0)
Unloading 6432 unused Assets / (4.6 MB). Loaded Objects now: 7340.
Memory consumption went from 183.1 MB to 178.6 MB.
Total: 5.573042 ms (FindLiveObjects: 0.326875 ms CreateObjectMapping: 1.146625 ms MarkObjects: 3.163792 ms  DeleteObjects: 0.935458 ms)

Prepare: number of updated asset objects reloaded= 0
========================================================================
Received Prepare
AcceleratorClientConnectionCallback - disconnected - :0
[Licensing::Client] Successfully resolved entitlement details
Begin MonoManager ReloadAssembly
Thread 0x16c98b000 may have been prematurely finalized
Native extension for OSXStandalone target not found
Native extension for WebGL target not found
[Package Manager] Failed to launch server process. Reason: Unity was launched with the -noUpm command-line argument
[Package Manager] Unable to send message (not connected to server process).
[Package Manager] Cannot connect to Unity Package Manager local server
[Package Manager] Failed to launch server process. Reason: Unity was launched with the -noUpm command-line argument
[Package Manager] Unable to send message (not connected to server process).
[Package Manager] Cannot connect to Unity Package Manager local server
ScheduleIndexationOnStartup MainProcess:False IndexOnStartup:True
Mono: successfully reloaded assembly
- Finished resetting the current domain, in  0.370 seconds
Domain Reload Profiling: 758ms
	BeginReloadAssembly (101ms)
		DisableScriptedObjects (3ms)
		CreateAndSetChildDomain (31ms)
	RebuildCommonClasses (4ms)
	RebuildNativeTypeToScriptingClass (9ms)
	initialDomainReloadingComplete (20ms)
	LoadAllAssembliesAndSetupDomain (254ms)
		LoadAssemblies (117ms)
		AnalyzeDomain (108ms)
			TypeCache.Refresh (6ms)
			BuildScriptInfoCaches (97ms)
			ResolveRequiredComponents (4ms)
	FinalizeReload (370ms)
		SetupLoadedEditorAssemblies (0ms)
			BeforeProcessingInitializeOnLoad (49ms)
			ProcessInitializeOnLoadAttributes (146ms)
			ProcessInitializeOnLoadMethodAttributes (56ms)
		AwakeInstancesAfterBackupRestoration (10ms)
WARNING: Shader Unsupported: 'Universal Render Pipeline/VR/SpatialMapping/Wireframe' - All subshaders removed
WARNING: Shader Did you use #pragma only_renderers and omit this platform?
WARNING: Shader If subshaders removal was intentional, you may have forgotten turning Fallback off?
Shader Hidden/ChartRasterizerHardware is not supported: GPU does not support conservative rasterization
Unloading 24 Unused Serialized files (Serialized files now loaded: 0)
Unloading 6432 unused Assets / (4.6 MB). Loaded Objects now: 7343.
Memory consumption went from 183.6 MB to 179.0 MB.
Total: 6.111958 ms (FindLiveObjects: 0.313625 ms CreateObjectMapping: 1.046000 ms MarkObjects: 3.824500 ms  DeleteObjects: 0.927583 ms)

Prepare: number of updated asset objects reloaded= 0
========================================================================
Received Prepare
AcceleratorClientConnectionCallback - disconnected - :0
[Licensing::Client] Successfully resolved entitlement details
Begin MonoManager ReloadAssembly
Thread 0x16c98b000 may have been prematurely finalized
Native extension for OSXStandalone target not found
Native extension for WebGL target not found
[Package Manager] Failed to launch server process. Reason: Unity was launched with the -noUpm command-line argument
[Package Manager] Unable to send message (not connected to server process).
[Package Manager] Cannot connect to Unity Package Manager local server
[Package Manager] Failed to launch server process. Reason: Unity was launched with the -noUpm command-line argument
[Package Manager] Unable to send message (not connected to server process).
[Package Manager] Cannot connect to Unity Package Manager local server
ScheduleIndexationOnStartup MainProcess:False IndexOnStartup:True
Mono: successfully reloaded assembly
- Finished resetting the current domain, in  0.368 seconds
Domain Reload Profiling: 666ms
	BeginReloadAssembly (103ms)
		DisableScriptedObjects (3ms)
		CreateAndSetChildDomain (32ms)
	RebuildCommonClasses (5ms)
	RebuildNativeTypeToScriptingClass (10ms)
	initialDomainReloadingComplete (19ms)
	LoadAllAssembliesAndSetupDomain (161ms)
		LoadAssemblies (121ms)
		AnalyzeDomain (11ms)
			TypeCache.Refresh (4ms)
			ResolveRequiredComponents (4ms)
	FinalizeReload (369ms)
		SetupLoadedEditorAssemblies (0ms)
			BeforeProcessingInitializeOnLoad (47ms)
			ProcessInitializeOnLoadAttributes (145ms)
			ProcessInitializeOnLoadMethodAttributes (55ms)
		AwakeInstancesAfterBackupRestoration (11ms)
WARNING: Shader Unsupported: 'Universal Render Pipeline/VR/SpatialMapping/Wireframe' - All subshaders removed
WARNING: Shader Did you use #pragma only_renderers and omit this platform?
WARNING: Shader If subshaders removal was intentional, you may have forgotten turning Fallback off?
Shader Hidden/ChartRasterizerHardware is not supported: GPU does not support conservative rasterization
Unloading 24 Unused Serialized files (Serialized files now loaded: 0)
Unloading 6432 unused Assets / (4.4 MB). Loaded Objects now: 7346.
Memory consumption went from 184.1 MB to 179.6 MB.
Total: 6.260542 ms (FindLiveObjects: 0.300583 ms CreateObjectMapping: 1.069542 ms MarkObjects: 3.868583 ms  DeleteObjects: 1.021334 ms)

Prepare: number of updated asset objects reloaded= 0
========================================================================
Received Import Request.
  Time of request: 2026-10-09T03:59:00.523531Z
  Time since last request: 243.93715733299999 seconds.
  importAddress: GUID: c0177d3aae57e4dd588f997635ec6226 - Path: Assets/Scripts/SumoPlayerController.cs - Importer: ScriptedImporter/UnityEditor.QuickSearchModule:UnityEditor.Search:ASIAI0B
Importing 'GUID: c0177d3aae57e4dd588f997635ec6226 - Path: Assets/Scripts/SumoPlayerController.cs - Importer: ScriptedImporter/UnityEditor.QuickSearchModule:UnityEditor.Search:ASIAI0B' with importer (ScriptedImporter : UnityEditor.QuickSearchModule:UnityEditor.Search:ASIAI0B)
Imported 'GUID: c0177d3aae57e4dd588f997635ec6226' -> (Import Result ID: 'ba01118eede5b94091a40d5e441bbba6') in 0.032 seconds [static and dynamic dependencies]. Details - ImportResultOutputID=c57072bca4ddb79bbfb4a017bd9d15fb DependenciesID=287d482147a0aee344715e0ce64170ed StaticDependenciesID=76c1dd20fc478620a705c6b72a33a384 
Number of updated asset objects reloaded before import = 0
Number of asset objects unloaded after import = 0
========================================================================
Received Prepare
AcceleratorClientConnectionCallback - disconnected - :0
WARNING: Shader Unsupported: 'Universal Render Pipeline/VR/SpatialMapping/Wireframe' - All subshaders removed
WARNING: Shader Did you use #pragma only_renderers and omit this platform?
WARNING: Shader If subshaders removal was intentional, you may have forgotten turning Fallback off?
Shader Hidden/ChartRasterizerHardware is not supported: GPU does not support conservative rasterization
Unloading 24 Unused Serialized files (Serialized files now loaded: 0)
Unloading 25 unused Assets / (2.6 MB). Loaded Objects now: 7346.
Memory consumption went from 171.8 MB to 169.1 MB.
Total: 4.828208 ms (FindLiveObjects: 0.162083 ms CreateObjectMapping: 0.494292 ms MarkObjects: 3.844625 ms  DeleteObjects: 0.326583 ms)

Prepare: number of updated asset objects reloaded= 0
========================================================================
Received Import Request.
  Time of request: 2026-10-09T03:59:07.297919Z
  Time since last request: 6.734314333 seconds.
  importAddress: GUID: 9932fd499fc9b4a9e85b536232a1cec7 - Path: Assets/Physics Materials - Importer: ScriptedImporter/UnityEditor.QuickSearchModule:UnityEditor.Search:ASIAI0B
Importing 'GUID: 9932fd499fc9b4a9e85b536232a1cec7 - Path: Assets/Physics Materials - Importer: ScriptedImporter/UnityEditor.QuickSearchModule:UnityEditor.Search:ASIAI0B' with importer (ScriptedImporter : UnityEditor.QuickSearchModule:UnityEditor.Search:ASIAI0B)
Imported 'GUID: 9932fd499fc9b4a9e85b536232a1cec7' -> (Import Result ID: 'fd2d62823e4743022f7a2026052397b3') in 0.003 seconds [static and dynamic dependencies]. Details - ImportResultOutputID=c02b8ccdb8f47ea66ea92c919720adbd DependenciesID=c8308f8b6a97660c2dd8822e31dec742 StaticDependenciesID=3944fc4ea1e98c6f3f472041ba75d70e 
Number of updated asset objects reloaded before import = 0
Number of asset objects unloaded after import = 1
========================================================================
Received Import Request.
  Time of request: 2026-10-09T03:59:21.097998Z
  Time since last request: 13.789168834 seconds.
  importAddress: GUID: cea6ea5b7cc014c9e9ccea3e1152d8c3 - Path: Assets/Physics Materials/Bouncy.physicMaterial - Importer: PreviewImporter
Importing 'GUID: cea6ea5b7cc014c9e9ccea3e1152d8c3 - Path: Assets/Physics Materials/Bouncy.physicMaterial - Importer: PreviewImporter' with importer (PreviewImporter)
Imported 'GUID: cea6ea5b7cc014c9e9ccea3e1152d8c3' -> (Import Result ID: '054f58fd40e44c43940e51b3086a93a1') in 0.009 seconds [static and dynamic dependencies]. Details - ImportResultOutputID=7abbaaf80c3cc53dcd28d9499be64619 DependenciesID=0361ffe6c417bb2fdbd1e88457ad6086 StaticDependenciesID=9ed34d9360acbea3fc318f152b072163 
Number of updated asset objects reloaded before import = 0
Number of asset objects unloaded after import = 1
========================================================================
Received Import Request.
  Time of request: 2026-10-09T03:59:22.092797Z
  Time since last request: 0.977500458 seconds.
  importAddress: GUID: cea6ea5b7cc014c9e9ccea3e1152d8c3 - Path: Assets/Physics Materials/Bouncy.physicMaterial - Importer: ScriptedImporter/UnityEditor.QuickSearchModule:UnityEditor.Search:ASIAI0B
Importing 'GUID: cea6ea5b7cc014c9e9ccea3e1152d8c3 - Path: Assets/Physics Materials/Bouncy.physicMaterial - Importer: ScriptedImporter/UnityEditor.QuickSearchModule:UnityEditor.Search:ASIAI0B' with importer (ScriptedImporter : UnityEditor.QuickSearchModule:UnityEditor.Search:ASIAI0B)
Imported 'GUID: cea6ea5b7cc014c9e9ccea3e1152d8c3' -> (Import Result ID: '658285821a16520d9b316dd60c995861') in 0.006 seconds [static and dynamic dependencies]. Details - ImportResultOutputID=15c47cc65154713bba0097943c8ee76d DependenciesID=4739006ab6d079ba49b95727cc5a80b8 StaticDependenciesID=938b47867f0e538e91f41c568758286d 
Number of updated asset objects reloaded before import = 0
Number of asset objects unloaded after import = 1
========================================================================
Received Prepare
AcceleratorClientConnectionCallback - disconnected - :0
WARNING: Shader Unsupported: 'Universal Render Pipeline/VR/SpatialMapping/Wireframe' - All subshaders removed
WARNING: Shader Did you use #pragma only_renderers and omit this platform?
WARNING: Shader If subshaders removal was intentional, you may have forgotten turning Fallback off?
Shader Hidden/ChartRasterizerHardware is not supported: GPU does not support conservative rasterization
Unloading 24 Unused Serialized files (Serialized files now loaded: 0)
Unloading 6422 unused Assets / (4.8 MB). Loaded Objects now: 7347.
Memory consumption went from 175.5 MB to 170.7 MB.
Total: 7.981416 ms (FindLiveObjects: 0.295208 ms CreateObjectMapping: 0.994834 ms MarkObjects: 5.619541 ms  DeleteObjects: 1.071666 ms)

Prepare: number of updated asset objects reloaded= 0
========================================================================
Received Import Request.
  Time of request: 2026-10-09T04:02:29.567307Z
  Time since last request: 187.45723170900001 seconds.
  importAddress: GUID: 02f1eed8aa22b4191bb3246dc5e6907f - Path: Assets/Scripts/SumoEnemy.cs - Importer: PreviewImporter
Importing 'GUID: 02f1eed8aa22b4191bb3246dc5e6907f - Path: Assets/Scripts/SumoEnemy.cs - Importer: PreviewImporter' with importer (PreviewImporter)
Imported 'GUID: 02f1eed8aa22b4191bb3246dc5e6907f' -> (Import Result ID: 'b106f54fcbb7f9d847615d5df67f6d59') in 0.000 seconds [static and dynamic dependencies]. Details - ImportResultOutputID=d104be6395a0f73146a4bf202cdd120e DependenciesID=9a05ec2d164fe852fef73835d08ce5d9 StaticDependenciesID=9f1be0ea43ddf74daaf639222196d6c1 
Number of updated asset objects reloaded before import = 0
Number of asset objects unloaded after import = 0
========================================================================
Received Import Request.
  Time of request: 2026-10-09T04:02:30.390409Z
  Time since last request: 0.815305292 seconds.
  importAddress: GUID: 02f1eed8aa22b4191bb3246dc5e6907f - Path: Assets/Scripts/SumoEnemy.cs - Importer: ScriptedImporter/UnityEditor.QuickSearchModule:UnityEditor.Search:ASIAI0B
Importing 'GUID: 02f1eed8aa22b4191bb3246dc5e6907f - Path: Assets/Scripts/SumoEnemy.cs - Importer: ScriptedImporter/UnityEditor.QuickSearchModule:UnityEditor.Search:ASIAI0B' with importer (ScriptedImporter : UnityEditor.QuickSearchModule:UnityEditor.Search:ASIAI0B)
Imported 'GUID: 02f1eed8aa22b4191bb3246dc5e6907f' -> (Import Result ID: '07e8b8abce373be49669c79c6e6a9137') in 0.002 seconds [static and dynamic dependencies]. Details - ImportResultOutputID=6c9b03b4c93f11caf4e873078ae153de DependenciesID=6e97f8d89aac9bb2699cb804ead700b3 StaticDependenciesID=27f006b13be7a171a74d58a4fb8ebdf9 
Number of updated asset objects reloaded before import = 0
Number of asset objects unloaded after import = 0
========================================================================
Received Prepare
AcceleratorClientConnectionCallback - disconnected - :0
[Licensing::Client] Successfully resolved entitlement details
Begin MonoManager ReloadAssembly
Thread 0x16c98b000 may have been prematurely finalized
Native extension for OSXStandalone target not found
Native extension for WebGL target not found
[Package Manager] Failed to launch server process. Reason: Unity was launched with the -noUpm command-line argument
[Package Manager] Unable to send message (not connected to server process).
[Package Manager] Cannot connect to Unity Package Manager local server
[Package Manager] Failed to launch server process. Reason: Unity was launched with the -noUpm command-line argument
[Package Manager] Unable to send message (not connected to server process).
[Package Manager] Cannot connect to Unity Package Manager local server
ScheduleIndexationOnStartup MainProcess:False IndexOnStartup:True
Mono: successfully reloaded assembly
- Finished resetting the current domain, in  0.355 seconds
Domain Reload Profiling: 770ms
	BeginReloadAssembly (109ms)
		DisableScriptedObjects (3ms)
		CreateAndSetChildDomain (40ms)
	RebuildCommonClasses (5ms)
	RebuildNativeTypeToScriptingClass (9ms)
	initialDomainReloadingComplete (21ms)
	LoadAllAssembliesAndSetupDomain (270ms)
		LoadAssemblies (125ms)
		AnalyzeDomain (110ms)
			TypeCache.Refresh (6ms)
			BuildScriptInfoCaches (98ms)
			ResolveRequiredComponents (4ms)
	FinalizeReload (356ms)
		SetupLoadedEditorAssemblies (0ms)
			BeforeProcessingInitializeOnLoad (47ms)
			ProcessInitializeOnLoadAttributes (140ms)
			ProcessInitializeOnLoadMethodAttributes (52ms)
		AwakeInstancesAfterBackupRestoration (11ms)
WARNING: Shader Unsupported: 'Universal Render Pipeline/VR/SpatialMapping/Wireframe' - All subshaders removed
WARNING: Shader Did you use #pragma only_renderers and omit this platform?
WARNING: Shader If subshaders removal was intentional, you may have forgotten turning Fallback off?
Shader Hidden/ChartRasterizerHardware is not supported: GPU does not support conservative rasterization
Unloading 24 Unused Serialized files (Serialized files now loaded: 0)
Unloading 6433 unused Assets / (4.9 MB). Loaded Objects now: 7350.
Memory consumption went from 183.4 MB to 178.4 MB.
Total: 5.759583 ms (FindLiveObjects: 0.249542 ms CreateObjectMapping: 0.963625 ms MarkObjects: 3.553916 ms  DeleteObjects: 0.992334 ms)

Prepare: number of updated asset objects reloaded= 0
========================================================================
Received Prepare
AcceleratorClientConnectionCallback - disconnected - :0
WARNING: Shader Unsupported: 'Universal Render Pipeline/VR/SpatialMapping/Wireframe' - All subshaders removed
WARNING: Shader Did you use #pragma only_renderers and omit this platform?
WARNING: Shader If subshaders removal was intentional, you may have forgotten turning Fallback off?
Shader Hidden/ChartRasterizerHardware is not supported: GPU does not support conservative rasterization
Unloading 24 Unused Serialized files (Serialized files now loaded: 0)
Unloading 6422 unused Assets / (4.5 MB). Loaded Objects now: 7350.
Memory consumption went from 175.5 MB to 171.1 MB.
Total: 6.439250 ms (FindLiveObjects: 0.297875 ms CreateObjectMapping: 1.046292 ms MarkObjects: 4.007375 ms  DeleteObjects: 1.087500 ms)

Prepare: number of updated asset objects reloaded= 0
========================================================================
Received Prepare
AcceleratorClientConnectionCallback - disconnected - :0
[Licensing::Client] Successfully resolved entitlement details
Begin MonoManager ReloadAssembly
Thread 0x16c98b000 may have been prematurely finalized
Native extension for OSXStandalone target not found
Native extension for WebGL target not found
[Package Manager] Failed to launch server process. Reason: Unity was launched with the -noUpm command-line argument
[Package Manager] Unable to send message (not connected to server process).
[Package Manager] Cannot connect to Unity Package Manager local server
[Package Manager] Failed to launch server process. Reason: Unity was launched with the -noUpm command-line argument
[Package Manager] Unable to send message (not connected to server process).
[Package Manager] Cannot connect to Unity Package Manager local server
ScheduleIndexationOnStartup MainProcess:False IndexOnStartup:True
Mono: successfully reloaded assembly
- Finished resetting the current domain, in  0.365 seconds
Domain Reload Profiling: 760ms
	BeginReloadAssembly (104ms)
		DisableScriptedObjects (3ms)
		CreateAndSetChildDomain (34ms)
	RebuildCommonClasses (5ms)
	RebuildNativeTypeToScriptingClass (9ms)
	initialDomainReloadingComplete (20ms)
	LoadAllAssembliesAndSetupDomain (258ms)
		LoadAssemblies (117ms)
		AnalyzeDomain (110ms)
			TypeCache.Refresh (6ms)
			BuildScriptInfoCaches (99ms)
			ResolveRequiredComponents (4ms)
	FinalizeReload (365ms)
		SetupLoadedEditorAssemblies (0ms)
			BeforeProcessingInitializeOnLoad (49ms)
			ProcessInitializeOnLoadAttributes (146ms)
			ProcessInitializeOnLoadMethodAttributes (50ms)
		AwakeInstancesAfterBackupRestoration (9ms)
WARNING: Shader Unsupported: 'Universal Render Pipeline/VR/SpatialMapping/Wireframe' - All subshaders removed
WARNING: Shader Did you use #pragma only_renderers and omit this platform?
WARNING: Shader If subshaders removal was intentional, you may have forgotten turning Fallback off?
Shader Hidden/ChartRasterizerHardware is not supported: GPU does not support conservative rasterization
Unloading 24 Unused Serialized files (Serialized files now loaded: 0)
Unloading 6433 unused Assets / (4.8 MB). Loaded Objects now: 7353.
Memory consumption went from 183.3 MB to 178.6 MB.
Total: 5.546875 ms (FindLiveObjects: 0.292000 ms CreateObjectMapping: 0.920417 ms MarkObjects: 3.277708 ms  DeleteObjects: 1.056541 ms)

Prepare: number of updated asset objects reloaded= 0
========================================================================
Received Prepare
AcceleratorClientConnectionCallback - disconnected - :0
Begin MonoManager ReloadAssembly
Thread 0x16c98b000 may have been prematurely finalized
Native extension for OSXStandalone target not found
Native extension for WebGL target not found
[Package Manager] Failed to launch server process. Reason: Unity was launched with the -noUpm command-line argument
[Package Manager] Unable to send message (not connected to server process).
[Package Manager] Cannot connect to Unity Package Manager local server
[Package Manager] Failed to launch server process. Reason: Unity was launched with the -noUpm command-line argument
[Package Manager] Unable to send message (not connected to server process).
[Package Manager] Cannot connect to Unity Package Manager local server
ScheduleIndexationOnStartup MainProcess:False IndexOnStartup:True
Mono: successfully reloaded assembly
- Finished resetting the current domain, in  0.377 seconds
Domain Reload Profiling: 682ms
	BeginReloadAssembly (105ms)
		DisableScriptedObjects (3ms)
		CreateAndSetChildDomain (33ms)
	RebuildCommonClasses (5ms)
	RebuildNativeTypeToScriptingClass (9ms)
	initialDomainReloadingComplete (21ms)
	LoadAllAssembliesAndSetupDomain (165ms)
		LoadAssemblies (123ms)
		AnalyzeDomain (11ms)
			TypeCache.Refresh (4ms)
			ResolveRequiredComponents (4ms)
	FinalizeReload (378ms)
		SetupLoadedEditorAssemblies (0ms)
			BeforeProcessingInitializeOnLoad (49ms)
			ProcessInitializeOnLoadAttributes (151ms)
			ProcessInitializeOnLoadMethodAttributes (57ms)
		AwakeInstancesAfterBackupRestoration (10ms)
WARNING: Shader Unsupported: 'Universal Render Pipeline/VR/SpatialMapping/Wireframe' - All subshaders removed
WARNING: Shader Did you use #pragma only_renderers and omit this platform?
WARNING: Shader If subshaders removal was intentional, you may have forgotten turning Fallback off?
Shader Hidden/ChartRasterizerHardware is not supported: GPU does not support conservative rasterization
Unloading 24 Unused Serialized files (Serialized files now loaded: 0)
Unloading 6433 unused Assets / (4.4 MB). Loaded Objects now: 7356.
Memory consumption went from 183.8 MB to 179.4 MB.
Total: 5.995416 ms (FindLiveObjects: 0.320875 ms CreateObjectMapping: 1.068375 ms MarkObjects: 3.568500 ms  DeleteObjects: 1.037584 ms)

Prepare: number of updated asset objects reloaded= 0
========================================================================
Received Prepare
AcceleratorClientConnectionCallback - disconnected - :0
Begin MonoManager ReloadAssembly
Thread 0x16c98b000 may have been prematurely finalized
Native extension for OSXStandalone target not found
Native extension for WebGL target not found
[Package Manager] Failed to launch server process. Reason: Unity was launched with the -noUpm command-line argument
[Package Manager] Unable to send message (not connected to server process).
[Package Manager] Cannot connect to Unity Package Manager local server
[Package Manager] Failed to launch server process. Reason: Unity was launched with the -noUpm command-line argument
[Package Manager] Unable to send message (not connected to server process).
[Package Manager] Cannot connect to Unity Package Manager local server
ScheduleIndexationOnStartup MainProcess:False IndexOnStartup:True
Mono: successfully reloaded assembly
- Finished resetting the current domain, in  0.366 seconds
Domain Reload Profiling: 662ms
	BeginReloadAssembly (103ms)
		DisableScriptedObjects (3ms)
		CreateAndSetChildDomain (33ms)
	RebuildCommonClasses (5ms)
	RebuildNativeTypeToScriptingClass (9ms)
	initialDomainReloadingComplete (19ms)
	LoadAllAssembliesAndSetupDomain (158ms)
		LoadAssemblies (118ms)
		AnalyzeDomain (10ms)
			TypeCache.Refresh (4ms)
			ResolveRequiredComponents (4ms)
	FinalizeReload (367ms)
		SetupLoadedEditorAssemblies (0ms)
			BeforeProcessingInitializeOnLoad (49ms)
			ProcessInitializeOnLoadAttributes (145ms)
			ProcessInitializeOnLoadMethodAttributes (55ms)
		AwakeInstancesAfterBackupRestoration (10ms)
WARNING: Shader Unsupported: 'Universal Render Pipeline/VR/SpatialMapping/Wireframe' - All subshaders removed
WARNING: Shader Did you use #pragma only_renderers and omit this platform?
WARNING: Shader If subshaders removal was intentional, you may have forgotten turning Fallback off?
Shader Hidden/ChartRasterizerHardware is not supported: GPU does not support conservative rasterization
Unloading 24 Unused Serialized files (Serialized files now loaded: 0)
Unloading 6433 unused Assets / (4.6 MB). Loaded Objects now: 7359.
Memory consumption went from 184.2 MB to 179.6 MB.
Total: 6.195542 ms (FindLiveObjects: 0.311375 ms CreateObjectMapping: 1.080541 ms MarkObjects: 3.676167 ms  DeleteObjects: 1.127000 ms)

Prepare: number of updated asset objects reloaded= 0
========================================================================
Received Prepare
AcceleratorClientConnectionCallback - disconnected - :0
Begin MonoManager ReloadAssembly
Thread 0x16c98b000 may have been prematurely finalized
Native extension for OSXStandalone target not found
Native extension for WebGL target not found
[Package Manager] Failed to launch server process. Reason: Unity was launched with the -noUpm command-line argument
[Package Manager] Unable to send message (not connected to server process).
[Package Manager] Cannot connect to Unity Package Manager local server
[Package Manager] Failed to launch server process. Reason: Unity was launched with the -noUpm command-line argument
[Package Manager] Unable to send message (not connected to server process).
[Package Manager] Cannot connect to Unity Package Manager local server
ScheduleIndexationOnStartup MainProcess:False IndexOnStartup:True
Mono: successfully reloaded assembly
- Finished resetting the current domain, in  0.366 seconds
Domain Reload Profiling: 663ms
	BeginReloadAssembly (103ms)
		DisableScriptedObjects (3ms)
		CreateAndSetChildDomain (32ms)
	RebuildCommonClasses (5ms)
	RebuildNativeTypeToScriptingClass (9ms)
	initialDomainReloadingComplete (20ms)
	LoadAllAssembliesAndSetupDomain (159ms)
		LoadAssemblies (119ms)
		AnalyzeDomain (10ms)
			TypeCache.Refresh (4ms)
			ResolveRequiredComponents (4ms)
	FinalizeReload (366ms)
		SetupLoadedEditorAssemblies (0ms)
			BeforeProcessingInitializeOnLoad (47ms)
			ProcessInitializeOnLoadAttributes (146ms)
			ProcessInitializeOnLoadMethodAttributes (53ms)
		AwakeInstancesAfterBackupRestoration (10ms)
WARNING: Shader Unsupported: 'Universal Render Pipeline/VR/SpatialMapping/Wireframe' - All subshaders removed
WARNING: Shader Did you use #pragma only_renderers and omit this platform?
WARNING: Shader If subshaders removal was intentional, you may have forgotten turning Fallback off?
Shader Hidden/ChartRasterizerHardware is not supported: GPU does not support conservative rasterization
Unloading 24 Unused Serialized files (Serialized files now loaded: 0)
Unloading 6433 unused Assets / (4.8 MB). Loaded Objects now: 7362.
Memory consumption went from 184.6 MB to 179.9 MB.
Total: 6.489667 ms (FindLiveObjects: 0.262583 ms CreateObjectMapping: 1.025250 ms MarkObjects: 3.970958 ms  DeleteObjects: 1.230584 ms)

Prepare: number of updated asset objects reloaded= 0
========================================================================
Received Prepare
AcceleratorClientConnectionCallback - disconnected - :0
WARNING: Shader Unsupported: 'Universal Render Pipeline/VR/SpatialMapping/Wireframe' - All subshaders removed
WARNING: Shader Did you use #pragma only_renderers and omit this platform?
WARNING: Shader If subshaders removal was intentional, you may have forgotten turning Fallback off?
Shader Hidden/ChartRasterizerHardware is not supported: GPU does not support conservative rasterization
Unloading 24 Unused Serialized files (Serialized files now loaded: 0)
Unloading 24 unused Assets / (2.6 MB). Loaded Objects now: 7362.
Memory consumption went from 172.2 MB to 169.5 MB.
Total: 4.330375 ms (FindLiveObjects: 0.169750 ms CreateObjectMapping: 0.388417 ms MarkObjects: 3.581334 ms  DeleteObjects: 0.190333 ms)

Prepare: number of updated asset objects reloaded= 0
========================================================================
Received Prepare
AcceleratorClientConnectionCallback - disconnected - :0
[Licensing::Client] Successfully resolved entitlement details
Begin MonoManager ReloadAssembly
Thread 0x16c98b000 may have been prematurely finalized
Native extension for OSXStandalone target not found
Native extension for WebGL target not found
[Package Manager] Failed to launch server process. Reason: Unity was launched with the -noUpm command-line argument
[Package Manager] Unable to send message (not connected to server process).
[Package Manager] Cannot connect to Unity Package Manager local server
[Package Manager] Failed to launch server process. Reason: Unity was launched with the -noUpm command-line argument
[Package Manager] Unable to send message (not connected to server process).
[Package Manager] Cannot connect to Unity Package Manager local server
ScheduleIndexationOnStartup MainProcess:False IndexOnStartup:True
Mono: successfully reloaded assembly
- Finished resetting the current domain, in  0.372 seconds
Domain Reload Profiling: 686ms
	BeginReloadAssembly (105ms)
		DisableScriptedObjects (3ms)
		CreateAndSetChildDomain (34ms)
	RebuildCommonClasses (5ms)
	RebuildNativeTypeToScriptingClass (9ms)
	initialDomainReloadingComplete (22ms)
	LoadAllAssembliesAndSetupDomain (171ms)
		LoadAssemblies (128ms)
		AnalyzeDomain (11ms)
			TypeCache.Refresh (4ms)
			ResolveRequiredComponents (5ms)
	FinalizeReload (373ms)
		SetupLoadedEditorAssemblies (0ms)
			BeforeProcessingInitializeOnLoad (49ms)
			ProcessInitializeOnLoadAttributes (146ms)
			ProcessInitializeOnLoadMethodAttributes (56ms)
		AwakeInstancesAfterBackupRestoration (11ms)
WARNING: Shader Unsupported: 'Universal Render Pipeline/VR/SpatialMapping/Wireframe' - All subshaders removed
WARNING: Shader Did you use #pragma only_renderers and omit this platform?
WARNING: Shader If subshaders removal was intentional, you may have forgotten turning Fallback off?
Shader Hidden/ChartRasterizerHardware is not supported: GPU does not support conservative rasterization
Unloading 24 Unused Serialized files (Serialized files now loaded: 0)
Unloading 6433 unused Assets / (4.1 MB). Loaded Objects now: 7365.
Memory consumption went from 183.5 MB to 179.5 MB.
Total: 6.178834 ms (FindLiveObjects: 0.286834 ms CreateObjectMapping: 0.986041 ms MarkObjects: 3.694084 ms  DeleteObjects: 1.211334 ms)

Prepare: number of updated asset objects reloaded= 0
========================================================================
Received Prepare
AcceleratorClientConnectionCallback - disconnected - :0
[Licensing::Client] Successfully resolved entitlement details
Begin MonoManager ReloadAssembly
Thread 0x16c98b000 may have been prematurely finalized
Native extension for OSXStandalone target not found
Native extension for WebGL target not found
[Package Manager] Failed to launch server process. Reason: Unity was launched with the -noUpm command-line argument
[Package Manager] Unable to send message (not connected to server process).
[Package Manager] Cannot connect to Unity Package Manager local server
[Package Manager] Failed to launch server process. Reason: Unity was launched with the -noUpm command-line argument
[Package Manager] Unable to send message (not connected to server process).
[Package Manager] Cannot connect to Unity Package Manager local server
ScheduleIndexationOnStartup MainProcess:False IndexOnStartup:True
Mono: successfully reloaded assembly
- Finished resetting the current domain, in  0.383 seconds
Domain Reload Profiling: 777ms
	BeginReloadAssembly (104ms)
		DisableScriptedObjects (3ms)
		CreateAndSetChildDomain (35ms)
	RebuildCommonClasses (5ms)
	RebuildNativeTypeToScriptingClass (9ms)
	initialDomainReloadingComplete (19ms)
	LoadAllAssembliesAndSetupDomain (257ms)
		LoadAssemblies (116ms)
		AnalyzeDomain (111ms)
			TypeCache.Refresh (6ms)
			BuildScriptInfoCaches (100ms)
			ResolveRequiredComponents (4ms)
	FinalizeReload (383ms)
		SetupLoadedEditorAssemblies (0ms)
			BeforeProcessingInitializeOnLoad (52ms)
			ProcessInitializeOnLoadAttributes (151ms)
			ProcessInitializeOnLoadMethodAttributes (54ms)
		AwakeInstancesAfterBackupRestoration (9ms)
WARNING: Shader Unsupported: 'Universal Render Pipeline/VR/SpatialMapping/Wireframe' - All subshaders removed
WARNING: Shader Did you use #pragma only_renderers and omit this platform?
WARNING: Shader If subshaders removal was intentional, you may have forgotten turning Fallback off?
Shader Hidden/ChartRasterizerHardware is not supported: GPU does not support conservative rasterization
Unloading 24 Unused Serialized files (Serialized files now loaded: 0)
Unloading 6433 unused Assets / (4.9 MB). Loaded Objects now: 7368.
Memory consumption went from 184.0 MB to 179.1 MB.
Total: 5.931416 ms (FindLiveObjects: 0.291917 ms CreateObjectMapping: 1.013375 ms MarkObjects: 3.642792 ms  DeleteObjects: 0.983041 ms)

Prepare: number of updated asset objects reloaded= 0
========================================================================
Received Prepare
AcceleratorClientConnectionCallback - disconnected - :0
Begin MonoManager ReloadAssembly
Thread 0x16c7e7000 may have been prematurely finalized
Native extension for OSXStandalone target not found
Native extension for WebGL target not found
[Package Manager] Failed to launch server process. Reason: Unity was launched with the -noUpm command-line argument
[Package Manager] Unable to send message (not connected to server process).
[Package Manager] Cannot connect to Unity Package Manager local server
[Package Manager] Failed to launch server process. Reason: Unity was launched with the -noUpm command-line argument
[Package Manager] Unable to send message (not connected to server process).
[Package Manager] Cannot connect to Unity Package Manager local server
ScheduleIndexationOnStartup MainProcess:False IndexOnStartup:True
Mono: successfully reloaded assembly
- Finished resetting the current domain, in  0.373 seconds
Domain Reload Profiling: 673ms
	BeginReloadAssembly (104ms)
		DisableScriptedObjects (3ms)
		CreateAndSetChildDomain (36ms)
	RebuildCommonClasses (5ms)
	RebuildNativeTypeToScriptingClass (9ms)
	initialDomainReloadingComplete (19ms)
	LoadAllAssembliesAndSetupDomain (162ms)
		LoadAssemblies (119ms)
		AnalyzeDomain (10ms)
			TypeCache.Refresh (4ms)
			ResolveRequiredComponents (4ms)
	FinalizeReload (374ms)
		SetupLoadedEditorAssemblies (0ms)
			BeforeProcessingInitializeOnLoad (48ms)
			ProcessInitializeOnLoadAttributes (148ms)
			ProcessInitializeOnLoadMethodAttributes (59ms)
		AwakeInstancesAfterBackupRestoration (10ms)
WARNING: Shader Unsupported: 'Universal Render Pipeline/VR/SpatialMapping/Wireframe' - All subshaders removed
WARNING: Shader Did you use #pragma only_renderers and omit this platform?
WARNING: Shader If subshaders removal was intentional, you may have forgotten turning Fallback off?
Shader Hidden/ChartRasterizerHardware is not supported: GPU does not support conservative rasterization
Unloading 24 Unused Serialized files (Serialized files now loaded: 0)
Unloading 6433 unused Assets / (4.7 MB). Loaded Objects now: 7371.
Memory consumption went from 184.4 MB to 179.7 MB.
Total: 6.715792 ms (FindLiveObjects: 0.303791 ms CreateObjectMapping: 1.273417 ms MarkObjects: 3.940958 ms  DeleteObjects: 1.197292 ms)

Prepare: number of updated asset objects reloaded= 0
========================================================================
Received Prepare
AcceleratorClientConnectionCallback - disconnected - :0
Begin MonoManager ReloadAssembly
Thread 0x16c98b000 may have been prematurely finalized
Native extension for OSXStandalone target not found
Native extension for WebGL target not found
[Package Manager] Failed to launch server process. Reason: Unity was launched with the -noUpm command-line argument
[Package Manager] Unable to send message (not connected to server process).
[Package Manager] Cannot connect to Unity Package Manager local server
[Package Manager] Failed to launch server process. Reason: Unity was launched with the -noUpm command-line argument
[Package Manager] Unable to send message (not connected to server process).
[Package Manager] Cannot connect to Unity Package Manager local server
ScheduleIndexationOnStartup MainProcess:False IndexOnStartup:True
Mono: successfully reloaded assembly
- Finished resetting the current domain, in  0.375 seconds
Domain Reload Profiling: 676ms
	BeginReloadAssembly (105ms)
		DisableScriptedObjects (3ms)
		CreateAndSetChildDomain (34ms)
	RebuildCommonClasses (5ms)
	RebuildNativeTypeToScriptingClass (9ms)
	initialDomainReloadingComplete (19ms)
	LoadAllAssembliesAndSetupDomain (162ms)
		LoadAssemblies (121ms)
		AnalyzeDomain (11ms)
			TypeCache.Refresh (4ms)
			ResolveRequiredComponents (4ms)
	FinalizeReload (375ms)
		SetupLoadedEditorAssemblies (0ms)
			BeforeProcessingInitializeOnLoad (48ms)
			ProcessInitializeOnLoadAttributes (150ms)
			ProcessInitializeOnLoadMethodAttributes (57ms)
		AwakeInstancesAfterBackupRestoration (10ms)
WARNING: Shader Unsupported: 'Universal Render Pipeline/VR/SpatialMapping/Wireframe' - All subshaders removed
WARNING: Shader Did you use #pragma only_renderers and omit this platform?
WARNING: Shader If subshaders removal was intentional, you may have forgotten turning Fallback off?
Shader Hidden/ChartRasterizerHardware is not supported: GPU does not support conservative rasterization
Unloading 24 Unused Serialized files (Serialized files now loaded: 0)
Unloading 6433 unused Assets / (4.8 MB). Loaded Objects now: 7374.
Memory consumption went from 184.8 MB to 180.0 MB.
Total: 6.653417 ms (FindLiveObjects: 0.330958 ms CreateObjectMapping: 1.411333 ms MarkObjects: 3.774042 ms  DeleteObjects: 1.136834 ms)

Prepare: number of updated asset objects reloaded= 0
========================================================================
Received Prepare
AcceleratorClientConnectionCallback - disconnected - :0
[Licensing::Client] Successfully resolved entitlement details
Begin MonoManager ReloadAssembly
Thread 0x16c98b000 may have been prematurely finalized
Native extension for OSXStandalone target not found
Native extension for WebGL target not found
[Package Manager] Failed to launch server process. Reason: Unity was launched with the -noUpm command-line argument
[Package Manager] Unable to send message (not connected to server process).
[Package Manager] Cannot connect to Unity Package Manager local server
[Package Manager] Failed to launch server process. Reason: Unity was launched with the -noUpm command-line argument
[Package Manager] Unable to send message (not connected to server process).
[Package Manager] Cannot connect to Unity Package Manager local server
ScheduleIndexationOnStartup MainProcess:False IndexOnStartup:True
Mono: successfully reloaded assembly
- Finished resetting the current domain, in  0.374 seconds
Domain Reload Profiling: 784ms
	BeginReloadAssembly (103ms)
		DisableScriptedObjects (3ms)
		CreateAndSetChildDomain (34ms)
	RebuildCommonClasses (4ms)
	RebuildNativeTypeToScriptingClass (9ms)
	initialDomainReloadingComplete (20ms)
	LoadAllAssembliesAndSetupDomain (273ms)
		LoadAssemblies (130ms)
		AnalyzeDomain (111ms)
			TypeCache.Refresh (6ms)
			BuildScriptInfoCaches (100ms)
			ResolveRequiredComponents (4ms)
	FinalizeReload (375ms)
		SetupLoadedEditorAssemblies (0ms)
			BeforeProcessingInitializeOnLoad (48ms)
			ProcessInitializeOnLoadAttributes (151ms)
			ProcessInitializeOnLoadMethodAttributes (57ms)
		AwakeInstancesAfterBackupRestoration (10ms)
WARNING: Shader Unsupported: 'Universal Render Pipeline/VR/SpatialMapping/Wireframe' - All subshaders removed
WARNING: Shader Did you use #pragma only_renderers and omit this platform?
WARNING: Shader If subshaders removal was intentional, you may have forgotten turning Fallback off?
Shader Hidden/ChartRasterizerHardware is not supported: GPU does not support conservative rasterization
Unloading 24 Unused Serialized files (Serialized files now loaded: 0)
Unloading 6433 unused Assets / (4.9 MB). Loaded Objects now: 7377.
Memory consumption went from 185.3 MB to 180.4 MB.
Total: 5.981250 ms (FindLiveObjects: 0.295791 ms CreateObjectMapping: 1.006709 ms MarkObjects: 3.561083 ms  DeleteObjects: 1.117459 ms)

Prepare: number of updated asset objects reloaded= 0
========================================================================
Received Prepare
AcceleratorClientConnectionCallback - disconnected - :0
Begin MonoManager ReloadAssembly
Thread 0x16c98b000 may have been prematurely finalized
Native extension for OSXStandalone target not found
Native extension for WebGL target not found
[Package Manager] Failed to launch server process. Reason: Unity was launched with the -noUpm command-line argument
[Package Manager] Unable to send message (not connected to server process).
[Package Manager] Cannot connect to Unity Package Manager local server
[Package Manager] Failed to launch server process. Reason: Unity was launched with the -noUpm command-line argument
[Package Manager] Unable to send message (not connected to server process).
[Package Manager] Cannot connect to Unity Package Manager local server
ScheduleIndexationOnStartup MainProcess:False IndexOnStartup:True
Mono: successfully reloaded assembly
- Finished resetting the current domain, in  0.372 seconds
Domain Reload Profiling: 675ms
	BeginReloadAssembly (107ms)
		DisableScriptedObjects (3ms)
		CreateAndSetChildDomain (36ms)
	RebuildCommonClasses (5ms)
	RebuildNativeTypeToScriptingClass (9ms)
	initialDomainReloadingComplete (20ms)
	LoadAllAssembliesAndSetupDomain (161ms)
		LoadAssemblies (122ms)
		AnalyzeDomain (11ms)
			TypeCache.Refresh (4ms)
			ResolveRequiredComponents (4ms)
	FinalizeReload (373ms)
		SetupLoadedEditorAssemblies (0ms)
			BeforeProcessingInitializeOnLoad (50ms)
			ProcessInitializeOnLoadAttributes (143ms)
			ProcessInitializeOnLoadMethodAttributes (58ms)
		AwakeInstancesAfterBackupRestoration (11ms)
WARNING: Shader Unsupported: 'Universal Render Pipeline/VR/SpatialMapping/Wireframe' - All subshaders removed
WARNING: Shader Did you use #pragma only_renderers and omit this platform?
WARNING: Shader If subshaders removal was intentional, you may have forgotten turning Fallback off?
Shader Hidden/ChartRasterizerHardware is not supported: GPU does not support conservative rasterization
Unloading 24 Unused Serialized files (Serialized files now loaded: 0)
Unloading 6433 unused Assets / (4.7 MB). Loaded Objects now: 7380.
Memory consumption went from 185.7 MB to 181.0 MB.
Total: 6.529958 ms (FindLiveObjects: 0.308583 ms CreateObjectMapping: 1.057959 ms MarkObjects: 4.001833 ms  DeleteObjects: 1.161000 ms)

Prepare: number of updated asset objects reloaded= 0
========================================================================
Received Prepare
AcceleratorClientConnectionCallback - disconnected - :0
[Licensing::Client] Successfully resolved entitlement details
Begin MonoManager ReloadAssembly
Thread 0x16c98b000 may have been prematurely finalized
Native extension for OSXStandalone target not found
Native extension for WebGL target not found
[Package Manager] Failed to launch server process. Reason: Unity was launched with the -noUpm command-line argument
[Package Manager] Unable to send message (not connected to server process).
[Package Manager] Cannot connect to Unity Package Manager local server
[Package Manager] Failed to launch server process. Reason: Unity was launched with the -noUpm command-line argument
[Package Manager] Unable to send message (not connected to server process).
[Package Manager] Cannot connect to Unity Package Manager local server
ScheduleIndexationOnStartup MainProcess:False IndexOnStartup:True
Mono: successfully reloaded assembly
- Finished resetting the current domain, in  0.375 seconds
Domain Reload Profiling: 683ms
	BeginReloadAssembly (105ms)
		DisableScriptedObjects (3ms)
		CreateAndSetChildDomain (34ms)
	RebuildCommonClasses (5ms)
	RebuildNativeTypeToScriptingClass (9ms)
	initialDomainReloadingComplete (19ms)
	LoadAllAssembliesAndSetupDomain (169ms)
		LoadAssemblies (130ms)
		AnalyzeDomain (11ms)
			TypeCache.Refresh (4ms)
			ResolveRequiredComponents (4ms)
	FinalizeReload (375ms)
		SetupLoadedEditorAssemblies (0ms)
			BeforeProcessingInitializeOnLoad (48ms)
			ProcessInitializeOnLoadAttributes (146ms)
			ProcessInitializeOnLoadMethodAttributes (59ms)
		AwakeInstancesAfterBackupRestoration (11ms)
WARNING: Shader Unsupported: 'Universal Render Pipeline/VR/SpatialMapping/Wireframe' - All subshaders removed
WARNING: Shader Did you use #pragma only_renderers and omit this platform?
WARNING: Shader If subshaders removal was intentional, you may have forgotten turning Fallback off?
Shader Hidden/ChartRasterizerHardware is not supported: GPU does not support conservative rasterization
Unloading 24 Unused Serialized files (Serialized files now loaded: 0)
Unloading 6433 unused Assets / (4.4 MB). Loaded Objects now: 7383.
Memory consumption went from 186.1 MB to 181.7 MB.
Total: 6.353291 ms (FindLiveObjects: 0.317500 ms CreateObjectMapping: 1.154792 ms MarkObjects: 3.832250 ms  DeleteObjects: 1.048500 ms)

Prepare: number of updated asset objects reloaded= 0
========================================================================
Received Prepare
AcceleratorClientConnectionCallback - disconnected - :0
Begin MonoManager ReloadAssembly
Thread 0x16c98b000 may have been prematurely finalized
Native extension for OSXStandalone target not found
Native extension for WebGL target not found
[Package Manager] Failed to launch server process. Reason: Unity was launched with the -noUpm command-line argument
[Package Manager] Unable to send message (not connected to server process).
[Package Manager] Cannot connect to Unity Package Manager local server
[Package Manager] Failed to launch server process. Reason: Unity was launched with the -noUpm command-line argument
[Package Manager] Unable to send message (not connected to server process).
[Package Manager] Cannot connect to Unity Package Manager local server
ScheduleIndexationOnStartup MainProcess:False IndexOnStartup:True
Mono: successfully reloaded assembly
- Finished resetting the current domain, in  0.372 seconds
Domain Reload Profiling: 672ms
	BeginReloadAssembly (103ms)
		DisableScriptedObjects (3ms)
		CreateAndSetChildDomain (32ms)
	RebuildCommonClasses (5ms)
	RebuildNativeTypeToScriptingClass (9ms)
	initialDomainReloadingComplete (20ms)
	LoadAllAssembliesAndSetupDomain (163ms)
		LoadAssemblies (119ms)
		AnalyzeDomain (11ms)
			TypeCache.Refresh (4ms)
			ResolveRequiredComponents (4ms)
	FinalizeReload (372ms)
		SetupLoadedEditorAssemblies (0ms)
			BeforeProcessingInitializeOnLoad (47ms)
			ProcessInitializeOnLoadAttributes (146ms)
			ProcessInitializeOnLoadMethodAttributes (59ms)
		AwakeInstancesAfterBackupRestoration (10ms)
WARNING: Shader Unsupported: 'Universal Render Pipeline/VR/SpatialMapping/Wireframe' - All subshaders removed
WARNING: Shader Did you use #pragma only_renderers and omit this platform?
WARNING: Shader If subshaders removal was intentional, you may have forgotten turning Fallback off?
Shader Hidden/ChartRasterizerHardware is not supported: GPU does not support conservative rasterization
Unloading 24 Unused Serialized files (Serialized files now loaded: 0)
Unloading 6433 unused Assets / (4.6 MB). Loaded Objects now: 7386.
Memory consumption went from 186.5 MB to 181.9 MB.
Total: 6.317959 ms (FindLiveObjects: 0.323750 ms CreateObjectMapping: 1.034875 ms MarkObjects: 3.835500 ms  DeleteObjects: 1.123625 ms)

Prepare: number of updated asset objects reloaded= 0
========================================================================
Received Import Request.
  Time of request: 2026-10-09T04:13:53.201214Z
  Time since last request: 682.80067887500002 seconds.
  importAddress: GUID: b11c18394933342b7bb74eff32f73780 - Path: Assets/Scripts/SumoCameraRotate.cs - Importer: PreviewImporter
Importing 'GUID: b11c18394933342b7bb74eff32f73780 - Path: Assets/Scripts/SumoCameraRotate.cs - Importer: PreviewImporter' with importer (PreviewImporter)
Imported 'GUID: b11c18394933342b7bb74eff32f73780' -> (Import Result ID: '00b0a4cc6a262c6de5b5501f5c91e4e9') in 0.001 seconds [static and dynamic dependencies]. Details - ImportResultOutputID=5bd9cb970177e34018914947e5b34348 DependenciesID=0112e6257b35db6a504fb7e2187c8b01 StaticDependenciesID=6c41127fef3672d0c36806f6336575cc 
Number of updated asset objects reloaded before import = 0
Number of asset objects unloaded after import = 0
========================================================================
Received Import Request.
  Time of request: 2026-10-09T04:16:57.38643Z
  Time since last request: 184.17560070799999 seconds.
  importAddress: GUID: 84729eeda748340d0955715b6a50b370 - Path: Assets/Scenes/Prototype 1.unity - Importer: PreviewImporter
Importing 'GUID: 84729eeda748340d0955715b6a50b370 - Path: Assets/Scenes/Prototype 1.unity - Importer: PreviewImporter' with importer (PreviewImporter)
Imported 'GUID: 84729eeda748340d0955715b6a50b370' -> (Import Result ID: 'd942e3226fd39d3e817b259b5d666216') in 0.001 seconds [static and dynamic dependencies]. Details - ImportResultOutputID=40b8f8215e7a97fdb4dd75d242b1e878 DependenciesID=9325d364dbedcbdde4ed1caa1a99a8f5 StaticDependenciesID=4adb0d313d02e41f4b00f4fc8043f830 
Number of updated asset objects reloaded before import = 0
Number of asset objects unloaded after import = 0
========================================================================
Received Prepare
AcceleratorClientConnectionCallback - disconnected - :0
WARNING: Shader Unsupported: 'Universal Render Pipeline/VR/SpatialMapping/Wireframe' - All subshaders removed
WARNING: Shader Did you use #pragma only_renderers and omit this platform?
WARNING: Shader If subshaders removal was intentional, you may have forgotten turning Fallback off?
Shader Hidden/ChartRasterizerHardware is not supported: GPU does not support conservative rasterization
Unloading 24 Unused Serialized files (Serialized files now loaded: 0)
Unloading 24 unused Assets / (2.6 MB). Loaded Objects now: 7386.
Memory consumption went from 173.3 MB to 170.6 MB.
Total: 4.980791 ms (FindLiveObjects: 0.282500 ms CreateObjectMapping: 0.409041 ms MarkObjects: 4.075792 ms  DeleteObjects: 0.213250 ms)

Prepare: number of updated asset objects reloaded= 0
========================================================================
Received Import Request.
  Time of request: 2026-10-09T04:17:05.860427Z
  Time since last request: 8.464277125 seconds.
  importAddress: GUID: a4b96ad7a65484fd4a83cb97540eee50 - Path: Assets/Scenes/Prototype 4.unity - Importer: PreviewImporter
Importing 'GUID: a4b96ad7a65484fd4a83cb97540eee50 - Path: Assets/Scenes/Prototype 4.unity - Importer: PreviewImporter' with importer (PreviewImporter)
Imported 'GUID: a4b96ad7a65484fd4a83cb97540eee50' -> (Import Result ID: 'a041e51aa67494c013499e44fbc1de86') in 0.001 seconds [static and dynamic dependencies]. Details - ImportResultOutputID=fc121f045e8a993ac2760b130ff00ddc DependenciesID=d153cca4ea80311cc0fa43231af92e5a StaticDependenciesID=43435eea2ddee7a8d0fa11198ed21fdd 
Number of updated asset objects reloaded before import = 0
Number of asset objects unloaded after import = 0
========================================================================
Received Prepare
AcceleratorClientConnectionCallback - disconnected - :0
[Licensing::Client] Successfully resolved entitlement details
Begin MonoManager ReloadAssembly
Thread 0x16c98b000 may have been prematurely finalized
Native extension for OSXStandalone target not found
Native extension for WebGL target not found
[Package Manager] Failed to launch server process. Reason: Unity was launched with the -noUpm command-line argument
[Package Manager] Unable to send message (not connected to server process).
[Package Manager] Cannot connect to Unity Package Manager local server
[Package Manager] Failed to launch server process. Reason: Unity was launched with the -noUpm command-line argument
[Package Manager] Unable to send message (not connected to server process).
[Package Manager] Cannot connect to Unity Package Manager local server
ScheduleIndexationOnStartup MainProcess:False IndexOnStartup:True
Mono: successfully reloaded assembly
- Finished resetting the current domain, in  0.375 seconds
Domain Reload Profiling: 691ms
	BeginReloadAssembly (108ms)
		DisableScriptedObjects (3ms)
		CreateAndSetChildDomain (34ms)
	RebuildCommonClasses (5ms)
	RebuildNativeTypeToScriptingClass (9ms)
	initialDomainReloadingComplete (21ms)
	LoadAllAssembliesAndSetupDomain (173ms)
		LoadAssemblies (133ms)
		AnalyzeDomain (11ms)
			TypeCache.Refresh (4ms)
			ResolveRequiredComponents (4ms)
	FinalizeReload (376ms)
		SetupLoadedEditorAssemblies (0ms)
			BeforeProcessingInitializeOnLoad (46ms)
			ProcessInitializeOnLoadAttributes (151ms)
			ProcessInitializeOnLoadMethodAttributes (59ms)
		AwakeInstancesAfterBackupRestoration (11ms)
WARNING: Shader Unsupported: 'Universal Render Pipeline/VR/SpatialMapping/Wireframe' - All subshaders removed
WARNING: Shader Did you use #pragma only_renderers and omit this platform?
WARNING: Shader If subshaders removal was intentional, you may have forgotten turning Fallback off?
Shader Hidden/ChartRasterizerHardware is not supported: GPU does not support conservative rasterization
Unloading 24 Unused Serialized files (Serialized files now loaded: 0)
Unloading 6433 unused Assets / (4.8 MB). Loaded Objects now: 7389.
Memory consumption went from 184.2 MB to 179.4 MB.
Total: 6.409166 ms (FindLiveObjects: 0.308583 ms CreateObjectMapping: 1.134000 ms MarkObjects: 3.671417 ms  DeleteObjects: 1.294750 ms)

Prepare: number of updated asset objects reloaded= 0
========================================================================
Received Prepare
AcceleratorClientConnectionCallback - disconnected - :0
Begin MonoManager ReloadAssembly
Thread 0x16c983000 may have been prematurely finalized
Native extension for OSXStandalone target not found
Native extension for WebGL target not found
[Package Manager] Failed to launch server process. Reason: Unity was launched with the -noUpm command-line argument
[Package Manager] Unable to send message (not connected to server process).
[Package Manager] Cannot connect to Unity Package Manager local server
[Package Manager] Failed to launch server process. Reason: Unity was launched with the -noUpm command-line argument
[Package Manager] Unable to send message (not connected to server process).
[Package Manager] Cannot connect to Unity Package Manager local server
ScheduleIndexationOnStartup MainProcess:False IndexOnStartup:True
Mono: successfully reloaded assembly
- Finished resetting the current domain, in  0.375 seconds
Domain Reload Profiling: 673ms
	BeginReloadAssembly (108ms)
		DisableScriptedObjects (3ms)
		CreateAndSetChildDomain (37ms)
	RebuildCommonClasses (5ms)
	RebuildNativeTypeToScriptingClass (9ms)
	initialDomainReloadingComplete (19ms)
	LoadAllAssembliesAndSetupDomain (157ms)
		LoadAssemblies (117ms)
		AnalyzeDomain (10ms)
			TypeCache.Refresh (4ms)
			ResolveRequiredComponents (4ms)
	FinalizeReload (375ms)
		SetupLoadedEditorAssemblies (0ms)
			BeforeProcessingInitializeOnLoad (47ms)
			ProcessInitializeOnLoadAttributes (147ms)
			ProcessInitializeOnLoadMethodAttributes (59ms)
		AwakeInstancesAfterBackupRestoration (10ms)
WARNING: Shader Unsupported: 'Universal Render Pipeline/VR/SpatialMapping/Wireframe' - All subshaders removed
WARNING: Shader Did you use #pragma only_renderers and omit this platform?
WARNING: Shader If subshaders removal was intentional, you may have forgotten turning Fallback off?
Shader Hidden/ChartRasterizerHardware is not supported: GPU does not support conservative rasterization
Unloading 24 Unused Serialized files (Serialized files now loaded: 0)
Unloading 6433 unused Assets / (4.5 MB). Loaded Objects now: 7392.
Memory consumption went from 184.6 MB to 180.2 MB.
Total: 6.433041 ms (FindLiveObjects: 0.326959 ms CreateObjectMapping: 1.096250 ms MarkObjects: 3.894083 ms  DeleteObjects: 1.115375 ms)

Prepare: number of updated asset objects reloaded= 0
========================================================================
Received Prepare
AcceleratorClientConnectionCallback - disconnected - :0
WARNING: Shader Unsupported: 'Universal Render Pipeline/VR/SpatialMapping/Wireframe' - All subshaders removed
WARNING: Shader Did you use #pragma only_renderers and omit this platform?
WARNING: Shader If subshaders removal was intentional, you may have forgotten turning Fallback off?
Shader Hidden/ChartRasterizerHardware is not supported: GPU does not support conservative rasterization
Unloading 24 Unused Serialized files (Serialized files now loaded: 0)
Unloading 24 unused Assets / (2.6 MB). Loaded Objects now: 7392.
Memory consumption went from 173.0 MB to 170.4 MB.
Total: 4.388000 ms (FindLiveObjects: 0.147833 ms CreateObjectMapping: 0.320583 ms MarkObjects: 3.680417 ms  DeleteObjects: 0.239042 ms)

Prepare: number of updated asset objects reloaded= 0
========================================================================
Received Prepare
AcceleratorClientConnectionCallback - disconnected - :0
[Licensing::Client] Successfully resolved entitlement details
Begin MonoManager ReloadAssembly
Thread 0x16c983000 may have been prematurely finalized
Native extension for OSXStandalone target not found
Native extension for WebGL target not found
[Package Manager] Failed to launch server process. Reason: Unity was launched with the -noUpm command-line argument
[Package Manager] Unable to send message (not connected to server process).
[Package Manager] Cannot connect to Unity Package Manager local server
[Package Manager] Failed to launch server process. Reason: Unity was launched with the -noUpm command-line argument
[Package Manager] Unable to send message (not connected to server process).
[Package Manager] Cannot connect to Unity Package Manager local server
ScheduleIndexationOnStartup MainProcess:False IndexOnStartup:True
Mono: successfully reloaded assembly
- Finished resetting the current domain, in  0.372 seconds
Domain Reload Profiling: 776ms
	BeginReloadAssembly (104ms)
		DisableScriptedObjects (3ms)
		CreateAndSetChildDomain (33ms)
	RebuildCommonClasses (5ms)
	RebuildNativeTypeToScriptingClass (9ms)
	initialDomainReloadingComplete (20ms)
	LoadAllAssembliesAndSetupDomain (266ms)
		LoadAssemblies (123ms)
		AnalyzeDomain (112ms)
			TypeCache.Refresh (6ms)
			BuildScriptInfoCaches (101ms)
			ResolveRequiredComponents (4ms)
	FinalizeReload (372ms)
		SetupLoadedEditorAssemblies (0ms)
			BeforeProcessingInitializeOnLoad (50ms)
			ProcessInitializeOnLoadAttributes (146ms)
			ProcessInitializeOnLoadMethodAttributes (55ms)
		AwakeInstancesAfterBackupRestoration (10ms)
WARNING: Shader Unsupported: 'Universal Render Pipeline/VR/SpatialMapping/Wireframe' - All subshaders removed
WARNING: Shader Did you use #pragma only_renderers and omit this platform?
WARNING: Shader If subshaders removal was intentional, you may have forgotten turning Fallback off?
Shader Hidden/ChartRasterizerHardware is not supported: GPU does not support conservative rasterization
Unloading 24 Unused Serialized files (Serialized files now loaded: 0)
Unloading 6433 unused Assets / (4.9 MB). Loaded Objects now: 7395.
Memory consumption went from 184.3 MB to 179.5 MB.
Total: 5.574375 ms (FindLiveObjects: 0.332417 ms CreateObjectMapping: 1.061708 ms MarkObjects: 3.251000 ms  DeleteObjects: 0.929083 ms)

Prepare: number of updated asset objects reloaded= 0
========================================================================
Received Prepare
AcceleratorClientConnectionCallback - disconnected - :0
Begin MonoManager ReloadAssembly
Thread 0x16c983000 may have been prematurely finalized
Native extension for OSXStandalone target not found
Native extension for WebGL target not found
[Package Manager] Failed to launch server process. Reason: Unity was launched with the -noUpm command-line argument
[Package Manager] Unable to send message (not connected to server process).
[Package Manager] Cannot connect to Unity Package Manager local server
[Package Manager] Failed to launch server process. Reason: Unity was launched with the -noUpm command-line argument
[Package Manager] Unable to send message (not connected to server process).
[Package Manager] Cannot connect to Unity Package Manager local server
ScheduleIndexationOnStartup MainProcess:False IndexOnStartup:True
Mono: successfully reloaded assembly
- Finished resetting the current domain, in  0.376 seconds
Domain Reload Profiling: 681ms
	BeginReloadAssembly (107ms)
		DisableScriptedObjects (3ms)
		CreateAndSetChildDomain (36ms)
	RebuildCommonClasses (5ms)
	RebuildNativeTypeToScriptingClass (9ms)
	initialDomainReloadingComplete (21ms)
	LoadAllAssembliesAndSetupDomain (163ms)
		LoadAssemblies (124ms)
		AnalyzeDomain (10ms)
			TypeCache.Refresh (4ms)
			ResolveRequiredComponents (4ms)
	FinalizeReload (377ms)
		SetupLoadedEditorAssemblies (0ms)
			BeforeProcessingInitializeOnLoad (47ms)
			ProcessInitializeOnLoadAttributes (148ms)
			ProcessInitializeOnLoadMethodAttributes (60ms)
		AwakeInstancesAfterBackupRestoration (10ms)
WARNING: Shader Unsupported: 'Universal Render Pipeline/VR/SpatialMapping/Wireframe' - All subshaders removed
WARNING: Shader Did you use #pragma only_renderers and omit this platform?
WARNING: Shader If subshaders removal was intentional, you may have forgotten turning Fallback off?
Shader Hidden/ChartRasterizerHardware is not supported: GPU does not support conservative rasterization
Unloading 24 Unused Serialized files (Serialized files now loaded: 0)
Unloading 6433 unused Assets / (4.9 MB). Loaded Objects now: 7398.
Memory consumption went from 184.7 MB to 179.8 MB.
Total: 6.308583 ms (FindLiveObjects: 0.349583 ms CreateObjectMapping: 1.111375 ms MarkObjects: 3.646667 ms  DeleteObjects: 1.200292 ms)

Prepare: number of updated asset objects reloaded= 0
========================================================================
Received Import Request.
  Time of request: 2026-10-09T04:19:14.185125Z
  Time since last request: 128.31363216700001 seconds.
  importAddress: GUID: 84729eeda748340d0955715b6a50b370 - Path: Assets/Scenes/Prototype 1.unity - Importer: PreviewImporter
Importing 'GUID: 84729eeda748340d0955715b6a50b370 - Path: Assets/Scenes/Prototype 1.unity - Importer: PreviewImporter' with importer (PreviewImporter)
Imported 'GUID: 84729eeda748340d0955715b6a50b370' -> (Import Result ID: 'ef2485b5ea979a9608b483b3bb93ad3d') in 0.001 seconds [static and dynamic dependencies]. Details - ImportResultOutputID=40b8f8215e7a97fdb4dd75d242b1e878 DependenciesID=1f159bb0d80df73f3c574cbb5de7049f StaticDependenciesID=ffce25cf5a936fd2948d2600472216a3 
Number of updated asset objects reloaded before import = 0
Number of asset objects unloaded after import = 0
========================================================================
Received Import Request.
  Time of request: 2026-10-09T04:21:51.720641Z
  Time since last request: 157.52728020800001 seconds.
  importAddress: GUID: 02f1eed8aa22b4191bb3246dc5e6907f - Path: Assets/Scripts/SumoEnemy.cs - Importer: ScriptedImporter/UnityEditor.QuickSearchModule:UnityEditor.Search:ASIAI0B
Importing 'GUID: 02f1eed8aa22b4191bb3246dc5e6907f - Path: Assets/Scripts/SumoEnemy.cs - Importer: ScriptedImporter/UnityEditor.QuickSearchModule:UnityEditor.Search:ASIAI0B' with importer (ScriptedImporter : UnityEditor.QuickSearchModule:UnityEditor.Search:ASIAI0B)
Imported 'GUID: 02f1eed8aa22b4191bb3246dc5e6907f' -> (Import Result ID: '00f12562d786850ed75696d17e95576a') in 0.033 seconds [static and dynamic dependencies]. Details - ImportResultOutputID=1e52855ad63aefbd46bfb7705958d4b0 DependenciesID=a249d78d05365fc7056b6c05769f8c5a StaticDependenciesID=d5762a285f525bd3b32aace6fc923d54 
Number of updated asset objects reloaded before import = 0
Number of asset objects unloaded after import = 0
========================================================================
Received Import Request.
  Time of request: 2026-10-09T04:21:51.761064Z
  Time since last request: 0.00021275 seconds.
  importAddress: GUID: a4b96ad7a65484fd4a83cb97540eee50 - Path: Assets/Scenes/Prototype 4.unity - Importer: ScriptedImporter/UnityEditor.QuickSearchModule:UnityEditor.Search:ASIAI0B
Importing 'GUID: a4b96ad7a65484fd4a83cb97540eee50 - Path: Assets/Scenes/Prototype 4.unity - Importer: ScriptedImporter/UnityEditor.QuickSearchModule:UnityEditor.Search:ASIAI0B' with importer (ScriptedImporter : UnityEditor.QuickSearchModule:UnityEditor.Search:ASIAI0B)
Imported 'GUID: a4b96ad7a65484fd4a83cb97540eee50' -> (Import Result ID: 'f65e744c0fc676143ee2fc6ca9e33bbc') in 0.003 seconds [static and dynamic dependencies]. Details - ImportResultOutputID=10089083dd0f90bb8727c64321949f7c DependenciesID=80bcc682a7cb53530934bba669f92aa0 StaticDependenciesID=464413a0923f8b61ea2793582550bc08 
Number of updated asset objects reloaded before import = 0
Number of asset objects unloaded after import = 1
========================================================================
Received Import Request.
  Time of request: 2026-10-09T04:21:51.771646Z
  Time since last request: 0.000219791 seconds.
  importAddress: GUID: c0177d3aae57e4dd588f997635ec6226 - Path: Assets/Scripts/SumoPlayerController.cs - Importer: ScriptedImporter/UnityEditor.QuickSearchModule:UnityEditor.Search:ASIAI0B
Importing 'GUID: c0177d3aae57e4dd588f997635ec6226 - Path: Assets/Scripts/SumoPlayerController.cs - Importer: ScriptedImporter/UnityEditor.QuickSearchModule:UnityEditor.Search:ASIAI0B' with importer (ScriptedImporter : UnityEditor.QuickSearchModule:UnityEditor.Search:ASIAI0B)
Imported 'GUID: c0177d3aae57e4dd588f997635ec6226' -> (Import Result ID: 'f98d77c1f03140b69816cb3ec07915c2') in 0.002 seconds [static and dynamic dependencies]. Details - ImportResultOutputID=8e46967ff2495bd8aec073dbe4858b98 DependenciesID=71dcff8620faff1f689534055d3c1df5 StaticDependenciesID=f511330f5f27c37e46bc0919cfcf0c35 
Number of updated asset objects reloaded before import = 0
Number of asset objects unloaded after import = 0
========================================================================
Received Prepare
AcceleratorClientConnectionCallback - disconnected - :0
WARNING: Shader Unsupported: 'Universal Render Pipeline/VR/SpatialMapping/Wireframe' - All subshaders removed
WARNING: Shader Did you use #pragma only_renderers and omit this platform?
WARNING: Shader If subshaders removal was intentional, you may have forgotten turning Fallback off?
Shader Hidden/ChartRasterizerHardware is not supported: GPU does not support conservative rasterization
Unloading 24 Unused Serialized files (Serialized files now loaded: 0)
Unloading 26 unused Assets / (2.6 MB). Loaded Objects now: 7398.
Memory consumption went from 173.2 MB to 170.6 MB.
Total: 4.727042 ms (FindLiveObjects: 0.190417 ms CreateObjectMapping: 0.372542 ms MarkObjects: 3.893333 ms  DeleteObjects: 0.269917 ms)

Prepare: number of updated asset objects reloaded= 0
========================================================================
Received Import Request.
  Time of request: 2026-10-09T04:21:53.901289Z
  Time since last request: 2.120414 seconds.
  importAddress: GUID: c14b8f1248c89427d888a7d83ab4aafb - Path: Assets/Scripts/Gam - Importer: PreviewImporter
Importing 'GUID: c14b8f1248c89427d888a7d83ab4aafb - Path: Assets/Scripts/Gam - Importer: PreviewImporter' with importer (PreviewImporter)
Imported 'GUID: c14b8f1248c89427d888a7d83ab4aafb' -> (Import Result ID: '087f1291103dc4ad2933cc297a7750e4') in 0.000 seconds [static and dynamic dependencies]. Details - ImportResultOutputID=7878ce7422c1d471ca416f3823d220b6 DependenciesID=f291be3c5c0902237cf6e5f34c49d2d5 StaticDependenciesID=387c8e125cbf0bd1bb46891f099e883e 
Number of updated asset objects reloaded before import = 0
Number of asset objects unloaded after import = 0
========================================================================
Received Prepare
AcceleratorClientConnectionCallback - disconnected - :0
WARNING: Shader Unsupported: 'Universal Render Pipeline/VR/SpatialMapping/Wireframe' - All subshaders removed
WARNING: Shader Did you use #pragma only_renderers and omit this platform?
WARNING: Shader If subshaders removal was intentional, you may have forgotten turning Fallback off?
Shader Hidden/ChartRasterizerHardware is not supported: GPU does not support conservative rasterization
Unloading 24 Unused Serialized files (Serialized files now loaded: 0)
Unloading 6423 unused Assets / (4.8 MB). Loaded Objects now: 7399.
Memory consumption went from 176.9 MB to 172.1 MB.
Total: 6.121375 ms (FindLiveObjects: 0.318500 ms CreateObjectMapping: 0.972834 ms MarkObjects: 3.784958 ms  DeleteObjects: 1.044875 ms)

Prepare: number of updated asset objects reloaded= 0
========================================================================
Received Import Request.
  Time of request: 2026-10-09T04:22:07.115666Z
  Time since last request: 13.207302959 seconds.
  importAddress: GUID: 749cb35275b784f64a8c83dc516c4030 - Path: Assets/Scripts/GameMenu.cs - Importer: PreviewImporter
Importing 'GUID: 749cb35275b784f64a8c83dc516c4030 - Path: Assets/Scripts/GameMenu.cs - Importer: PreviewImporter' with importer (PreviewImporter)
Imported 'GUID: 749cb35275b784f64a8c83dc516c4030' -> (Import Result ID: 'b84b7f0c65b30ef529e0f171b8458878') in 0.001 seconds [static and dynamic dependencies]. Details - ImportResultOutputID=110bc6d39f6436f1b7bbbc5cc9d48f46 DependenciesID=3db774d196857b5b2306e96c96640f1c StaticDependenciesID=247f856e2a955a07f41a77d4a44ac1ce 
Number of updated asset objects reloaded before import = 0
Number of asset objects unloaded after import = 0
========================================================================
Received Import Request.
  Time of request: 2026-10-09T04:22:07.751418Z
  Time since last request: 0.627716625 seconds.
  importAddress: GUID: 749cb35275b784f64a8c83dc516c4030 - Path: Assets/Scripts/GameMenu.cs - Importer: ScriptedImporter/UnityEditor.QuickSearchModule:UnityEditor.Search:ASIAI0B
Importing 'GUID: 749cb35275b784f64a8c83dc516c4030 - Path: Assets/Scripts/GameMenu.cs - Importer: ScriptedImporter/UnityEditor.QuickSearchModule:UnityEditor.Search:ASIAI0B' with importer (ScriptedImporter : UnityEditor.QuickSearchModule:UnityEditor.Search:ASIAI0B)
Imported 'GUID: 749cb35275b784f64a8c83dc516c4030' -> (Import Result ID: 'c573627f36504a84c784b380500082dd') in 0.003 seconds [static and dynamic dependencies]. Details - ImportResultOutputID=da3673e72ccccbc5a2e9053b78ca21d6 DependenciesID=beadbfc64e723822bc29c02dc42d0790 StaticDependenciesID=16f2136f9d72b0dfa0b206deeee7c2fe 
Number of updated asset objects reloaded before import = 0
Number of asset objects unloaded after import = 0
========================================================================
Received Prepare
AcceleratorClientConnectionCallback - disconnected - :0
[Licensing::Client] Successfully resolved entitlement details
Begin MonoManager ReloadAssembly
Thread 0x16c983000 may have been prematurely finalized
Native extension for OSXStandalone target not found
Native extension for WebGL target not found
[Package Manager] Failed to launch server process. Reason: Unity was launched with the -noUpm command-line argument
[Package Manager] Unable to send message (not connected to server process).
[Package Manager] Cannot connect to Unity Package Manager local server
[Package Manager] Failed to launch server process. Reason: Unity was launched with the -noUpm command-line argument
[Package Manager] Unable to send message (not connected to server process).
[Package Manager] Cannot connect to Unity Package Manager local server
ScheduleIndexationOnStartup MainProcess:False IndexOnStartup:True
Mono: successfully reloaded assembly
- Finished resetting the current domain, in  0.364 seconds
Domain Reload Profiling: 810ms
	BeginReloadAssembly (110ms)
		DisableScriptedObjects (3ms)
		CreateAndSetChildDomain (37ms)
	RebuildCommonClasses (5ms)
	RebuildNativeTypeToScriptingClass (9ms)
	initialDomainReloadingComplete (21ms)
	LoadAllAssembliesAndSetupDomain (300ms)
		LoadAssemblies (152ms)
		AnalyzeDomain (113ms)
			TypeCache.Refresh (7ms)
			BuildScriptInfoCaches (101ms)
			ResolveRequiredComponents (4ms)
	FinalizeReload (365ms)
		SetupLoadedEditorAssemblies (0ms)
			BeforeProcessingInitializeOnLoad (46ms)
			ProcessInitializeOnLoadAttributes (144ms)
			ProcessInitializeOnLoadMethodAttributes (54ms)
		AwakeInstancesAfterBackupRestoration (10ms)
WARNING: Shader Unsupported: 'Universal Render Pipeline/VR/SpatialMapping/Wireframe' - All subshaders removed
WARNING: Shader Did you use #pragma only_renderers and omit this platform?
WARNING: Shader If subshaders removal was intentional, you may have forgotten turning Fallback off?
Shader Hidden/ChartRasterizerHardware is not supported: GPU does not support conservative rasterization
Unloading 24 Unused Serialized files (Serialized files now loaded: 0)
Unloading 6434 unused Assets / (4.9 MB). Loaded Objects now: 7402.
Memory consumption went from 184.4 MB to 179.5 MB.
Total: 6.032458 ms (FindLiveObjects: 0.287000 ms CreateObjectMapping: 1.100333 ms MarkObjects: 3.646667 ms  DeleteObjects: 0.998167 ms)

Prepare: number of updated asset objects reloaded= 0
========================================================================
Received Import Request.
  Time of request: 2026-10-09T04:22:11.996106Z
  Time since last request: 4.23425275 seconds.
  importAddress: GUID: 749cb35275b784f64a8c83dc516c4030 - Path: Assets/Scripts/GameMenu.cs - Importer: PreviewImporter
Importing 'GUID: 749cb35275b784f64a8c83dc516c4030 - Path: Assets/Scripts/GameMenu.cs - Importer: PreviewImporter' with importer (PreviewImporter)
Imported 'GUID: 749cb35275b784f64a8c83dc516c4030' -> (Import Result ID: 'c7ae7d214880642b5325c41816fdef8d') in 0.000 seconds [static and dynamic dependencies]. Details - ImportResultOutputID=110bc6d39f6436f1b7bbbc5cc9d48f46 DependenciesID=ac7869c59da7bd3529d46721fc600c8d StaticDependenciesID=247f856e2a955a07f41a77d4a44ac1ce 
Number of updated asset objects reloaded before import = 0
Number of asset objects unloaded after import = 0
========================================================================
Received Prepare
AcceleratorClientConnectionCallback - disconnected - :0
[Licensing::Client] Successfully resolved entitlement details
Begin MonoManager ReloadAssembly
Thread 0x16c8f7000 may have been prematurely finalized
Native extension for OSXStandalone target not found
Native extension for WebGL target not found
[Package Manager] Failed to launch server process. Reason: Unity was launched with the -noUpm command-line argument
[Package Manager] Unable to send message (not connected to server process).
[Package Manager] Cannot connect to Unity Package Manager local server
[Package Manager] Failed to launch server process. Reason: Unity was launched with the -noUpm command-line argument
[Package Manager] Unable to send message (not connected to server process).
[Package Manager] Cannot connect to Unity Package Manager local server
ScheduleIndexationOnStartup MainProcess:False IndexOnStartup:True
Mono: successfully reloaded assembly
- Finished resetting the current domain, in  0.341 seconds
Domain Reload Profiling: 770ms
	BeginReloadAssembly (114ms)
		DisableScriptedObjects (3ms)
		CreateAndSetChildDomain (39ms)
	RebuildCommonClasses (5ms)
	RebuildNativeTypeToScriptingClass (9ms)
	initialDomainReloadingComplete (20ms)
	LoadAllAssembliesAndSetupDomain (281ms)
		LoadAssemblies (144ms)
		AnalyzeDomain (110ms)
			TypeCache.Refresh (6ms)
			BuildScriptInfoCaches (99ms)
			ResolveRequiredComponents (4ms)
	FinalizeReload (341ms)
		SetupLoadedEditorAssemblies (0ms)
			BeforeProcessingInitializeOnLoad (44ms)
			ProcessInitializeOnLoadAttributes (134ms)
			ProcessInitializeOnLoadMethodAttributes (51ms)
		AwakeInstancesAfterBackupRestoration (9ms)
WARNING: Shader Unsupported: 'Universal Render Pipeline/VR/SpatialMapping/Wireframe' - All subshaders removed
WARNING: Shader Did you use #pragma only_renderers and omit this platform?
WARNING: Shader If subshaders removal was intentional, you may have forgotten turning Fallback off?
Shader Hidden/ChartRasterizerHardware is not supported: GPU does not support conservative rasterization
Unloading 24 Unused Serialized files (Serialized files now loaded: 0)
Unloading 6434 unused Assets / (4.7 MB). Loaded Objects now: 7405.
Memory consumption went from 184.9 MB to 180.1 MB.
Total: 5.400542 ms (FindLiveObjects: 0.312792 ms CreateObjectMapping: 0.989500 ms MarkObjects: 3.198208 ms  DeleteObjects: 0.899834 ms)

Prepare: number of updated asset objects reloaded= 0
========================================================================
Received Prepare
AcceleratorClientConnectionCallback - disconnected - :0
[Licensing::Client] Successfully resolved entitlement details
Begin MonoManager ReloadAssembly
Thread 0x16c8f7000 may have been prematurely finalized
Native extension for OSXStandalone target not found
Native extension for WebGL target not found
[Package Manager] Failed to launch server process. Reason: Unity was launched with the -noUpm command-line argument
[Package Manager] Unable to send message (not connected to server process).
[Package Manager] Cannot connect to Unity Package Manager local server
[Package Manager] Failed to launch server process. Reason: Unity was launched with the -noUpm command-line argument
[Package Manager] Unable to send message (not connected to server process).
[Package Manager] Cannot connect to Unity Package Manager local server
ScheduleIndexationOnStartup MainProcess:False IndexOnStartup:True
Mono: successfully reloaded assembly
- Finished resetting the current domain, in  0.365 seconds
Domain Reload Profiling: 671ms
	BeginReloadAssembly (105ms)
		DisableScriptedObjects (3ms)
		CreateAndSetChildDomain (36ms)
	RebuildCommonClasses (5ms)
	RebuildNativeTypeToScriptingClass (9ms)
	initialDomainReloadingComplete (19ms)
	LoadAllAssembliesAndSetupDomain (169ms)
		LoadAssemblies (126ms)
		AnalyzeDomain (11ms)
			TypeCache.Refresh (4ms)
			ResolveRequiredComponents (4ms)
	FinalizeReload (365ms)
		SetupLoadedEditorAssemblies (0ms)
			BeforeProcessingInitializeOnLoad (46ms)
			ProcessInitializeOnLoadAttributes (144ms)
			ProcessInitializeOnLoadMethodAttributes (55ms)
		AwakeInstancesAfterBackupRestoration (10ms)
WARNING: Shader Unsupported: 'Universal Render Pipeline/VR/SpatialMapping/Wireframe' - All subshaders removed
WARNING: Shader Did you use #pragma only_renderers and omit this platform?
WARNING: Shader If subshaders removal was intentional, you may have forgotten turning Fallback off?
Shader Hidden/ChartRasterizerHardware is not supported: GPU does not support conservative rasterization
Unloading 24 Unused Serialized files (Serialized files now loaded: 0)
Unloading 6434 unused Assets / (4.6 MB). Loaded Objects now: 7408.
Memory consumption went from 185.3 MB to 180.7 MB.
Total: 6.303417 ms (FindLiveObjects: 0.330667 ms CreateObjectMapping: 1.094625 ms MarkObjects: 3.805083 ms  DeleteObjects: 1.072708 ms)

Prepare: number of updated asset objects reloaded= 0
========================================================================
Received Import Request.
  Time of request: 2026-10-09T04:31:13.576638Z
  Time since last request: 541.57112495800004 seconds.
  importAddress: GUID: 749cb35275b784f64a8c83dc516c4030 - Path: Assets/Scripts/GameMenu.cs - Importer: ScriptedImporter/UnityEditor.QuickSearchModule:UnityEditor.Search:ASIAI0B
Importing 'GUID: 749cb35275b784f64a8c83dc516c4030 - Path: Assets/Scripts/GameMenu.cs - Importer: ScriptedImporter/UnityEditor.QuickSearchModule:UnityEditor.Search:ASIAI0B' with importer (ScriptedImporter : UnityEditor.QuickSearchModule:UnityEditor.Search:ASIAI0B)
Imported 'GUID: 749cb35275b784f64a8c83dc516c4030' -> (Import Result ID: 'd797cad17e9633c768e15876e8b1b3e5') in 0.035 seconds [static and dynamic dependencies]. Details - ImportResultOutputID=87b8807e5ebe00363d31a6ce3df6116e DependenciesID=528099913fcc50e0d0c75cd35210d096 StaticDependenciesID=d0f8404bfc22a495a1a855c99ab4760b 
Number of updated asset objects reloaded before import = 0
Number of asset objects unloaded after import = 0
========================================================================
Received Prepare
AcceleratorClientConnectionCallback - disconnected - :0
WARNING: Shader Unsupported: 'Universal Render Pipeline/VR/SpatialMapping/Wireframe' - All subshaders removed
WARNING: Shader Did you use #pragma only_renderers and omit this platform?
WARNING: Shader If subshaders removal was intentional, you may have forgotten turning Fallback off?
Shader Hidden/ChartRasterizerHardware is not supported: GPU does not support conservative rasterization
Unloading 24 Unused Serialized files (Serialized files now loaded: 0)
Unloading 6424 unused Assets / (4.7 MB). Loaded Objects now: 7409.
Memory consumption went from 177.1 MB to 172.4 MB.
Total: 5.629583 ms (FindLiveObjects: 0.287708 ms CreateObjectMapping: 0.974375 ms MarkObjects: 3.391250 ms  DeleteObjects: 0.976000 ms)

Prepare: number of updated asset objects reloaded= 0
========================================================================
Received Import Request.
  Time of request: 2026-10-09T04:31:17.816299Z
  Time since last request: 4.196433542 seconds.
  importAddress: GUID: 0540cf96ed2cb4c22ade5df65394a34a - Path: Assets/Scripts/Resume.cs - Importer: PreviewImporter
Importing 'GUID: 0540cf96ed2cb4c22ade5df65394a34a - Path: Assets/Scripts/Resume.cs - Importer: PreviewImporter' with importer (PreviewImporter)
Imported 'GUID: 0540cf96ed2cb4c22ade5df65394a34a' -> (Import Result ID: '6fb4cdad6c6270c6882439cbe9945522') in 0.000 seconds [static and dynamic dependencies]. Details - ImportResultOutputID=116bc9689c6955c546de9ce07e1c575f DependenciesID=f61443d2a72477ace413137650900360 StaticDependenciesID=d6108d43ffa3648f547658097bcc8679 
Number of updated asset objects reloaded before import = 0
Number of asset objects unloaded after import = 0
========================================================================
Received Import Request.
  Time of request: 2026-10-09T04:31:18.697639Z
  Time since last request: 0.873941125 seconds.
  importAddress: GUID: 0540cf96ed2cb4c22ade5df65394a34a - Path: Assets/Scripts/Resume.cs - Importer: ScriptedImporter/UnityEditor.QuickSearchModule:UnityEditor.Search:ASIAI0B
Importing 'GUID: 0540cf96ed2cb4c22ade5df65394a34a - Path: Assets/Scripts/Resume.cs - Importer: ScriptedImporter/UnityEditor.QuickSearchModule:UnityEditor.Search:ASIAI0B' with importer (ScriptedImporter : UnityEditor.QuickSearchModule:UnityEditor.Search:ASIAI0B)
Imported 'GUID: 0540cf96ed2cb4c22ade5df65394a34a' -> (Import Result ID: 'cb52a21fdf5a66bd426881ca8197e791') in 0.002 seconds [static and dynamic dependencies]. Details - ImportResultOutputID=e8cdcc8fea35e32f1c7017a7671a0314 DependenciesID=0ac064f0d53aa8ccfaa1be4be412cb82 StaticDependenciesID=a53f85b9e680126e96b1929471b7922d 
Number of updated asset objects reloaded before import = 0
Number of asset objects unloaded after import = 0
========================================================================
Received Prepare
AcceleratorClientConnectionCallback - disconnected - :0
Begin MonoManager ReloadAssembly
Thread 0x16c8f7000 may have been prematurely finalized
Native extension for OSXStandalone target not found
Native extension for WebGL target not found
[Package Manager] Failed to launch server process. Reason: Unity was launched with the -noUpm command-line argument
[Package Manager] Unable to send message (not connected to server process).
[Package Manager] Cannot connect to Unity Package Manager local server
[Package Manager] Failed to launch server process. Reason: Unity was launched with the -noUpm command-line argument
[Package Manager] Unable to send message (not connected to server process).
[Package Manager] Cannot connect to Unity Package Manager local server
ScheduleIndexationOnStartup MainProcess:False IndexOnStartup:True
Mono: successfully reloaded assembly
- Finished resetting the current domain, in  0.375 seconds
Domain Reload Profiling: 787ms
	BeginReloadAssembly (105ms)
		DisableScriptedObjects (3ms)
		CreateAndSetChildDomain (34ms)
	RebuildCommonClasses (5ms)
	RebuildNativeTypeToScriptingClass (9ms)
	initialDomainReloadingComplete (20ms)
	LoadAllAssembliesAndSetupDomain (274ms)
		LoadAssemblies (132ms)
		AnalyzeDomain (110ms)
			TypeCache.Refresh (6ms)
			BuildScriptInfoCaches (99ms)
			ResolveRequiredComponents (4ms)
	FinalizeReload (376ms)
		SetupLoadedEditorAssemblies (0ms)
			BeforeProcessingInitializeOnLoad (46ms)
			ProcessInitializeOnLoadAttributes (149ms)
			ProcessInitializeOnLoadMethodAttributes (58ms)
		AwakeInstancesAfterBackupRestoration (9ms)
WARNING: Shader Unsupported: 'Universal Render Pipeline/VR/SpatialMapping/Wireframe' - All subshaders removed
WARNING: Shader Did you use #pragma only_renderers and omit this platform?
WARNING: Shader If subshaders removal was intentional, you may have forgotten turning Fallback off?
Shader Hidden/ChartRasterizerHardware is not supported: GPU does not support conservative rasterization
Unloading 24 Unused Serialized files (Serialized files now loaded: 0)
Unloading 6435 unused Assets / (4.7 MB). Loaded Objects now: 7412.
Memory consumption went from 184.3 MB to 179.6 MB.
Total: 5.899583 ms (FindLiveObjects: 0.285417 ms CreateObjectMapping: 1.087416 ms MarkObjects: 3.666334 ms  DeleteObjects: 0.860208 ms)

Prepare: number of updated asset objects reloaded= 0
========================================================================
Received Import Request.
  Time of request: 2026-10-09T04:31:55.338445Z
  Time since last request: 36.631819833 seconds.
  importAddress: GUID: 5e5b016a0cd771740aae0b664476d77d - Path: Assets/Course Library/Powerup Indicators/Balloon_01.prefab - Importer: PreviewImporter
Importing 'GUID: 5e5b016a0cd771740aae0b664476d77d - Path: Assets/Course Library/Powerup Indicators/Balloon_01.prefab - Importer: PreviewImporter' with importer (PreviewImporter)
Imported 'GUID: 5e5b016a0cd771740aae0b664476d77d' -> (Import Result ID: '6a1fe697cdcf23d600f32ae4dab91c7c') in 0.295 seconds [static and dynamic dependencies]. Details - ImportResultOutputID=2187d57dd50544eaaf23806f98d0a35d DependenciesID=fdfcc00d0b165ccb30f39501f3be76b0 StaticDependenciesID=9514a5cfe06fb8acee0ac58bac167df0 
Number of updated asset objects reloaded before import = 0
Number of asset objects unloaded after import = 10
========================================================================
Received Import Request.
  Time of request: 2026-10-09T04:31:58.778307Z
  Time since last request: 3.135401792 seconds.
  importAddress: GUID: 510349479745aac4b9209e9326e42601 - Path: Assets/Course Library/Pickups/RepairIcon.prefab - Importer: PreviewImporter
Importing 'GUID: 510349479745aac4b9209e9326e42601 - Path: Assets/Course Library/Pickups/RepairIcon.prefab - Importer: PreviewImporter' with importer (PreviewImporter)
Imported 'GUID: 510349479745aac4b9209e9326e42601' -> (Import Result ID: '610f945c13420676f405860e269e679d') in 1.460 seconds [static and dynamic dependencies]. Details - ImportResultOutputID=88b90cbf760c34898423dda842b5f262 DependenciesID=2ed829ce5268152fa6d0ffb13e001d2f StaticDependenciesID=d3a0759c9bf456b436c612687ed26cd9 
Number of updated asset objects reloaded before import = 0
Number of asset objects unloaded after import = 10
========================================================================
Received Prepare
AcceleratorClientConnectionCallback - disconnected - :0
[Licensing::Client] Successfully resolved entitlement details
Begin MonoManager ReloadAssembly
Thread 0x16c8f7000 may have been prematurely finalized
<CFData 0x3597b7bb0 [0x1eccda240]>{length = 6, capacity = 6, bytes = 0x842f573f28fa}
Native extension for OSXStandalone target not found
Native extension for WebGL target not found
[Package Manager] Failed to launch server process. Reason: Unity was launched with the -noUpm command-line argument
[Package Manager] Unable to send message (not connected to server process).
[Package Manager] Cannot connect to Unity Package Manager local server
[Package Manager] Failed to launch server process. Reason: Unity was launched with the -noUpm command-line argument
[Package Manager] Unable to send message (not connected to server process).
[Package Manager] Cannot connect to Unity Package Manager local server
ScheduleIndexationOnStartup MainProcess:False IndexOnStartup:True
Mono: successfully reloaded assembly
- Finished resetting the current domain, in  0.382 seconds
Domain Reload Profiling: 809ms
	BeginReloadAssembly (121ms)
		DisableScriptedObjects (10ms)
		CreateAndSetChildDomain (42ms)
	RebuildCommonClasses (5ms)
	RebuildNativeTypeToScriptingClass (9ms)
	initialDomainReloadingComplete (19ms)
	LoadAllAssembliesAndSetupDomain (273ms)
		LoadAssemblies (130ms)
		AnalyzeDomain (111ms)
			TypeCache.Refresh (6ms)
			BuildScriptInfoCaches (100ms)
			ResolveRequiredComponents (4ms)
	FinalizeReload (382ms)
		SetupLoadedEditorAssemblies (0ms)
			BeforeProcessingInitializeOnLoad (48ms)
			ProcessInitializeOnLoadAttributes (150ms)
			ProcessInitializeOnLoadMethodAttributes (55ms)
		AwakeInstancesAfterBackupRestoration (10ms)
WARNING: Shader Unsupported: 'Universal Render Pipeline/VR/SpatialMapping/Wireframe' - All subshaders removed
WARNING: Shader Did you use #pragma only_renderers and omit this platform?
WARNING: Shader If subshaders removal was intentional, you may have forgotten turning Fallback off?
Shader Hidden/ChartRasterizerHardware is not supported: GPU does not support conservative rasterization
Unloading 24 Unused Serialized files (Serialized files now loaded: 0)
Unloading 6435 unused Assets / (4.7 MB). Loaded Objects now: 7444.
Memory consumption went from 190.5 MB to 185.9 MB.
Total: 5.770125 ms (FindLiveObjects: 0.315875 ms CreateObjectMapping: 1.005167 ms MarkObjects: 3.533875 ms  DeleteObjects: 0.914917 ms)

Prepare: number of updated asset objects reloaded= 0
========================================================================
Received Prepare
AcceleratorClientConnectionCallback - disconnected - :0
Begin MonoManager ReloadAssembly
Thread 0x16c7e7000 may have been prematurely finalized
Native extension for OSXStandalone target not found
Native extension for WebGL target not found
[Package Manager] Failed to launch server process. Reason: Unity was launched with the -noUpm command-line argument
[Package Manager] Unable to send message (not connected to server process).
[Package Manager] Cannot connect to Unity Package Manager local server
[Package Manager] Failed to launch server process. Reason: Unity was launched with the -noUpm command-line argument
[Package Manager] Unable to send message (not connected to server process).
[Package Manager] Cannot connect to Unity Package Manager local server
ScheduleIndexationOnStartup MainProcess:False IndexOnStartup:True
Mono: successfully reloaded assembly
- Finished resetting the current domain, in  0.371 seconds
Domain Reload Profiling: 675ms
	BeginReloadAssembly (108ms)
		DisableScriptedObjects (3ms)
		CreateAndSetChildDomain (38ms)
	RebuildCommonClasses (5ms)
	RebuildNativeTypeToScriptingClass (9ms)
	initialDomainReloadingComplete (20ms)
	LoadAllAssembliesAndSetupDomain (160ms)
		LoadAssemblies (120ms)
		AnalyzeDomain (11ms)
			TypeCache.Refresh (4ms)
			ResolveRequiredComponents (4ms)
	FinalizeReload (372ms)
		SetupLoadedEditorAssemblies (0ms)
			BeforeProcessingInitializeOnLoad (47ms)
			ProcessInitializeOnLoadAttributes (144ms)
			ProcessInitializeOnLoadMethodAttributes (57ms)
		AwakeInstancesAfterBackupRestoration (10ms)
WARNING: Shader Unsupported: 'Universal Render Pipeline/VR/SpatialMapping/Wireframe' - All subshaders removed
WARNING: Shader Did you use #pragma only_renderers and omit this platform?
WARNING: Shader If subshaders removal was intentional, you may have forgotten turning Fallback off?
Shader Hidden/ChartRasterizerHardware is not supported: GPU does not support conservative rasterization
Unloading 24 Unused Serialized files (Serialized files now loaded: 0)
Unloading 6435 unused Assets / (4.7 MB). Loaded Objects now: 7447.
Memory consumption went from 190.8 MB to 186.1 MB.
Total: 6.295167 ms (FindLiveObjects: 0.320417 ms CreateObjectMapping: 1.098833 ms MarkObjects: 3.823542 ms  DeleteObjects: 1.052042 ms)

Prepare: number of updated asset objects reloaded= 0
========================================================================
Received Import Request.
  Time of request: 2026-10-09T04:33:57.791407Z
  Time since last request: 117.529407875 seconds.
  importAddress: GUID: 749cb35275b784f64a8c83dc516c4030 - Path: Assets/Scripts/GameMenu.cs - Importer: PreviewImporter
Importing 'GUID: 749cb35275b784f64a8c83dc516c4030 - Path: Assets/Scripts/GameMenu.cs - Importer: PreviewImporter' with importer (PreviewImporter)
Imported 'GUID: 749cb35275b784f64a8c83dc516c4030' -> (Import Result ID: '26c644a46256614ca63cb773ca0b2101') in 0.001 seconds [static and dynamic dependencies]. Details - ImportResultOutputID=110bc6d39f6436f1b7bbbc5cc9d48f46 DependenciesID=815f042446a0bfd49711ca9bddb55e0f StaticDependenciesID=2411e1528c6dce1b5fdf143a191be6f7 
Number of updated asset objects reloaded before import = 0
Number of asset objects unloaded after import = 0
========================================================================
Received Prepare
AcceleratorClientConnectionCallback - disconnected - :0
[Licensing::Client] Successfully resolved entitlement details
Begin MonoManager ReloadAssembly
Thread 0x16c8f7000 may have been prematurely finalized
Native extension for OSXStandalone target not found
Native extension for WebGL target not found
[Package Manager] Failed to launch server process. Reason: Unity was launched with the -noUpm command-line argument
[Package Manager] Unable to send message (not connected to server process).
[Package Manager] Cannot connect to Unity Package Manager local server
[Package Manager] Failed to launch server process. Reason: Unity was launched with the -noUpm command-line argument
[Package Manager] Unable to send message (not connected to server process).
[Package Manager] Cannot connect to Unity Package Manager local server
ScheduleIndexationOnStartup MainProcess:False IndexOnStartup:True
Mono: successfully reloaded assembly
- Finished resetting the current domain, in  0.384 seconds
Domain Reload Profiling: 807ms
	BeginReloadAssembly (107ms)
		DisableScriptedObjects (3ms)
		CreateAndSetChildDomain (34ms)
	RebuildCommonClasses (5ms)
	RebuildNativeTypeToScriptingClass (9ms)
	initialDomainReloadingComplete (20ms)
	LoadAllAssembliesAndSetupDomain (281ms)
		LoadAssemblies (136ms)
		AnalyzeDomain (112ms)
			TypeCache.Refresh (6ms)
			BuildScriptInfoCaches (101ms)
			ResolveRequiredComponents (4ms)
	FinalizeReload (384ms)
		SetupLoadedEditorAssemblies (0ms)
			BeforeProcessingInitializeOnLoad (50ms)
			ProcessInitializeOnLoadAttributes (148ms)
			ProcessInitializeOnLoadMethodAttributes (56ms)
		AwakeInstancesAfterBackupRestoration (9ms)
WARNING: Shader Unsupported: 'Universal Render Pipeline/VR/SpatialMapping/Wireframe' - All subshaders removed
WARNING: Shader Did you use #pragma only_renderers and omit this platform?
WARNING: Shader If subshaders removal was intentional, you may have forgotten turning Fallback off?
Shader Hidden/ChartRasterizerHardware is not supported: GPU does not support conservative rasterization
Unloading 24 Unused Serialized files (Serialized files now loaded: 0)
Unloading 6435 unused Assets / (4.7 MB). Loaded Objects now: 7450.
Memory consumption went from 191.4 MB to 186.6 MB.
Total: 5.820875 ms (FindLiveObjects: 0.324166 ms CreateObjectMapping: 0.974792 ms MarkObjects: 3.573833 ms  DeleteObjects: 0.948000 ms)

Prepare: number of updated asset objects reloaded= 0
========================================================================
Received Prepare
AcceleratorClientConnectionCallback - disconnected - :0
Begin MonoManager ReloadAssembly
Thread 0x16c8f7000 may have been prematurely finalized
Native extension for OSXStandalone target not found
Native extension for WebGL target not found
[Package Manager] Failed to launch server process. Reason: Unity was launched with the -noUpm command-line argument
[Package Manager] Unable to send message (not connected to server process).
[Package Manager] Cannot connect to Unity Package Manager local server
[Package Manager] Failed to launch server process. Reason: Unity was launched with the -noUpm command-line argument
[Package Manager] Unable to send message (not connected to server process).
[Package Manager] Cannot connect to Unity Package Manager local server
ScheduleIndexationOnStartup MainProcess:False IndexOnStartup:True
Mono: successfully reloaded assembly
- Finished resetting the current domain, in  0.376 seconds
Domain Reload Profiling: 691ms
	BeginReloadAssembly (107ms)
		DisableScriptedObjects (3ms)
		CreateAndSetChildDomain (37ms)
	RebuildCommonClasses (5ms)
	RebuildNativeTypeToScriptingClass (9ms)
	initialDomainReloadingComplete (19ms)
	LoadAllAssembliesAndSetupDomain (175ms)
		LoadAssemblies (130ms)
		AnalyzeDomain (11ms)
			TypeCache.Refresh (5ms)
			ResolveRequiredComponents (4ms)
	FinalizeReload (377ms)
		SetupLoadedEditorAssemblies (0ms)
			BeforeProcessingInitializeOnLoad (47ms)
			ProcessInitializeOnLoadAttributes (145ms)
			ProcessInitializeOnLoadMethodAttributes (60ms)
		AwakeInstancesAfterBackupRestoration (11ms)
WARNING: Shader Unsupported: 'Universal Render Pipeline/VR/SpatialMapping/Wireframe' - All subshaders removed
WARNING: Shader Did you use #pragma only_renderers and omit this platform?
WARNING: Shader If subshaders removal was intentional, you may have forgotten turning Fallback off?
Shader Hidden/ChartRasterizerHardware is not supported: GPU does not support conservative rasterization
Unloading 24 Unused Serialized files (Serialized files now loaded: 0)
Unloading 6435 unused Assets / (4.5 MB). Loaded Objects now: 7453.
Memory consumption went from 191.9 MB to 187.4 MB.
Total: 6.082625 ms (FindLiveObjects: 0.322750 ms CreateObjectMapping: 0.985833 ms MarkObjects: 3.794584 ms  DeleteObjects: 0.979208 ms)

Prepare: number of updated asset objects reloaded= 0
========================================================================
Received Prepare
AcceleratorClientConnectionCallback - disconnected - :0
[Licensing::Client] Successfully resolved entitlement details
Begin MonoManager ReloadAssembly
Thread 0x16c8f7000 may have been prematurely finalized
Native extension for OSXStandalone target not found
Native extension for WebGL target not found
[Package Manager] Failed to launch server process. Reason: Unity was launched with the -noUpm command-line argument
[Package Manager] Unable to send message (not connected to server process).
[Package Manager] Cannot connect to Unity Package Manager local server
[Package Manager] Failed to launch server process. Reason: Unity was launched with the -noUpm command-line argument
[Package Manager] Unable to send message (not connected to server process).
[Package Manager] Cannot connect to Unity Package Manager local server
ScheduleIndexationOnStartup MainProcess:False IndexOnStartup:True
Mono: successfully reloaded assembly
- Finished resetting the current domain, in  0.378 seconds
Domain Reload Profiling: 794ms
	BeginReloadAssembly (105ms)
		DisableScriptedObjects (3ms)
		CreateAndSetChildDomain (34ms)
	RebuildCommonClasses (5ms)
	RebuildNativeTypeToScriptingClass (9ms)
	initialDomainReloadingComplete (19ms)
	LoadAllAssembliesAndSetupDomain (276ms)
		LoadAssemblies (132ms)
		AnalyzeDomain (112ms)
			TypeCache.Refresh (6ms)
			BuildScriptInfoCaches (101ms)
			ResolveRequiredComponents (4ms)
	FinalizeReload (379ms)
		SetupLoadedEditorAssemblies (0ms)
			BeforeProcessingInitializeOnLoad (47ms)
			ProcessInitializeOnLoadAttributes (150ms)
			ProcessInitializeOnLoadMethodAttributes (53ms)
		AwakeInstancesAfterBackupRestoration (10ms)
WARNING: Shader Unsupported: 'Universal Render Pipeline/VR/SpatialMapping/Wireframe' - All subshaders removed
WARNING: Shader Did you use #pragma only_renderers and omit this platform?
WARNING: Shader If subshaders removal was intentional, you may have forgotten turning Fallback off?
Shader Hidden/ChartRasterizerHardware is not supported: GPU does not support conservative rasterization
Unloading 24 Unused Serialized files (Serialized files now loaded: 0)
Unloading 6435 unused Assets / (4.9 MB). Loaded Objects now: 7456.
Memory consumption went from 192.5 MB to 187.7 MB.
Total: 5.748042 ms (FindLiveObjects: 0.261791 ms CreateObjectMapping: 1.030000 ms MarkObjects: 3.479375 ms  DeleteObjects: 0.976625 ms)

Prepare: number of updated asset objects reloaded= 0
========================================================================
Received Prepare
AcceleratorClientConnectionCallback - disconnected - :0
Begin MonoManager ReloadAssembly
Thread 0x16c8f7000 may have been prematurely finalized
Native extension for OSXStandalone target not found
Native extension for WebGL target not found
[Package Manager] Failed to launch server process. Reason: Unity was launched with the -noUpm command-line argument
[Package Manager] Unable to send message (not connected to server process).
[Package Manager] Cannot connect to Unity Package Manager local server
[Package Manager] Failed to launch server process. Reason: Unity was launched with the -noUpm command-line argument
[Package Manager] Unable to send message (not connected to server process).
[Package Manager] Cannot connect to Unity Package Manager local server
ScheduleIndexationOnStartup MainProcess:False IndexOnStartup:True
Mono: successfully reloaded assembly
- Finished resetting the current domain, in  0.376 seconds
Domain Reload Profiling: 678ms
	BeginReloadAssembly (106ms)
		DisableScriptedObjects (3ms)
		CreateAndSetChildDomain (35ms)
	RebuildCommonClasses (5ms)
	RebuildNativeTypeToScriptingClass (9ms)
	initialDomainReloadingComplete (19ms)
	LoadAllAssembliesAndSetupDomain (163ms)
		LoadAssemblies (122ms)
		AnalyzeDomain (12ms)
			TypeCache.Refresh (5ms)
			ResolveRequiredComponents (4ms)
	FinalizeReload (376ms)
		SetupLoadedEditorAssemblies (0ms)
			BeforeProcessingInitializeOnLoad (46ms)
			ProcessInitializeOnLoadAttributes (146ms)
			ProcessInitializeOnLoadMethodAttributes (58ms)
		AwakeInstancesAfterBackupRestoration (10ms)
WARNING: Shader Unsupported: 'Universal Render Pipeline/VR/SpatialMapping/Wireframe' - All subshaders removed
WARNING: Shader Did you use #pragma only_renderers and omit this platform?
WARNING: Shader If subshaders removal was intentional, you may have forgotten turning Fallback off?
Shader Hidden/ChartRasterizerHardware is not supported: GPU does not support conservative rasterization
Unloading 24 Unused Serialized files (Serialized files now loaded: 0)
Unloading 6435 unused Assets / (4.7 MB). Loaded Objects now: 7459.
Memory consumption went from 193.1 MB to 188.3 MB.
Total: 6.329792 ms (FindLiveObjects: 0.302875 ms CreateObjectMapping: 0.982208 ms MarkObjects: 3.870000 ms  DeleteObjects: 1.174541 ms)

Prepare: number of updated asset objects reloaded= 0
========================================================================
Received Prepare
AcceleratorClientConnectionCallback - disconnected - :0
Begin MonoManager ReloadAssembly
Thread 0x16c8f7000 may have been prematurely finalized
Native extension for OSXStandalone target not found
Native extension for WebGL target not found
[Package Manager] Failed to launch server process. Reason: Unity was launched with the -noUpm command-line argument
[Package Manager] Unable to send message (not connected to server process).
[Package Manager] Cannot connect to Unity Package Manager local server
[Package Manager] Failed to launch server process. Reason: Unity was launched with the -noUpm command-line argument
[Package Manager] Unable to send message (not connected to server process).
[Package Manager] Cannot connect to Unity Package Manager local server
ScheduleIndexationOnStartup MainProcess:False IndexOnStartup:True
Mono: successfully reloaded assembly
- Finished resetting the current domain, in  0.380 seconds
Domain Reload Profiling: 706ms
	BeginReloadAssembly (109ms)
		DisableScriptedObjects (3ms)
		CreateAndSetChildDomain (37ms)
	RebuildCommonClasses (5ms)
	RebuildNativeTypeToScriptingClass (10ms)
	initialDomainReloadingComplete (20ms)
	LoadAllAssembliesAndSetupDomain (181ms)
		LoadAssemblies (140ms)
		AnalyzeDomain (10ms)
			TypeCache.Refresh (4ms)
			ResolveRequiredComponents (4ms)
	FinalizeReload (381ms)
		SetupLoadedEditorAssemblies (0ms)
			BeforeProcessingInitializeOnLoad (49ms)
			ProcessInitializeOnLoadAttributes (151ms)
			ProcessInitializeOnLoadMethodAttributes (58ms)
		AwakeInstancesAfterBackupRestoration (11ms)
WARNING: Shader Unsupported: 'Universal Render Pipeline/VR/SpatialMapping/Wireframe' - All subshaders removed
WARNING: Shader Did you use #pragma only_renderers and omit this platform?
WARNING: Shader If subshaders removal was intentional, you may have forgotten turning Fallback off?
Shader Hidden/ChartRasterizerHardware is not supported: GPU does not support conservative rasterization
Unloading 24 Unused Serialized files (Serialized files now loaded: 0)
Unloading 6435 unused Assets / (4.6 MB). Loaded Objects now: 7462.
Memory consumption went from 193.5 MB to 189.0 MB.
Total: 6.582125 ms (FindLiveObjects: 0.473458 ms CreateObjectMapping: 1.098167 ms MarkObjects: 3.927042 ms  DeleteObjects: 1.083084 ms)

Prepare: number of updated asset objects reloaded= 0
========================================================================
Received Prepare
AcceleratorClientConnectionCallback - disconnected - :0
Begin MonoManager ReloadAssembly
Thread 0x16c8f7000 may have been prematurely finalized
Native extension for OSXStandalone target not found
Native extension for WebGL target not found
[Package Manager] Failed to launch server process. Reason: Unity was launched with the -noUpm command-line argument
[Package Manager] Unable to send message (not connected to server process).
[Package Manager] Cannot connect to Unity Package Manager local server
[Package Manager] Failed to launch server process. Reason: Unity was launched with the -noUpm command-line argument
[Package Manager] Unable to send message (not connected to server process).
[Package Manager] Cannot connect to Unity Package Manager local server
ScheduleIndexationOnStartup MainProcess:False IndexOnStartup:True
Mono: successfully reloaded assembly
- Finished resetting the current domain, in  0.385 seconds
Domain Reload Profiling: 788ms
	BeginReloadAssembly (104ms)
		DisableScriptedObjects (3ms)
		CreateAndSetChildDomain (35ms)
	RebuildCommonClasses (5ms)
	RebuildNativeTypeToScriptingClass (9ms)
	initialDomainReloadingComplete (20ms)
	LoadAllAssembliesAndSetupDomain (265ms)
		LoadAssemblies (121ms)
		AnalyzeDomain (113ms)
			TypeCache.Refresh (6ms)
			BuildScriptInfoCaches (101ms)
			ResolveRequiredComponents (4ms)
	FinalizeReload (386ms)
		SetupLoadedEditorAssemblies (0ms)
			BeforeProcessingInitializeOnLoad (48ms)
			ProcessInitializeOnLoadAttributes (149ms)
			ProcessInitializeOnLoadMethodAttributes (63ms)
		AwakeInstancesAfterBackupRestoration (11ms)
WARNING: Shader Unsupported: 'Universal Render Pipeline/VR/SpatialMapping/Wireframe' - All subshaders removed
WARNING: Shader Did you use #pragma only_renderers and omit this platform?
WARNING: Shader If subshaders removal was intentional, you may have forgotten turning Fallback off?
Shader Hidden/ChartRasterizerHardware is not supported: GPU does not support conservative rasterization
Unloading 24 Unused Serialized files (Serialized files now loaded: 0)
Unloading 6435 unused Assets / (5.2 MB). Loaded Objects now: 7465.
Memory consumption went from 194.1 MB to 188.9 MB.
Total: 6.150125 ms (FindLiveObjects: 0.312167 ms CreateObjectMapping: 0.948458 ms MarkObjects: 3.737167 ms  DeleteObjects: 1.152041 ms)

Prepare: number of updated asset objects reloaded= 0
========================================================================
Received Prepare
AcceleratorClientConnectionCallback - disconnected - :0
Begin MonoManager ReloadAssembly
Thread 0x16c8f7000 may have been prematurely finalized
Native extension for OSXStandalone target not found
Native extension for WebGL target not found
[Package Manager] Failed to launch server process. Reason: Unity was launched with the -noUpm command-line argument
[Package Manager] Unable to send message (not connected to server process).
[Package Manager] Cannot connect to Unity Package Manager local server
[Package Manager] Failed to launch server process. Reason: Unity was launched with the -noUpm command-line argument
[Package Manager] Unable to send message (not connected to server process).
[Package Manager] Cannot connect to Unity Package Manager local server
ScheduleIndexationOnStartup MainProcess:False IndexOnStartup:True
Mono: successfully reloaded assembly
- Finished resetting the current domain, in  0.378 seconds
Domain Reload Profiling: 688ms
	BeginReloadAssembly (110ms)
		DisableScriptedObjects (3ms)
		CreateAndSetChildDomain (37ms)
	RebuildCommonClasses (5ms)
	RebuildNativeTypeToScriptingClass (9ms)
	initialDomainReloadingComplete (20ms)
	LoadAllAssembliesAndSetupDomain (165ms)
		LoadAssemblies (124ms)
		AnalyzeDomain (11ms)
			TypeCache.Refresh (4ms)
			ResolveRequiredComponents (4ms)
	FinalizeReload (379ms)
		SetupLoadedEditorAssemblies (0ms)
			BeforeProcessingInitializeOnLoad (45ms)
			ProcessInitializeOnLoadAttributes (148ms)
			ProcessInitializeOnLoadMethodAttributes (61ms)
		AwakeInstancesAfterBackupRestoration (11ms)
WARNING: Shader Unsupported: 'Universal Render Pipeline/VR/SpatialMapping/Wireframe' - All subshaders removed
WARNING: Shader Did you use #pragma only_renderers and omit this platform?
WARNING: Shader If subshaders removal was intentional, you may have forgotten turning Fallback off?
Shader Hidden/ChartRasterizerHardware is not supported: GPU does not support conservative rasterization
Unloading 24 Unused Serialized files (Serialized files now loaded: 0)
Unloading 6435 unused Assets / (4.6 MB). Loaded Objects now: 7468.
Memory consumption went from 194.6 MB to 190.0 MB.
Total: 6.403500 ms (FindLiveObjects: 0.297583 ms CreateObjectMapping: 1.092875 ms MarkObjects: 3.970125 ms  DeleteObjects: 1.042333 ms)

Prepare: number of updated asset objects reloaded= 0
========================================================================
Received Prepare
AcceleratorClientConnectionCallback - disconnected - :0
[Licensing::Client] Successfully resolved entitlement details
Begin MonoManager ReloadAssembly
Thread 0x16c8f7000 may have been prematurely finalized
Native extension for OSXStandalone target not found
Native extension for WebGL target not found
[Package Manager] Failed to launch server process. Reason: Unity was launched with the -noUpm command-line argument
[Package Manager] Unable to send message (not connected to server process).
[Package Manager] Cannot connect to Unity Package Manager local server
[Package Manager] Failed to launch server process. Reason: Unity was launched with the -noUpm command-line argument
[Package Manager] Unable to send message (not connected to server process).
[Package Manager] Cannot connect to Unity Package Manager local server
ScheduleIndexationOnStartup MainProcess:False IndexOnStartup:True
Mono: successfully reloaded assembly
- Finished resetting the current domain, in  0.379 seconds
Domain Reload Profiling: 808ms
	BeginReloadAssembly (109ms)
		DisableScriptedObjects (3ms)
		CreateAndSetChildDomain (35ms)
	RebuildCommonClasses (5ms)
	RebuildNativeTypeToScriptingClass (9ms)
	initialDomainReloadingComplete (19ms)
	LoadAllAssembliesAndSetupDomain (286ms)
		LoadAssemblies (142ms)
		AnalyzeDomain (112ms)
			TypeCache.Refresh (6ms)
			BuildScriptInfoCaches (101ms)
			ResolveRequiredComponents (4ms)
	FinalizeReload (380ms)
		SetupLoadedEditorAssemblies (0ms)
			BeforeProcessingInitializeOnLoad (49ms)
			ProcessInitializeOnLoadAttributes (148ms)
			ProcessInitializeOnLoadMethodAttributes (54ms)
		AwakeInstancesAfterBackupRestoration (10ms)
WARNING: Shader Unsupported: 'Universal Render Pipeline/VR/SpatialMapping/Wireframe' - All subshaders removed
WARNING: Shader Did you use #pragma only_renderers and omit this platform?
WARNING: Shader If subshaders removal was intentional, you may have forgotten turning Fallback off?
Shader Hidden/ChartRasterizerHardware is not supported: GPU does not support conservative rasterization
Unloading 24 Unused Serialized files (Serialized files now loaded: 0)
Unloading 6435 unused Assets / (5.0 MB). Loaded Objects now: 7471.
Memory consumption went from 195.2 MB to 190.2 MB.
Total: 6.353583 ms (FindLiveObjects: 0.322916 ms CreateObjectMapping: 0.998875 ms MarkObjects: 3.897917 ms  DeleteObjects: 1.133583 ms)

Prepare: number of updated asset objects reloaded= 0
========================================================================
Received Prepare
AcceleratorClientConnectionCallback - disconnected - :0
Begin MonoManager ReloadAssembly
Thread 0x16c8f7000 may have been prematurely finalized
Native extension for OSXStandalone target not found
Native extension for WebGL target not found
[Package Manager] Failed to launch server process. Reason: Unity was launched with the -noUpm command-line argument
[Package Manager] Unable to send message (not connected to server process).
[Package Manager] Cannot connect to Unity Package Manager local server
[Package Manager] Failed to launch server process. Reason: Unity was launched with the -noUpm command-line argument
[Package Manager] Unable to send message (not connected to server process).
[Package Manager] Cannot connect to Unity Package Manager local server
ScheduleIndexationOnStartup MainProcess:False IndexOnStartup:True
Mono: successfully reloaded assembly
- Finished resetting the current domain, in  0.376 seconds
Domain Reload Profiling: 684ms
	BeginReloadAssembly (110ms)
		DisableScriptedObjects (3ms)
		CreateAndSetChildDomain (37ms)
	RebuildCommonClasses (5ms)
	RebuildNativeTypeToScriptingClass (9ms)
	initialDomainReloadingComplete (20ms)
	LoadAllAssembliesAndSetupDomain (163ms)
		LoadAssemblies (123ms)
		AnalyzeDomain (11ms)
			TypeCache.Refresh (4ms)
			ResolveRequiredComponents (4ms)
	FinalizeReload (377ms)
		SetupLoadedEditorAssemblies (0ms)
			BeforeProcessingInitializeOnLoad (47ms)
			ProcessInitializeOnLoadAttributes (144ms)
			ProcessInitializeOnLoadMethodAttributes (59ms)
		AwakeInstancesAfterBackupRestoration (10ms)
WARNING: Shader Unsupported: 'Universal Render Pipeline/VR/SpatialMapping/Wireframe' - All subshaders removed
WARNING: Shader Did you use #pragma only_renderers and omit this platform?
WARNING: Shader If subshaders removal was intentional, you may have forgotten turning Fallback off?
Shader Hidden/ChartRasterizerHardware is not supported: GPU does not support conservative rasterization
Unloading 24 Unused Serialized files (Serialized files now loaded: 0)
Unloading 6435 unused Assets / (4.7 MB). Loaded Objects now: 7474.
Memory consumption went from 195.7 MB to 190.9 MB.
Total: 6.218334 ms (FindLiveObjects: 0.313583 ms CreateObjectMapping: 1.065792 ms MarkObjects: 3.596166 ms  DeleteObjects: 1.242375 ms)

Prepare: number of updated asset objects reloaded= 0
========================================================================
Received Prepare
AcceleratorClientConnectionCallback - disconnected - :0
Begin MonoManager ReloadAssembly
Thread 0x16c8f7000 may have been prematurely finalized
Native extension for OSXStandalone target not found
Native extension for WebGL target not found
[Package Manager] Failed to launch server process. Reason: Unity was launched with the -noUpm command-line argument
[Package Manager] Unable to send message (not connected to server process).
[Package Manager] Cannot connect to Unity Package Manager local server
[Package Manager] Failed to launch server process. Reason: Unity was launched with the -noUpm command-line argument
[Package Manager] Unable to send message (not connected to server process).
[Package Manager] Cannot connect to Unity Package Manager local server
ScheduleIndexationOnStartup MainProcess:False IndexOnStartup:True
Mono: successfully reloaded assembly
- Finished resetting the current domain, in  0.378 seconds
Domain Reload Profiling: 682ms
	BeginReloadAssembly (107ms)
		CreateAndSetChildDomain (35ms)
	RebuildCommonClasses (5ms)
	RebuildNativeTypeToScriptingClass (9ms)
	initialDomainReloadingComplete (20ms)
	LoadAllAssembliesAndSetupDomain (163ms)
		LoadAssemblies (123ms)
		AnalyzeDomain (10ms)
			TypeCache.Refresh (4ms)
			ResolveRequiredComponents (4ms)
	FinalizeReload (378ms)
		SetupLoadedEditorAssemblies (0ms)
			BeforeProcessingInitializeOnLoad (46ms)
			ProcessInitializeOnLoadAttributes (148ms)
			ProcessInitializeOnLoadMethodAttributes (58ms)
		AwakeInstancesAfterBackupRestoration (11ms)
WARNING: Shader Unsupported: 'Universal Render Pipeline/VR/SpatialMapping/Wireframe' - All subshaders removed
WARNING: Shader Did you use #pragma only_renderers and omit this platform?
WARNING: Shader If subshaders removal was intentional, you may have forgotten turning Fallback off?
Shader Hidden/ChartRasterizerHardware is not supported: GPU does not support conservative rasterization
Unloading 24 Unused Serialized files (Serialized files now loaded: 0)
Unloading 6435 unused Assets / (4.7 MB). Loaded Objects now: 7477.
Memory consumption went from 196.1 MB to 191.5 MB.
Total: 6.162291 ms (FindLiveObjects: 0.286583 ms CreateObjectMapping: 1.093667 ms MarkObjects: 3.627833 ms  DeleteObjects: 1.147083 ms)

Prepare: number of updated asset objects reloaded= 0
========================================================================
Received Prepare
AcceleratorClientConnectionCallback - disconnected - :0
WARNING: Shader Unsupported: 'Universal Render Pipeline/VR/SpatialMapping/Wireframe' - All subshaders removed
WARNING: Shader Did you use #pragma only_renderers and omit this platform?
WARNING: Shader If subshaders removal was intentional, you may have forgotten turning Fallback off?
Shader Hidden/ChartRasterizerHardware is not supported: GPU does not support conservative rasterization
Unloading 24 Unused Serialized files (Serialized files now loaded: 0)
Unloading 6424 unused Assets / (5.2 MB). Loaded Objects now: 7477.
Memory consumption went from 186.6 MB to 181.4 MB.
Total: 5.968083 ms (FindLiveObjects: 0.331041 ms CreateObjectMapping: 1.138625 ms MarkObjects: 3.306875 ms  DeleteObjects: 1.191083 ms)

Prepare: number of updated asset objects reloaded= 0
========================================================================
Received Prepare
AcceleratorClientConnectionCallback - disconnected - :0
Begin MonoManager ReloadAssembly
Thread 0x16c8f7000 may have been prematurely finalized
Native extension for OSXStandalone target not found
Native extension for WebGL target not found
[Package Manager] Failed to launch server process. Reason: Unity was launched with the -noUpm command-line argument
[Package Manager] Unable to send message (not connected to server process).
[Package Manager] Cannot connect to Unity Package Manager local server
[Package Manager] Failed to launch server process. Reason: Unity was launched with the -noUpm command-line argument
[Package Manager] Unable to send message (not connected to server process).
[Package Manager] Cannot connect to Unity Package Manager local server
ScheduleIndexationOnStartup MainProcess:False IndexOnStartup:True
Mono: successfully reloaded assembly
- Finished resetting the current domain, in  0.381 seconds
Domain Reload Profiling: 804ms
	BeginReloadAssembly (108ms)
		DisableScriptedObjects (3ms)
		CreateAndSetChildDomain (38ms)
	RebuildCommonClasses (5ms)
	RebuildNativeTypeToScriptingClass (9ms)
	initialDomainReloadingComplete (19ms)
	LoadAllAssembliesAndSetupDomain (280ms)
		LoadAssemblies (134ms)
		AnalyzeDomain (113ms)
			TypeCache.Refresh (6ms)
			BuildScriptInfoCaches (102ms)
			ResolveRequiredComponents (4ms)
	FinalizeReload (382ms)
		SetupLoadedEditorAssemblies (0ms)
			BeforeProcessingInitializeOnLoad (48ms)
			ProcessInitializeOnLoadAttributes (151ms)
			ProcessInitializeOnLoadMethodAttributes (58ms)
		AwakeInstancesAfterBackupRestoration (10ms)
WARNING: Shader Unsupported: 'Universal Render Pipeline/VR/SpatialMapping/Wireframe' - All subshaders removed
WARNING: Shader Did you use #pragma only_renderers and omit this platform?
WARNING: Shader If subshaders removal was intentional, you may have forgotten turning Fallback off?
Shader Hidden/ChartRasterizerHardware is not supported: GPU does not support conservative rasterization
Unloading 24 Unused Serialized files (Serialized files now loaded: 0)
Unloading 6435 unused Assets / (5.0 MB). Loaded Objects now: 7480.
Memory consumption went from 193.9 MB to 188.9 MB.
Total: 6.207708 ms (FindLiveObjects: 0.315083 ms CreateObjectMapping: 0.975833 ms MarkObjects: 3.791042 ms  DeleteObjects: 1.125417 ms)

Prepare: number of updated asset objects reloaded= 0
========================================================================
Received Prepare
AcceleratorClientConnectionCallback - disconnected - :0
Begin MonoManager ReloadAssembly
Thread 0x16c8f7000 may have been prematurely finalized
Native extension for OSXStandalone target not found
Native extension for WebGL target not found
[Package Manager] Failed to launch server process. Reason: Unity was launched with the -noUpm command-line argument
[Package Manager] Unable to send message (not connected to server process).
[Package Manager] Cannot connect to Unity Package Manager local server
[Package Manager] Failed to launch server process. Reason: Unity was launched with the -noUpm command-line argument
[Package Manager] Unable to send message (not connected to server process).
[Package Manager] Cannot connect to Unity Package Manager local server
ScheduleIndexationOnStartup MainProcess:False IndexOnStartup:True
Mono: successfully reloaded assembly
- Finished resetting the current domain, in  0.383 seconds
Domain Reload Profiling: 694ms
	BeginReloadAssembly (111ms)
		DisableScriptedObjects (3ms)
		CreateAndSetChildDomain (39ms)
	RebuildCommonClasses (5ms)
	RebuildNativeTypeToScriptingClass (10ms)
	initialDomainReloadingComplete (20ms)
	LoadAllAssembliesAndSetupDomain (164ms)
		LoadAssemblies (123ms)
		AnalyzeDomain (11ms)
			TypeCache.Refresh (4ms)
			ResolveRequiredComponents (4ms)
	FinalizeReload (383ms)
		SetupLoadedEditorAssemblies (0ms)
			BeforeProcessingInitializeOnLoad (48ms)
			ProcessInitializeOnLoadAttributes (151ms)
			ProcessInitializeOnLoadMethodAttributes (59ms)
		AwakeInstancesAfterBackupRestoration (11ms)
WARNING: Shader Unsupported: 'Universal Render Pipeline/VR/SpatialMapping/Wireframe' - All subshaders removed
WARNING: Shader Did you use #pragma only_renderers and omit this platform?
WARNING: Shader If subshaders removal was intentional, you may have forgotten turning Fallback off?
Shader Hidden/ChartRasterizerHardware is not supported: GPU does not support conservative rasterization
Unloading 24 Unused Serialized files (Serialized files now loaded: 0)
Unloading 6435 unused Assets / (4.7 MB). Loaded Objects now: 7483.
Memory consumption went from 194.4 MB to 189.7 MB.
Total: 6.110500 ms (FindLiveObjects: 0.297875 ms CreateObjectMapping: 1.007958 ms MarkObjects: 3.626208 ms  DeleteObjects: 1.177917 ms)

Prepare: number of updated asset objects reloaded= 0
========================================================================
Received Prepare
AcceleratorClientConnectionCallback - disconnected - :0
[Licensing::Client] Successfully resolved entitlement details
Begin MonoManager ReloadAssembly
Thread 0x16c8f7000 may have been prematurely finalized
Native extension for OSXStandalone target not found
Native extension for WebGL target not found
[Package Manager] Failed to launch server process. Reason: Unity was launched with the -noUpm command-line argument
[Package Manager] Unable to send message (not connected to server process).
[Package Manager] Cannot connect to Unity Package Manager local server
[Package Manager] Failed to launch server process. Reason: Unity was launched with the -noUpm command-line argument
[Package Manager] Unable to send message (not connected to server process).
[Package Manager] Cannot connect to Unity Package Manager local server
ScheduleIndexationOnStartup MainProcess:False IndexOnStartup:True
Mono: successfully reloaded assembly
- Finished resetting the current domain, in  0.376 seconds
Domain Reload Profiling: 682ms
	BeginReloadAssembly (106ms)
		DisableScriptedObjects (3ms)
		CreateAndSetChildDomain (35ms)
	RebuildCommonClasses (5ms)
	RebuildNativeTypeToScriptingClass (9ms)
	initialDomainReloadingComplete (20ms)
	LoadAllAssembliesAndSetupDomain (166ms)
		LoadAssemblies (124ms)
		AnalyzeDomain (11ms)
			TypeCache.Refresh (4ms)
			ResolveRequiredComponents (5ms)
	FinalizeReload (376ms)
		SetupLoadedEditorAssemblies (0ms)
			BeforeProcessingInitializeOnLoad (46ms)
			ProcessInitializeOnLoadAttributes (144ms)
			ProcessInitializeOnLoadMethodAttributes (58ms)
		AwakeInstancesAfterBackupRestoration (10ms)
WARNING: Shader Unsupported: 'Universal Render Pipeline/VR/SpatialMapping/Wireframe' - All subshaders removed
WARNING: Shader Did you use #pragma only_renderers and omit this platform?
WARNING: Shader If subshaders removal was intentional, you may have forgotten turning Fallback off?
Shader Hidden/ChartRasterizerHardware is not supported: GPU does not support conservative rasterization
Unloading 24 Unused Serialized files (Serialized files now loaded: 0)
Unloading 6435 unused Assets / (4.6 MB). Loaded Objects now: 7486.
Memory consumption went from 194.9 MB to 190.3 MB.
Total: 6.017709 ms (FindLiveObjects: 0.310250 ms CreateObjectMapping: 1.158000 ms MarkObjects: 3.481834 ms  DeleteObjects: 1.067334 ms)

Prepare: number of updated asset objects reloaded= 0
========================================================================
Received Prepare
AcceleratorClientConnectionCallback - disconnected - :0
Begin MonoManager ReloadAssembly
Thread 0x16c8f7000 may have been prematurely finalized
Native extension for OSXStandalone target not found
Native extension for WebGL target not found
[Package Manager] Failed to launch server process. Reason: Unity was launched with the -noUpm command-line argument
[Package Manager] Unable to send message (not connected to server process).
[Package Manager] Cannot connect to Unity Package Manager local server
[Package Manager] Failed to launch server process. Reason: Unity was launched with the -noUpm command-line argument
[Package Manager] Unable to send message (not connected to server process).
[Package Manager] Cannot connect to Unity Package Manager local server
ScheduleIndexationOnStartup MainProcess:False IndexOnStartup:True
Mono: successfully reloaded assembly
- Finished resetting the current domain, in  0.378 seconds
Domain Reload Profiling: 797ms
	BeginReloadAssembly (106ms)
		DisableScriptedObjects (3ms)
		CreateAndSetChildDomain (35ms)
	RebuildCommonClasses (5ms)
	RebuildNativeTypeToScriptingClass (9ms)
	initialDomainReloadingComplete (20ms)
	LoadAllAssembliesAndSetupDomain (279ms)
		LoadAssemblies (136ms)
		AnalyzeDomain (111ms)
			TypeCache.Refresh (6ms)
			BuildScriptInfoCaches (100ms)
			ResolveRequiredComponents (4ms)
	FinalizeReload (378ms)
		SetupLoadedEditorAssemblies (0ms)
			BeforeProcessingInitializeOnLoad (49ms)
			ProcessInitializeOnLoadAttributes (149ms)
			ProcessInitializeOnLoadMethodAttributes (54ms)
		AwakeInstancesAfterBackupRestoration (9ms)
WARNING: Shader Unsupported: 'Universal Render Pipeline/VR/SpatialMapping/Wireframe' - All subshaders removed
WARNING: Shader Did you use #pragma only_renderers and omit this platform?
WARNING: Shader If subshaders removal was intentional, you may have forgotten turning Fallback off?
Shader Hidden/ChartRasterizerHardware is not supported: GPU does not support conservative rasterization
Unloading 24 Unused Serialized files (Serialized files now loaded: 0)
Unloading 6435 unused Assets / (4.8 MB). Loaded Objects now: 7489.
Memory consumption went from 195.6 MB to 190.8 MB.
Total: 5.809458 ms (FindLiveObjects: 0.327125 ms CreateObjectMapping: 0.985542 ms MarkObjects: 3.476750 ms  DeleteObjects: 1.019667 ms)

Prepare: number of updated asset objects reloaded= 0
========================================================================
Received Prepare
AcceleratorClientConnectionCallback - disconnected - :0
Begin MonoManager ReloadAssembly
Thread 0x16c8f7000 may have been prematurely finalized
Native extension for OSXStandalone target not found
Native extension for WebGL target not found
[Package Manager] Failed to launch server process. Reason: Unity was launched with the -noUpm command-line argument
[Package Manager] Unable to send message (not connected to server process).
[Package Manager] Cannot connect to Unity Package Manager local server
[Package Manager] Failed to launch server process. Reason: Unity was launched with the -noUpm command-line argument
[Package Manager] Unable to send message (not connected to server process).
[Package Manager] Cannot connect to Unity Package Manager local server
ScheduleIndexationOnStartup MainProcess:False IndexOnStartup:True
Mono: successfully reloaded assembly
- Finished resetting the current domain, in  0.381 seconds
Domain Reload Profiling: 688ms
	BeginReloadAssembly (110ms)
		DisableScriptedObjects (3ms)
		CreateAndSetChildDomain (37ms)
	RebuildCommonClasses (5ms)
	RebuildNativeTypeToScriptingClass (9ms)
	initialDomainReloadingComplete (21ms)
	LoadAllAssembliesAndSetupDomain (162ms)
		LoadAssemblies (122ms)
		AnalyzeDomain (11ms)
			TypeCache.Refresh (4ms)
			ResolveRequiredComponents (4ms)
	FinalizeReload (381ms)
		SetupLoadedEditorAssemblies (0ms)
			BeforeProcessingInitializeOnLoad (47ms)
			ProcessInitializeOnLoadAttributes (149ms)
			ProcessInitializeOnLoadMethodAttributes (59ms)
		AwakeInstancesAfterBackupRestoration (10ms)
WARNING: Shader Unsupported: 'Universal Render Pipeline/VR/SpatialMapping/Wireframe' - All subshaders removed
WARNING: Shader Did you use #pragma only_renderers and omit this platform?
WARNING: Shader If subshaders removal was intentional, you may have forgotten turning Fallback off?
Shader Hidden/ChartRasterizerHardware is not supported: GPU does not support conservative rasterization
Unloading 24 Unused Serialized files (Serialized files now loaded: 0)
Unloading 6435 unused Assets / (4.2 MB). Loaded Objects now: 7492.
Memory consumption went from 196.0 MB to 191.8 MB.
Total: 6.161500 ms (FindLiveObjects: 0.313583 ms CreateObjectMapping: 1.015291 ms MarkObjects: 3.731667 ms  DeleteObjects: 1.100625 ms)

Prepare: number of updated asset objects reloaded= 0
========================================================================
Received Prepare
AcceleratorClientConnectionCallback - disconnected - :0
WARNING: Shader Unsupported: 'Universal Render Pipeline/VR/SpatialMapping/Wireframe' - All subshaders removed
WARNING: Shader Did you use #pragma only_renderers and omit this platform?
WARNING: Shader If subshaders removal was intentional, you may have forgotten turning Fallback off?
Shader Hidden/ChartRasterizerHardware is not supported: GPU does not support conservative rasterization
Unloading 24 Unused Serialized files (Serialized files now loaded: 0)
Unloading 24 unused Assets / (2.6 MB). Loaded Objects now: 7492.
Memory consumption went from 182.8 MB to 180.2 MB.
Total: 4.599666 ms (FindLiveObjects: 0.186000 ms CreateObjectMapping: 0.358666 ms MarkObjects: 3.831209 ms  DeleteObjects: 0.223541 ms)

Prepare: number of updated asset objects reloaded= 0
========================================================================
Received Prepare
AcceleratorClientConnectionCallback - disconnected - :0
[Licensing::Client] Successfully resolved entitlement details
Begin MonoManager ReloadAssembly
Thread 0x16c8f7000 may have been prematurely finalized
Native extension for OSXStandalone target not found
Native extension for WebGL target not found
[Package Manager] Failed to launch server process. Reason: Unity was launched with the -noUpm command-line argument
[Package Manager] Unable to send message (not connected to server process).
[Package Manager] Cannot connect to Unity Package Manager local server
[Package Manager] Failed to launch server process. Reason: Unity was launched with the -noUpm command-line argument
[Package Manager] Unable to send message (not connected to server process).
[Package Manager] Cannot connect to Unity Package Manager local server
ScheduleIndexationOnStartup MainProcess:False IndexOnStartup:True
Mono: successfully reloaded assembly
- Finished resetting the current domain, in  0.380 seconds
Domain Reload Profiling: 686ms
	BeginReloadAssembly (107ms)
		DisableScriptedObjects (3ms)
		CreateAndSetChildDomain (35ms)
	RebuildCommonClasses (5ms)
	RebuildNativeTypeToScriptingClass (9ms)
	initialDomainReloadingComplete (20ms)
	LoadAllAssembliesAndSetupDomain (163ms)
		LoadAssemblies (123ms)
		AnalyzeDomain (11ms)
			TypeCache.Refresh (4ms)
			ResolveRequiredComponents (4ms)
	FinalizeReload (381ms)
		SetupLoadedEditorAssemblies (0ms)
			BeforeProcessingInitializeOnLoad (46ms)
			ProcessInitializeOnLoadAttributes (148ms)
			ProcessInitializeOnLoadMethodAttributes (57ms)
		AwakeInstancesAfterBackupRestoration (11ms)
WARNING: Shader Unsupported: 'Universal Render Pipeline/VR/SpatialMapping/Wireframe' - All subshaders removed
WARNING: Shader Did you use #pragma only_renderers and omit this platform?
WARNING: Shader If subshaders removal was intentional, you may have forgotten turning Fallback off?
Shader Hidden/ChartRasterizerHardware is not supported: GPU does not support conservative rasterization
Unloading 24 Unused Serialized files (Serialized files now loaded: 0)
Unloading 6435 unused Assets / (4.8 MB). Loaded Objects now: 7495.
Memory consumption went from 193.6 MB to 188.9 MB.
Total: 6.268875 ms (FindLiveObjects: 0.304875 ms CreateObjectMapping: 1.078250 ms MarkObjects: 3.634375 ms  DeleteObjects: 1.251083 ms)

Prepare: number of updated asset objects reloaded= 0
========================================================================
Received Prepare
AcceleratorClientConnectionCallback - disconnected - :0
Begin MonoManager ReloadAssembly
Thread 0x16c8f7000 may have been prematurely finalized
Native extension for OSXStandalone target not found
Native extension for WebGL target not found
[Package Manager] Failed to launch server process. Reason: Unity was launched with the -noUpm command-line argument
[Package Manager] Unable to send message (not connected to server process).
[Package Manager] Cannot connect to Unity Package Manager local server
[Package Manager] Failed to launch server process. Reason: Unity was launched with the -noUpm command-line argument
[Package Manager] Unable to send message (not connected to server process).
[Package Manager] Cannot connect to Unity Package Manager local server
ScheduleIndexationOnStartup MainProcess:False IndexOnStartup:True
Mono: successfully reloaded assembly
- Finished resetting the current domain, in  0.372 seconds
Domain Reload Profiling: 679ms
	BeginReloadAssembly (110ms)
		DisableScriptedObjects (3ms)
		CreateAndSetChildDomain (37ms)
	RebuildCommonClasses (5ms)
	RebuildNativeTypeToScriptingClass (9ms)
	initialDomainReloadingComplete (20ms)
	LoadAllAssembliesAndSetupDomain (163ms)
		LoadAssemblies (122ms)
		AnalyzeDomain (11ms)
			TypeCache.Refresh (4ms)
			ResolveRequiredComponents (4ms)
	FinalizeReload (372ms)
		SetupLoadedEditorAssemblies (0ms)
			BeforeProcessingInitializeOnLoad (49ms)
			ProcessInitializeOnLoadAttributes (144ms)
			ProcessInitializeOnLoadMethodAttributes (54ms)
		AwakeInstancesAfterBackupRestoration (10ms)
WARNING: Shader Unsupported: 'Universal Render Pipeline/VR/SpatialMapping/Wireframe' - All subshaders removed
WARNING: Shader Did you use #pragma only_renderers and omit this platform?
WARNING: Shader If subshaders removal was intentional, you may have forgotten turning Fallback off?
Shader Hidden/ChartRasterizerHardware is not supported: GPU does not support conservative rasterization
Unloading 24 Unused Serialized files (Serialized files now loaded: 0)
Unloading 6435 unused Assets / (4.6 MB). Loaded Objects now: 7498.
Memory consumption went from 194.1 MB to 189.6 MB.
Total: 6.231750 ms (FindLiveObjects: 0.320916 ms CreateObjectMapping: 1.000375 ms MarkObjects: 3.841125 ms  DeleteObjects: 1.069167 ms)

Prepare: number of updated asset objects reloaded= 0
========================================================================
Received Import Request.
  Time of request: 2026-10-09T04:41:58.193972Z
  Time since last request: 480.39072670899998 seconds.
  importAddress: GUID: 749cb35275b784f64a8c83dc516c4030 - Path: Assets/Scripts/GameMenu.cs - Importer: PreviewImporter
Importing 'GUID: 749cb35275b784f64a8c83dc516c4030 - Path: Assets/Scripts/GameMenu.cs - Importer: PreviewImporter' with importer (PreviewImporter)
Imported 'GUID: 749cb35275b784f64a8c83dc516c4030' -> (Import Result ID: 'b0abee7085d8d101ed6f015ba9eaaf20') in 0.001 seconds [static and dynamic dependencies]. Details - ImportResultOutputID=110bc6d39f6436f1b7bbbc5cc9d48f46 DependenciesID=dfed3bc0d27cd83dbe04397b4e37d0dc StaticDependenciesID=d80c5e5dcd25fad438b4298ede1f0b09 
Number of updated asset objects reloaded before import = 0
Number of asset objects unloaded after import = 0
========================================================================
Received Prepare
AcceleratorClientConnectionCallback - disconnected - :0
[Licensing::Client] Successfully resolved entitlement details
Begin MonoManager ReloadAssembly
Thread 0x16c8f7000 may have been prematurely finalized
Native extension for OSXStandalone target not found
Native extension for WebGL target not found
[Package Manager] Failed to launch server process. Reason: Unity was launched with the -noUpm command-line argument
[Package Manager] Unable to send message (not connected to server process).
[Package Manager] Cannot connect to Unity Package Manager local server
[Package Manager] Failed to launch server process. Reason: Unity was launched with the -noUpm command-line argument
[Package Manager] Unable to send message (not connected to server process).
[Package Manager] Cannot connect to Unity Package Manager local server
ScheduleIndexationOnStartup MainProcess:False IndexOnStartup:True
Mono: successfully reloaded assembly
- Finished resetting the current domain, in  0.378 seconds
Domain Reload Profiling: 705ms
	BeginReloadAssembly (111ms)
		DisableScriptedObjects (3ms)
		CreateAndSetChildDomain (39ms)
	RebuildCommonClasses (5ms)
	RebuildNativeTypeToScriptingClass (9ms)
	initialDomainReloadingComplete (20ms)
	LoadAllAssembliesAndSetupDomain (181ms)
		LoadAssemblies (138ms)
		AnalyzeDomain (11ms)
			TypeCache.Refresh (4ms)
			ResolveRequiredComponents (4ms)
	FinalizeReload (379ms)
		SetupLoadedEditorAssemblies (0ms)
			BeforeProcessingInitializeOnLoad (46ms)
			ProcessInitializeOnLoadAttributes (147ms)
			ProcessInitializeOnLoadMethodAttributes (60ms)
		AwakeInstancesAfterBackupRestoration (10ms)
WARNING: Shader Unsupported: 'Universal Render Pipeline/VR/SpatialMapping/Wireframe' - All subshaders removed
WARNING: Shader Did you use #pragma only_renderers and omit this platform?
WARNING: Shader If subshaders removal was intentional, you may have forgotten turning Fallback off?
Shader Hidden/ChartRasterizerHardware is not supported: GPU does not support conservative rasterization
Unloading 24 Unused Serialized files (Serialized files now loaded: 0)
Unloading 6435 unused Assets / (4.8 MB). Loaded Objects now: 7501.
Memory consumption went from 194.6 MB to 189.8 MB.
Total: 5.882125 ms (FindLiveObjects: 0.316459 ms CreateObjectMapping: 0.983209 ms MarkObjects: 3.626750 ms  DeleteObjects: 0.955542 ms)

Prepare: number of updated asset objects reloaded= 0
========================================================================
Received Prepare
AcceleratorClientConnectionCallback - disconnected - :0
Begin MonoManager ReloadAssembly
Thread 0x16c8f7000 may have been prematurely finalized
Native extension for OSXStandalone target not found
Native extension for WebGL target not found
[Package Manager] Failed to launch server process. Reason: Unity was launched with the -noUpm command-line argument
[Package Manager] Unable to send message (not connected to server process).
[Package Manager] Cannot connect to Unity Package Manager local server
[Package Manager] Failed to launch server process. Reason: Unity was launched with the -noUpm command-line argument
[Package Manager] Unable to send message (not connected to server process).
[Package Manager] Cannot connect to Unity Package Manager local server
ScheduleIndexationOnStartup MainProcess:False IndexOnStartup:True
Mono: successfully reloaded assembly
- Finished resetting the current domain, in  0.373 seconds
Domain Reload Profiling: 675ms
	BeginReloadAssembly (106ms)
		DisableScriptedObjects (3ms)
		CreateAndSetChildDomain (35ms)
	RebuildCommonClasses (5ms)
	RebuildNativeTypeToScriptingClass (9ms)
	initialDomainReloadingComplete (20ms)
	LoadAllAssembliesAndSetupDomain (161ms)
		LoadAssemblies (120ms)
		AnalyzeDomain (11ms)
			TypeCache.Refresh (4ms)
			ResolveRequiredComponents (4ms)
	FinalizeReload (374ms)
		SetupLoadedEditorAssemblies (0ms)
			BeforeProcessingInitializeOnLoad (49ms)
			ProcessInitializeOnLoadAttributes (146ms)
			ProcessInitializeOnLoadMethodAttributes (54ms)
		AwakeInstancesAfterBackupRestoration (10ms)
WARNING: Shader Unsupported: 'Universal Render Pipeline/VR/SpatialMapping/Wireframe' - All subshaders removed
WARNING: Shader Did you use #pragma only_renderers and omit this platform?
WARNING: Shader If subshaders removal was intentional, you may have forgotten turning Fallback off?
Shader Hidden/ChartRasterizerHardware is not supported: GPU does not support conservative rasterization
Unloading 24 Unused Serialized files (Serialized files now loaded: 0)
Unloading 6435 unused Assets / (4.8 MB). Loaded Objects now: 7504.
Memory consumption went from 195.1 MB to 190.3 MB.
Total: 6.375666 ms (FindLiveObjects: 0.324708 ms CreateObjectMapping: 1.002542 ms MarkObjects: 3.828208 ms  DeleteObjects: 1.219833 ms)

Prepare: number of updated asset objects reloaded= 0
========================================================================
Received Prepare
AcceleratorClientConnectionCallback - disconnected - :0
Begin MonoManager ReloadAssembly
Thread 0x16c8f7000 may have been prematurely finalized
Native extension for OSXStandalone target not found
Native extension for WebGL target not found
[Package Manager] Failed to launch server process. Reason: Unity was launched with the -noUpm command-line argument
[Package Manager] Unable to send message (not connected to server process).
[Package Manager] Cannot connect to Unity Package Manager local server
[Package Manager] Failed to launch server process. Reason: Unity was launched with the -noUpm command-line argument
[Package Manager] Unable to send message (not connected to server process).
[Package Manager] Cannot connect to Unity Package Manager local server
ScheduleIndexationOnStartup MainProcess:False IndexOnStartup:True
Mono: successfully reloaded assembly
- Finished resetting the current domain, in  0.373 seconds
Domain Reload Profiling: 696ms
	BeginReloadAssembly (110ms)
		DisableScriptedObjects (3ms)
		CreateAndSetChildDomain (37ms)
	RebuildCommonClasses (5ms)
	RebuildNativeTypeToScriptingClass (9ms)
	initialDomainReloadingComplete (21ms)
	LoadAllAssembliesAndSetupDomain (177ms)
		LoadAssemblies (138ms)
		AnalyzeDomain (10ms)
			TypeCache.Refresh (4ms)
			ResolveRequiredComponents (4ms)
	FinalizeReload (374ms)
		SetupLoadedEditorAssemblies (0ms)
			BeforeProcessingInitializeOnLoad (46ms)
			ProcessInitializeOnLoadAttributes (144ms)
			ProcessInitializeOnLoadMethodAttributes (56ms)
		AwakeInstancesAfterBackupRestoration (11ms)
WARNING: Shader Unsupported: 'Universal Render Pipeline/VR/SpatialMapping/Wireframe' - All subshaders removed
WARNING: Shader Did you use #pragma only_renderers and omit this platform?
WARNING: Shader If subshaders removal was intentional, you may have forgotten turning Fallback off?
Shader Hidden/ChartRasterizerHardware is not supported: GPU does not support conservative rasterization
Unloading 24 Unused Serialized files (Serialized files now loaded: 0)
Unloading 6435 unused Assets / (4.5 MB). Loaded Objects now: 7507.
Memory consumption went from 195.6 MB to 191.1 MB.
Total: 6.137667 ms (FindLiveObjects: 0.316833 ms CreateObjectMapping: 0.997000 ms MarkObjects: 3.695375 ms  DeleteObjects: 1.128208 ms)

Prepare: number of updated asset objects reloaded= 0
========================================================================
Received Prepare
AcceleratorClientConnectionCallback - disconnected - :0
[Licensing::Client] Successfully resolved entitlement details
Begin MonoManager ReloadAssembly
Thread 0x16c8f7000 may have been prematurely finalized
Native extension for OSXStandalone target not found
Native extension for WebGL target not found
[Package Manager] Failed to launch server process. Reason: Unity was launched with the -noUpm command-line argument
[Package Manager] Unable to send message (not connected to server process).
[Package Manager] Cannot connect to Unity Package Manager local server
[Package Manager] Failed to launch server process. Reason: Unity was launched with the -noUpm command-line argument
[Package Manager] Unable to send message (not connected to server process).
[Package Manager] Cannot connect to Unity Package Manager local server
ScheduleIndexationOnStartup MainProcess:False IndexOnStartup:True
Mono: successfully reloaded assembly
- Finished resetting the current domain, in  0.377 seconds
Domain Reload Profiling: 686ms
	BeginReloadAssembly (110ms)
		DisableScriptedObjects (3ms)
		CreateAndSetChildDomain (37ms)
	RebuildCommonClasses (5ms)
	RebuildNativeTypeToScriptingClass (10ms)
	initialDomainReloadingComplete (20ms)
	LoadAllAssembliesAndSetupDomain (164ms)
		LoadAssemblies (123ms)
		AnalyzeDomain (11ms)
			TypeCache.Refresh (4ms)
			ResolveRequiredComponents (4ms)
	FinalizeReload (378ms)
		SetupLoadedEditorAssemblies (0ms)
			BeforeProcessingInitializeOnLoad (48ms)
			ProcessInitializeOnLoadAttributes (146ms)
			ProcessInitializeOnLoadMethodAttributes (59ms)
		AwakeInstancesAfterBackupRestoration (10ms)
WARNING: Shader Unsupported: 'Universal Render Pipeline/VR/SpatialMapping/Wireframe' - All subshaders removed
WARNING: Shader Did you use #pragma only_renderers and omit this platform?
WARNING: Shader If subshaders removal was intentional, you may have forgotten turning Fallback off?
Shader Hidden/ChartRasterizerHardware is not supported: GPU does not support conservative rasterization
Unloading 24 Unused Serialized files (Serialized files now loaded: 0)
Unloading 6435 unused Assets / (4.1 MB). Loaded Objects now: 7510.
Memory consumption went from 196.1 MB to 192.0 MB.
Total: 6.338833 ms (FindLiveObjects: 0.275708 ms CreateObjectMapping: 1.079458 ms MarkObjects: 3.957833 ms  DeleteObjects: 1.025625 ms)

Prepare: number of updated asset objects reloaded= 0
========================================================================
Received Prepare
AcceleratorClientConnectionCallback - disconnected - :0
WARNING: Shader Unsupported: 'Universal Render Pipeline/VR/SpatialMapping/Wireframe' - All subshaders removed
WARNING: Shader Did you use #pragma only_renderers and omit this platform?
WARNING: Shader If subshaders removal was intentional, you may have forgotten turning Fallback off?
Shader Hidden/ChartRasterizerHardware is not supported: GPU does not support conservative rasterization
Unloading 24 Unused Serialized files (Serialized files now loaded: 0)
Unloading 24 unused Assets / (2.6 MB). Loaded Objects now: 7510.
Memory consumption went from 182.9 MB to 180.3 MB.
Total: 4.151917 ms (FindLiveObjects: 0.192625 ms CreateObjectMapping: 0.386667 ms MarkObjects: 3.354791 ms  DeleteObjects: 0.217542 ms)

Prepare: number of updated asset objects reloaded= 0
========================================================================
Received Prepare
AcceleratorClientConnectionCallback - disconnected - :0
Begin MonoManager ReloadAssembly
Thread 0x16c8f7000 may have been prematurely finalized
Native extension for OSXStandalone target not found
Native extension for WebGL target not found
[Package Manager] Failed to launch server process. Reason: Unity was launched with the -noUpm command-line argument
[Package Manager] Unable to send message (not connected to server process).
[Package Manager] Cannot connect to Unity Package Manager local server
[Package Manager] Failed to launch server process. Reason: Unity was launched with the -noUpm command-line argument
[Package Manager] Unable to send message (not connected to server process).
[Package Manager] Cannot connect to Unity Package Manager local server
ScheduleIndexationOnStartup MainProcess:False IndexOnStartup:True
Mono: successfully reloaded assembly
- Finished resetting the current domain, in  0.393 seconds
Domain Reload Profiling: 699ms
	BeginReloadAssembly (111ms)
		DisableScriptedObjects (3ms)
		CreateAndSetChildDomain (39ms)
	RebuildCommonClasses (5ms)
	RebuildNativeTypeToScriptingClass (9ms)
	initialDomainReloadingComplete (19ms)
	LoadAllAssembliesAndSetupDomain (161ms)
		LoadAssemblies (119ms)
		AnalyzeDomain (11ms)
			TypeCache.Refresh (4ms)
			ResolveRequiredComponents (4ms)
	FinalizeReload (393ms)
		SetupLoadedEditorAssemblies (0ms)
			BeforeProcessingInitializeOnLoad (46ms)
			ProcessInitializeOnLoadAttributes (150ms)
			ProcessInitializeOnLoadMethodAttributes (68ms)
		AwakeInstancesAfterBackupRestoration (12ms)
WARNING: Shader Unsupported: 'Universal Render Pipeline/VR/SpatialMapping/Wireframe' - All subshaders removed
WARNING: Shader Did you use #pragma only_renderers and omit this platform?
WARNING: Shader If subshaders removal was intentional, you may have forgotten turning Fallback off?
Shader Hidden/ChartRasterizerHardware is not supported: GPU does not support conservative rasterization
Unloading 24 Unused Serialized files (Serialized files now loaded: 0)
Unloading 6435 unused Assets / (4.6 MB). Loaded Objects now: 7513.
Memory consumption went from 193.7 MB to 189.1 MB.
Total: 6.394667 ms (FindLiveObjects: 0.326292 ms CreateObjectMapping: 1.185042 ms MarkObjects: 3.753084 ms  DeleteObjects: 1.130042 ms)

Prepare: number of updated asset objects reloaded= 0
========================================================================
Received Prepare
AcceleratorClientConnectionCallback - disconnected - :0
WARNING: Shader Unsupported: 'Universal Render Pipeline/VR/SpatialMapping/Wireframe' - All subshaders removed
WARNING: Shader Did you use #pragma only_renderers and omit this platform?
WARNING: Shader If subshaders removal was intentional, you may have forgotten turning Fallback off?
Shader Hidden/ChartRasterizerHardware is not supported: GPU does not support conservative rasterization
Unloading 24 Unused Serialized files (Serialized files now loaded: 0)
Unloading 24 unused Assets / (2.6 MB). Loaded Objects now: 7513.
Memory consumption went from 180.5 MB to 177.9 MB.
Total: 4.430875 ms (FindLiveObjects: 0.171000 ms CreateObjectMapping: 0.363166 ms MarkObjects: 3.673875 ms  DeleteObjects: 0.222583 ms)

Prepare: number of updated asset objects reloaded= 0
